
  .   ____          _            __ _ _
 /\\ / ___'_ __ _ _(_)_ __  __ _ \ \ \ \
( ( )\___ | '_ | '_| | '_ \/ _` | \ \ \ \
 \\/  ___)| |_)| | | | | || (_| |  ) ) ) )
  '  |____| .__|_| |_|_| |_\__, | / / / /
 =========|_|==============|___/=/_/_/_/

 :: Spring Boot ::                (v4.1.0)

2026-08-17T16:04:27.521+05:30  INFO 15732 --- [aplus-kids-api] [           main] l.a.platform.AplusKidsApiApplication     : Starting AplusKidsApiApplication using Java 21.0.11 with PID 15732 (D:\2026\apluskids\aplus_kids_api\target\classes started by slshe in D:\2026\apluskids\aplus_kids_api)
2026-08-17T16:04:27.555+05:30  INFO 15732 --- [aplus-kids-api] [           main] l.a.platform.AplusKidsApiApplication     : No active profile set, falling back to 1 default profile: "default"
2026-08-17T16:04:27.555+05:30 DEBUG 15732 --- [aplus-kids-api] [           main] o.s.boot.SpringApplication               : Loading source class lk.apluskids.platform.AplusKidsApiApplication
2026-08-17T16:04:27.589+05:30 DEBUG 15732 --- [aplus-kids-api] [           main] ConfigServletWebServerApplicationContext : Refreshing org.springframework.boot.web.server.servlet.context.AnnotationConfigServletWebServerApplicationContext@5644dc81
2026-08-17T16:04:28.255+05:30  INFO 15732 --- [aplus-kids-api] [           main] .s.d.r.c.RepositoryConfigurationDelegate : Bootstrapping Spring Data JPA repositories in DEFAULT mode.
2026-08-17T16:04:28.272+05:30 DEBUG 15732 --- [aplus-kids-api] [           main] o.s.b.a.AutoConfigurationPackages        : @EnableAutoConfiguration was declared on a class in the package 'lk.apluskids.platform'. Automatic @Repository and @Entity scanning is enabled.
2026-08-17T16:04:28.390+05:30  INFO 15732 --- [aplus-kids-api] [           main] .s.d.r.c.RepositoryConfigurationDelegate : Finished Spring Data repository scanning in 127 ms. Found 24 JPA repository interfaces.
2026-08-17T16:04:29.006+05:30 DEBUG 15732 --- [aplus-kids-api] [           main] o.s.b.t.s.TomcatServletWebServerFactory  : Code archive: C:\Users\slshe\.m2\repository\org\springframework\boot\spring-boot-web-server\4.1.0\spring-boot-web-server-4.1.0.jar
2026-08-17T16:04:29.006+05:30 DEBUG 15732 --- [aplus-kids-api] [           main] o.s.b.t.s.TomcatServletWebServerFactory  : Code archive: C:\Users\slshe\.m2\repository\org\springframework\boot\spring-boot-web-server\4.1.0\spring-boot-web-server-4.1.0.jar
2026-08-17T16:04:29.006+05:30 DEBUG 15732 --- [aplus-kids-api] [           main] o.s.b.t.s.TomcatServletWebServerFactory  : None of the document roots [src/main/webapp, public, static] point to a directory and will be ignored.
2026-08-17T16:04:29.039+05:30  INFO 15732 --- [aplus-kids-api] [           main] o.s.boot.tomcat.TomcatWebServer          : Tomcat initialized with port 8082 (http)
2026-08-17T16:04:29.057+05:30  INFO 15732 --- [aplus-kids-api] [           main] o.apache.catalina.core.StandardService   : Starting service [Tomcat]
2026-08-17T16:04:29.057+05:30  INFO 15732 --- [aplus-kids-api] [           main] o.apache.catalina.core.StandardEngine    : Starting Servlet engine: [Apache Tomcat/11.0.22]
2026-08-17T16:04:29.122+05:30 DEBUG 15732 --- [aplus-kids-api] [           main] b.w.c.s.WebApplicationContextInitializer : Published root WebApplicationContext as ServletContext attribute with name [org.springframework.web.context.WebApplicationContext.ROOT]
2026-08-17T16:04:29.122+05:30  INFO 15732 --- [aplus-kids-api] [           main] b.w.c.s.WebApplicationContextInitializer : Root WebApplicationContext: initialization completed in 1533 ms
2026-08-17T16:04:29.156+05:30 DEBUG 15732 --- [aplus-kids-api] [           main] o.s.b.w.s.ServletContextInitializerBeans : Mapping filters: forwardedHeaderFilter urls=[/*] order=-2147483648, springSecurityFilterChain urls=[/*] order=-100, characterEncodingFilter urls=[/*] order=-2147483648, formContentFilter urls=[/*] order=-9900, requestContextFilter urls=[/*] order=-105
2026-08-17T16:04:29.156+05:30 DEBUG 15732 --- [aplus-kids-api] [           main] o.s.b.w.s.ServletContextInitializerBeans : Mapping servlets: dispatcherServlet urls=[/]
2026-08-17T16:04:29.172+05:30 DEBUG 15732 --- [aplus-kids-api] [           main] o.s.b.s.f.OrderedRequestContextFilter    : Filter 'requestContextFilter' configured for use
2026-08-17T16:04:29.188+05:30 DEBUG 15732 --- [aplus-kids-api] [           main] o.s.web.filter.ForwardedHeaderFilter     : Filter 'forwardedHeaderFilter' configured for use
2026-08-17T16:04:29.189+05:30 DEBUG 15732 --- [aplus-kids-api] [           main] o.s.b.s.f.OrderedCharacterEncodingFilter : Filter 'characterEncodingFilter' configured for use
2026-08-17T16:04:29.190+05:30 DEBUG 15732 --- [aplus-kids-api] [           main] .DelegatingFilterProxyRegistrationBean$1 : Filter 'springSecurityFilterChain' configured for use
2026-08-17T16:04:29.191+05:30 DEBUG 15732 --- [aplus-kids-api] [           main] o.s.b.s.filter.OrderedFormContentFilter  : Filter 'formContentFilter' configured for use
2026-08-17T16:04:29.390+05:30  INFO 15732 --- [aplus-kids-api] [           main] com.zaxxer.hikari.HikariDataSource       : HikariPool-1 - Starting...
2026-08-17T16:04:29.572+05:30  INFO 15732 --- [aplus-kids-api] [           main] com.zaxxer.hikari.pool.HikariPool        : HikariPool-1 - Added connection org.postgresql.jdbc.PgConnection@2a6fb62f
2026-08-17T16:04:29.572+05:30  INFO 15732 --- [aplus-kids-api] [           main] com.zaxxer.hikari.HikariDataSource       : HikariPool-1 - Start completed.
2026-08-17T16:04:29.598+05:30  INFO 15732 --- [aplus-kids-api] [           main] org.flywaydb.core.FlywayExecutor         : Database: jdbc:postgresql://localhost:5432/aplus_kids (PostgreSQL 18.4)
2026-08-17T16:04:29.716+05:30  INFO 15732 --- [aplus-kids-api] [           main] o.f.core.internal.command.DbValidate     : Successfully validated 42 migrations (execution time 00:00.066s)
2026-08-17T16:04:29.757+05:30  INFO 15732 --- [aplus-kids-api] [           main] o.f.core.internal.command.DbMigrate      : Current version of schema "public": 41
2026-08-17T16:04:29.757+05:30  INFO 15732 --- [aplus-kids-api] [           main] o.f.core.internal.command.DbMigrate      : Schema "public" is up to date. No migration necessary.
2026-08-17T16:04:29.888+05:30  INFO 15732 --- [aplus-kids-api] [           main] org.hibernate.orm.jpa                    : HHH008540: Processing PersistenceUnitInfo [name: default]
2026-08-17T16:04:29.971+05:30  INFO 15732 --- [aplus-kids-api] [           main] org.hibernate.orm.core                   : HHH000001: Hibernate ORM core version 7.4.1.Final
2026-08-17T16:04:30.718+05:30  INFO 15732 --- [aplus-kids-api] [           main] o.s.o.j.p.SpringPersistenceUnitInfo      : No LoadTimeWeaver setup: ignoring JPA class transformer
2026-08-17T16:04:30.805+05:30  INFO 15732 --- [aplus-kids-api] [           main] org.hibernate.orm.connections.pooling    : HHH10001005: Database info:
	Database JDBC URL [jdbc:postgresql://localhost:5432/aplus_kids]
	Database driver: PostgreSQL JDBC Driver
	Database dialect: PostgreSQLDialect
	Database version: 18.4
	Default catalog/schema: aplus_kids/public
	Autocommit mode: undefined/unknown
	Isolation level: READ_COMMITTED [default READ_COMMITTED]
	JDBC fetch size: none
	Pool: DataSourceConnectionProvider
	Minimum pool size: undefined/unknown
	Maximum pool size: undefined/unknown
2026-08-17T16:04:32.209+05:30  INFO 15732 --- [aplus-kids-api] [           main] org.hibernate.orm.core                   : HHH000489: No JTA platform available (set 'hibernate.transaction.jta.platform' to enable JTA platform integration)
2026-08-17T16:04:32.277+05:30  INFO 15732 --- [aplus-kids-api] [           main] j.LocalContainerEntityManagerFactoryBean : Initialized JPA EntityManagerFactory for persistence unit 'default'
2026-08-17T16:04:32.372+05:30  INFO 15732 --- [aplus-kids-api] [           main] o.s.d.j.r.query.QueryEnhancerFactories   : Hibernate is in classpath; If applicable, HQL parser will be used.
2026-08-17T16:04:34.389+05:30 DEBUG 15732 --- [aplus-kids-api] [           main] s.w.s.m.m.a.RequestMappingHandlerMapping : 107 mappings in 'requestMappingHandlerMapping'
2026-08-17T16:04:34.440+05:30 DEBUG 15732 --- [aplus-kids-api] [           main] o.s.w.s.handler.SimpleUrlHandlerMapping  : Patterns [/webjars/**, /**] in 'resourceHandlerMapping'
2026-08-17T16:04:34.476+05:30 DEBUG 15732 --- [aplus-kids-api] [           main] s.w.s.m.m.a.RequestMappingHandlerAdapter : ControllerAdvice beans: 0 @ModelAttribute, 0 @InitBinder, 2 RequestBodyAdvice, 1 ResponseBodyAdvice
2026-08-17T16:04:34.527+05:30 DEBUG 15732 --- [aplus-kids-api] [           main] .m.m.a.ExceptionHandlerExceptionResolver : ControllerAdvice beans: 1 @ExceptionHandler, 1 ResponseBodyAdvice
2026-08-17T16:04:34.705+05:30  INFO 15732 --- [aplus-kids-api] [           main] o.s.boot.tomcat.TomcatWebServer          : Tomcat started on port 8082 (http) with context path '/'
2026-08-17T16:04:34.705+05:30 DEBUG 15732 --- [aplus-kids-api] [           main] .s.b.a.l.ConditionEvaluationReportLogger : 


============================
CONDITIONS EVALUATION REPORT
============================


Positive matches:
-----------------

   AopAutoConfiguration matched:
      - @ConditionalOnBooleanProperty (spring.aop.auto=true) matched (OnPropertyCondition)

   AopAutoConfiguration.AspectJAutoProxyingConfiguration matched:
      - @ConditionalOnClass found required class 'org.aspectj.weaver.Advice' (OnClassCondition)

   AopAutoConfiguration.AspectJAutoProxyingConfiguration.CglibAutoProxyConfiguration matched:
      - @ConditionalOnBooleanProperty (spring.aop.proxy-target-class=true) matched (OnPropertyCondition)

   ApplicationAvailabilityAutoConfiguration#applicationAvailability matched:
      - @ConditionalOnMissingBean (types: org.springframework.boot.availability.ApplicationAvailability; SearchStrategy: all) did not find any beans (OnBeanCondition)

   DataJpaRepositoriesAutoConfiguration matched:
      - @ConditionalOnClass found required class 'org.springframework.data.jpa.repository.JpaRepository' (OnClassCondition)
      - @ConditionalOnBooleanProperty (spring.data.jpa.repositories.enabled=true) matched (OnPropertyCondition)
      - @ConditionalOnBean (types: javax.sql.DataSource; SearchStrategy: all) found bean 'dataSource'; @ConditionalOnMissingBean (types: org.springframework.data.jpa.repository.support.JpaRepositoryFactoryBean,org.springframework.data.jpa.repository.config.JpaRepositoryConfigExtension; SearchStrategy: all) did not find any beans (OnBeanCondition)

   DataSourceAutoConfiguration matched:
      - @ConditionalOnClass found required classes 'javax.sql.DataSource', 'org.springframework.jdbc.datasource.embedded.EmbeddedDatabaseType' (OnClassCondition)
      - @ConditionalOnMissingBean (types: io.r2dbc.spi.ConnectionFactory; SearchStrategy: all) did not find any beans (OnBeanCondition)

   DataSourceAutoConfiguration.PooledDataSourceConfiguration matched:
      - AnyNestedCondition 1 matched 1 did not; NestedCondition on DataSourceAutoConfiguration.PooledDataSourceCondition.PooledDataSourceAvailable PooledDataSource found supported DataSource; NestedCondition on DataSourceAutoConfiguration.PooledDataSourceCondition.ExplicitType @ConditionalOnProperty (spring.datasource.type) did not find property 'spring.datasource.type' (DataSourceAutoConfiguration.PooledDataSourceCondition)
      - @ConditionalOnMissingBean (types: javax.sql.DataSource,javax.sql.XADataSource; SearchStrategy: all) did not find any beans (OnBeanCondition)

   DataSourceAutoConfiguration.PooledDataSourceConfiguration#jdbcConnectionDetails matched:
      - @ConditionalOnMissingBean (types: org.springframework.boot.jdbc.autoconfigure.JdbcConnectionDetails; SearchStrategy: all) did not find any beans (OnBeanCondition)

   DataSourceConfiguration.Hikari matched:
      - @ConditionalOnClass found required class 'com.zaxxer.hikari.HikariDataSource' (OnClassCondition)
      - @ConditionalOnProperty (spring.datasource.type=com.zaxxer.hikari.HikariDataSource) matched (OnPropertyCondition)
      - @ConditionalOnMissingBean (types: javax.sql.DataSource; SearchStrategy: all) did not find any beans (OnBeanCondition)

   DataSourceInitializationAutoConfiguration matched:
      - @ConditionalOnClass found required class 'org.springframework.jdbc.datasource.init.DatabasePopulator' (OnClassCondition)
      - SQL InitializationDatabase Initialization default value is EMBEDDED (OnSqlInitializationCondition)
      - @ConditionalOnSingleCandidate (types: javax.sql.DataSource; SearchStrategy: all) found a single bean 'dataSource'; @ConditionalOnMissingBean (types: org.springframework.boot.sql.autoconfigure.init.ApplicationScriptDatabaseInitializer; SearchStrategy: all) did not find any beans (OnBeanCondition)

   DataSourcePoolMetadataProvidersConfiguration.HikariPoolDataSourceMetadataProviderConfiguration matched:
      - @ConditionalOnClass found required class 'com.zaxxer.hikari.HikariDataSource' (OnClassCondition)

   DataSourceTransactionManagerAutoConfiguration matched:
      - @ConditionalOnClass found required classes 'javax.sql.DataSource', 'org.springframework.jdbc.core.JdbcTemplate', 'org.springframework.transaction.TransactionManager' (OnClassCondition)

   DataSourceTransactionManagerAutoConfiguration.JdbcTransactionManagerConfiguration matched:
      - @ConditionalOnSingleCandidate (types: javax.sql.DataSource; SearchStrategy: all) found a single bean 'dataSource' (OnBeanCondition)

   DataWebAutoConfiguration matched:
      - @ConditionalOnClass found required classes 'org.springframework.data.web.PageableHandlerMethodArgumentResolver', 'org.springframework.web.servlet.config.annotation.WebMvcConfigurer' (OnClassCondition)
      - found 'session' scope (OnWebApplicationCondition)
      - @ConditionalOnMissingBean (types: org.springframework.data.web.PageableHandlerMethodArgumentResolver; SearchStrategy: all) did not find any beans (OnBeanCondition)

   DataWebAutoConfiguration#pageableCustomizer matched:
      - @ConditionalOnMissingBean (types: org.springframework.data.web.config.PageableHandlerMethodArgumentResolverCustomizer; SearchStrategy: all) did not find any beans (OnBeanCondition)

   DataWebAutoConfiguration#sortCustomizer matched:
      - @ConditionalOnMissingBean (types: org.springframework.data.web.config.SortHandlerMethodArgumentResolverCustomizer; SearchStrategy: all) did not find any beans (OnBeanCondition)

   DataWebAutoConfiguration#springDataWebSettings matched:
      - @ConditionalOnMissingBean (types: org.springframework.data.web.config.SpringDataWebSettings; SearchStrategy: all) did not find any beans (OnBeanCondition)

   DefaultTaskSchedulerConfiguration matched:
      - @ConditionalOnMissingBean (names: taskScheduler; SearchStrategy: all) did not find any beans (OnBeanCondition)

   DefaultTaskSchedulerConfiguration#taskScheduler matched:
      - @ConditionalOnBean (types: org.springframework.boot.task.ThreadPoolTaskSchedulerBuilder; SearchStrategy: all) found bean 'threadPoolTaskSchedulerBuilder' (OnBeanCondition)
      - @ConditionalOnThreading found PLATFORM (OnThreadingCondition)

   DispatcherServletAutoConfiguration matched:
      - @ConditionalOnClass found required class 'org.springframework.web.servlet.DispatcherServlet' (OnClassCondition)
      - found 'session' scope (OnWebApplicationCondition)

   DispatcherServletAutoConfiguration.DispatcherServletConfiguration matched:
      - @ConditionalOnClass found required class 'jakarta.servlet.ServletRegistration' (OnClassCondition)
      - Default DispatcherServlet did not find dispatcher servlet beans (DispatcherServletAutoConfiguration.DefaultDispatcherServletCondition)

   DispatcherServletAutoConfiguration.DispatcherServletRegistrationConfiguration matched:
      - @ConditionalOnClass found required class 'jakarta.servlet.ServletRegistration' (OnClassCondition)
      - DispatcherServlet Registration did not find servlet registration bean (DispatcherServletAutoConfiguration.DispatcherServletRegistrationCondition)

   DispatcherServletAutoConfiguration.DispatcherServletRegistrationConfiguration#dispatcherServletRegistration matched:
      - @ConditionalOnBean (names: dispatcherServlet types: org.springframework.web.servlet.DispatcherServlet; SearchStrategy: all) found bean 'dispatcherServlet' (OnBeanCondition)

   ErrorMvcAutoConfiguration matched:
      - @ConditionalOnClass found required classes 'jakarta.servlet.Servlet', 'org.springframework.web.servlet.DispatcherServlet' (OnClassCondition)
      - found 'session' scope (OnWebApplicationCondition)

   ErrorMvcAutoConfiguration#basicErrorController matched:
      - @ConditionalOnMissingBean (types: org.springframework.boot.webmvc.error.ErrorController; SearchStrategy: current) did not find any beans (OnBeanCondition)

   ErrorMvcAutoConfiguration#errorAttributes matched:
      - @ConditionalOnMissingBean (types: org.springframework.boot.webmvc.error.ErrorAttributes; SearchStrategy: current) did not find any beans (OnBeanCondition)

   ErrorMvcAutoConfiguration.DefaultErrorViewResolverConfiguration#conventionErrorViewResolver matched:
      - @ConditionalOnBean (types: org.springframework.web.servlet.DispatcherServlet; SearchStrategy: all) found bean 'dispatcherServlet'; @ConditionalOnMissingBean (types: org.springframework.boot.webmvc.autoconfigure.error.ErrorViewResolver; SearchStrategy: all) did not find any beans (OnBeanCondition)

   ErrorMvcAutoConfiguration.WhitelabelErrorViewConfiguration matched:
      - @ConditionalOnBooleanProperty (spring.web.error.whitelabel.enabled=true) matched (OnPropertyCondition)
      - ErrorTemplate Missing did not find error template view (ErrorMvcAutoConfiguration.ErrorTemplateMissingCondition)

   ErrorMvcAutoConfiguration.WhitelabelErrorViewConfiguration#beanNameViewResolver matched:
      - @ConditionalOnMissingBean (types: org.springframework.web.servlet.view.BeanNameViewResolver; SearchStrategy: all) did not find any beans (OnBeanCondition)

   ErrorMvcAutoConfiguration.WhitelabelErrorViewConfiguration#defaultErrorView matched:
      - @ConditionalOnMissingBean (names: error; SearchStrategy: all) did not find any beans (OnBeanCondition)

   FlywayAutoConfiguration matched:
      - @ConditionalOnClass found required class 'org.flywaydb.core.Flyway' (OnClassCondition)
      - @ConditionalOnBooleanProperty (spring.flyway.enabled=true) matched (OnPropertyCondition)
      - AnyNestedCondition 2 matched 1 did not; NestedCondition on FlywayAutoConfiguration.FlywayDataSourceCondition.FlywayUrlCondition @ConditionalOnProperty (spring.flyway.url) did not find property 'spring.flyway.url'; NestedCondition on FlywayAutoConfiguration.FlywayDataSourceCondition.JdbcConnectionDetailsCondition @ConditionalOnBean (types: org.springframework.boot.jdbc.autoconfigure.JdbcConnectionDetails; SearchStrategy: all) found bean 'jdbcConnectionDetails'; NestedCondition on FlywayAutoConfiguration.FlywayDataSourceCondition.DataSourceBeanCondition @ConditionalOnBean (types: javax.sql.DataSource; SearchStrategy: all) found bean 'dataSource' (FlywayAutoConfiguration.FlywayDataSourceCondition)

   FlywayAutoConfiguration.FlywayConfiguration matched:
      - @ConditionalOnClass found required class 'org.springframework.jdbc.support.JdbcUtils' (OnClassCondition)
      - @ConditionalOnMissingBean (types: org.flywaydb.core.Flyway; SearchStrategy: all) did not find any beans (OnBeanCondition)

   FlywayAutoConfiguration.FlywayConfiguration#flywayConnectionDetails matched:
      - @ConditionalOnMissingBean (types: org.springframework.boot.flyway.autoconfigure.FlywayConnectionDetails; SearchStrategy: all) did not find any beans (OnBeanCondition)

   FlywayAutoConfiguration.FlywayConfiguration#flywayInitializer matched:
      - @ConditionalOnMissingBean (types: org.springframework.boot.flyway.autoconfigure.FlywayMigrationInitializer; SearchStrategy: all) did not find any beans (OnBeanCondition)

   FlywayAutoConfiguration.FlywayConfiguration.PostgresqlConfiguration matched:
      - @ConditionalOnClass found required class 'org.flywaydb.database.postgresql.PostgreSQLConfigurationExtension' (OnClassCondition)

   HibernateJpaAutoConfiguration matched:
      - @ConditionalOnClass found required classes 'org.springframework.orm.jpa.LocalContainerEntityManagerFactoryBean', 'jakarta.persistence.EntityManager', 'org.hibernate.engine.spi.SessionImplementor' (OnClassCondition)

   HibernateJpaConfiguration matched:
      - @ConditionalOnSingleCandidate (types: javax.sql.DataSource; SearchStrategy: all) found a single bean 'dataSource' (OnBeanCondition)

   HttpEncodingAutoConfiguration matched:
      - @ConditionalOnClass found required class 'org.springframework.web.filter.CharacterEncodingFilter' (OnClassCondition)
      - found 'session' scope (OnWebApplicationCondition)
      - @ConditionalOnBooleanProperty (spring.servlet.encoding.enabled=true) matched (OnPropertyCondition)

   HttpEncodingAutoConfiguration#characterEncodingFilter matched:
      - @ConditionalOnMissingBean (types: org.springframework.web.filter.CharacterEncodingFilter; SearchStrategy: all) did not find any beans (OnBeanCondition)

   HttpMessageConvertersAutoConfiguration matched:
      - @ConditionalOnClass found required class 'org.springframework.http.converter.HttpMessageConverter' (OnClassCondition)
      - NoneNestedConditions 0 matched 1 did not; NestedCondition on HttpMessageConvertersAutoConfiguration.NotReactiveWebApplicationCondition.ReactiveWebApplication did not find reactive web application classes (HttpMessageConvertersAutoConfiguration.NotReactiveWebApplicationCondition)

   HttpMessageConvertersAutoConfiguration.StringHttpMessageConverterConfiguration#stringHttpMessageConvertersCustomizer matched:
      - @ConditionalOnMissingBean (types: org.springframework.http.converter.StringHttpMessageConverter; SearchStrategy: all) did not find any beans (OnBeanCondition)

   JacksonAutoConfiguration matched:
      - @ConditionalOnClass found required class 'tools.jackson.databind.json.JsonMapper' (OnClassCondition)

   JacksonAutoConfiguration#jacksonJsonMapper matched:
      - @ConditionalOnMissingBean (types: tools.jackson.databind.json.JsonMapper; SearchStrategy: all) did not find any beans (OnBeanCondition)

   JacksonAutoConfiguration#jsonFactory matched:
      - @ConditionalOnMissingBean (types: tools.jackson.core.json.JsonFactory; SearchStrategy: all) did not find any beans (OnBeanCondition)

   JacksonAutoConfiguration#jsonMapperBuilder matched:
      - @ConditionalOnMissingBean (types: tools.jackson.databind.json.JsonMapper$Builder; SearchStrategy: all) did not find any beans (OnBeanCondition)

   JacksonAutoConfiguration.JsonProblemDetailsConfiguration matched:
      - @ConditionalOnClass found required class 'org.springframework.http.ProblemDetail' (OnClassCondition)

   JacksonHttpMessageConvertersConfiguration.JacksonJsonHttpMessageConverterConfiguration matched:
      - @ConditionalOnClass found required class 'tools.jackson.databind.json.JsonMapper' (OnClassCondition)
      - @ConditionalOnProperty (spring.http.converters.preferred-json-mapper=jackson) matched (OnPropertyCondition)
      - @ConditionalOnBean (types: tools.jackson.databind.json.JsonMapper; SearchStrategy: all) found bean 'jacksonJsonMapper' (OnBeanCondition)

   JacksonHttpMessageConvertersConfiguration.JacksonJsonHttpMessageConverterConfiguration#jacksonJsonHttpMessageConvertersCustomizer matched:
      - @ConditionalOnMissingBean (types: org.springframework.http.converter.json.JacksonJsonHttpMessageConverter ignored: org.springframework.hateoas.server.mvc.TypeConstrainedJacksonJsonHttpMessageConverter,org.springframework.data.rest.webmvc.alps.AlpsJacksonJsonHttpMessageConverter; SearchStrategy: all) did not find any beans (OnBeanCondition)

   JdbcClientAutoConfiguration matched:
      - @ConditionalOnSingleCandidate (types: org.springframework.jdbc.core.namedparam.NamedParameterJdbcTemplate; SearchStrategy: all) found a single bean 'namedParameterJdbcTemplate'; @ConditionalOnMissingBean (types: org.springframework.jdbc.core.simple.JdbcClient; SearchStrategy: all) did not find any beans (OnBeanCondition)

   JdbcTemplateAutoConfiguration matched:
      - @ConditionalOnClass found required classes 'javax.sql.DataSource', 'org.springframework.jdbc.core.JdbcTemplate' (OnClassCondition)
      - @ConditionalOnSingleCandidate (types: javax.sql.DataSource; SearchStrategy: all) found a single bean 'dataSource' (OnBeanCondition)

   JdbcTemplateConfiguration matched:
      - @ConditionalOnMissingBean (types: org.springframework.jdbc.core.JdbcOperations; SearchStrategy: all) did not find any beans (OnBeanCondition)

   JpaBaseConfiguration#entityManagerFactory matched:
      - @ConditionalOnMissingBean (types: org.springframework.orm.jpa.LocalContainerEntityManagerFactoryBean,jakarta.persistence.EntityManagerFactory; SearchStrategy: all) did not find any beans (OnBeanCondition)

   JpaBaseConfiguration#entityManagerFactoryBuilder matched:
      - @ConditionalOnMissingBean (types: org.springframework.boot.jpa.EntityManagerFactoryBuilder; SearchStrategy: all) did not find any beans (OnBeanCondition)

   JpaBaseConfiguration#jpaVendorAdapter matched:
      - @ConditionalOnMissingBean (types: org.springframework.orm.jpa.JpaVendorAdapter; SearchStrategy: all) did not find any beans (OnBeanCondition)

   JpaBaseConfiguration#transactionManager matched:
      - @ConditionalOnMissingBean (types: org.springframework.transaction.TransactionManager; SearchStrategy: all) did not find any beans (OnBeanCondition)

   JpaBaseConfiguration.PersistenceManagedTypesConfiguration matched:
      - @ConditionalOnMissingBean (types: org.springframework.orm.jpa.LocalContainerEntityManagerFactoryBean,jakarta.persistence.EntityManagerFactory; SearchStrategy: all) did not find any beans (OnBeanCondition)

   JpaBaseConfiguration.PersistenceManagedTypesConfiguration#persistenceManagedTypes matched:
      - @ConditionalOnMissingBean (types: org.springframework.orm.jpa.persistenceunit.PersistenceManagedTypes; SearchStrategy: all) did not find any beans (OnBeanCondition)

   JtaAutoConfiguration matched:
      - @ConditionalOnClass found required class 'jakarta.transaction.Transaction' (OnClassCondition)
      - @ConditionalOnBooleanProperty (spring.jta.enabled=true) matched (OnPropertyCondition)

   LifecycleAutoConfiguration#defaultLifecycleProcessor matched:
      - @ConditionalOnMissingBean (names: lifecycleProcessor; SearchStrategy: current) did not find any beans (OnBeanCondition)

   MailSenderAutoConfiguration matched:
      - @ConditionalOnClass found required classes 'jakarta.mail.internet.MimeMessage', 'jakarta.activation.MimeType', 'org.springframework.mail.MailSender' (OnClassCondition)
      - AnyNestedCondition 1 matched 1 did not; NestedCondition on MailSenderAutoConfiguration.MailSenderCondition.JndiNameProperty @ConditionalOnProperty (spring.mail.jndi-name) did not find property 'spring.mail.jndi-name'; NestedCondition on MailSenderAutoConfiguration.MailSenderCondition.HostProperty @ConditionalOnProperty (spring.mail.host) matched (MailSenderAutoConfiguration.MailSenderCondition)
      - @ConditionalOnMissingBean (types: org.springframework.mail.MailSender; SearchStrategy: all) did not find any beans (OnBeanCondition)

   MailSenderPropertiesConfiguration matched:
      - @ConditionalOnProperty (spring.mail.host) matched (OnPropertyCondition)

   MailSenderPropertiesConfiguration#mailSender matched:
      - @ConditionalOnMissingBean (types: org.springframework.mail.javamail.JavaMailSender; SearchStrategy: all) did not find any beans (OnBeanCondition)

   MultipartAutoConfiguration matched:
      - @ConditionalOnClass found required classes 'jakarta.servlet.Servlet', 'org.springframework.web.multipart.support.StandardServletMultipartResolver', 'jakarta.servlet.MultipartConfigElement' (OnClassCondition)
      - found 'session' scope (OnWebApplicationCondition)
      - @ConditionalOnBooleanProperty (spring.servlet.multipart.enabled=true) matched (OnPropertyCondition)

   MultipartAutoConfiguration#multipartConfigElement matched:
      - @ConditionalOnMissingBean (types: jakarta.servlet.MultipartConfigElement; SearchStrategy: all) did not find any beans (OnBeanCondition)

   MultipartAutoConfiguration#multipartResolver matched:
      - @ConditionalOnMissingBean (types: org.springframework.web.multipart.MultipartResolver; SearchStrategy: all) did not find any beans (OnBeanCondition)

   NamedParameterJdbcTemplateConfiguration matched:
      - @ConditionalOnSingleCandidate (types: org.springframework.jdbc.core.JdbcTemplate; SearchStrategy: all) found a single bean 'jdbcTemplate'; @ConditionalOnMissingBean (types: org.springframework.jdbc.core.namedparam.NamedParameterJdbcOperations; SearchStrategy: all) did not find any beans (OnBeanCondition)

   OAuth2ResourceServerAutoConfiguration matched:
      - @ConditionalOnClass found required class 'org.springframework.security.oauth2.server.resource.authentication.BearerTokenAuthenticationToken' (OnClassCondition)

   OpaqueTokenIntrospectionConfiguration matched:
      - @ConditionalOnMissingBean (types: org.springframework.security.oauth2.server.resource.introspection.OpaqueTokenIntrospector; SearchStrategy: all) did not find any beans (OnBeanCondition)

   PersistenceExceptionTranslationAutoConfiguration matched:
      - @ConditionalOnClass found required class 'org.springframework.dao.annotation.PersistenceExceptionTranslationPostProcessor' (OnClassCondition)

   PersistenceExceptionTranslationAutoConfiguration#persistenceExceptionTranslationPostProcessor matched:
      - @ConditionalOnBooleanProperty (spring.persistence.exceptiontranslation.enabled=true) matched (OnPropertyCondition)
      - @ConditionalOnMissingBean (types: org.springframework.dao.annotation.PersistenceExceptionTranslationPostProcessor; SearchStrategy: all) did not find any beans (OnBeanCondition)

   PropertyPlaceholderAutoConfiguration#propertySourcesPlaceholderConfigurer matched:
      - @ConditionalOnMissingBean (types: org.springframework.context.support.PropertySourcesPlaceholderConfigurer; SearchStrategy: current) did not find any beans (OnBeanCondition)

   SecurityAutoConfiguration matched:
      - @ConditionalOnClass found required class 'org.springframework.security.authentication.DefaultAuthenticationEventPublisher' (OnClassCondition)

   SecurityAutoConfiguration#authenticationEventPublisher matched:
      - @ConditionalOnMissingBean (types: org.springframework.security.authentication.AuthenticationEventPublisher; SearchStrategy: all) did not find any beans (OnBeanCondition)

   SecurityFilterAutoConfiguration matched:
      - @ConditionalOnClass found required classes 'org.springframework.security.web.context.AbstractSecurityWebApplicationInitializer', 'org.springframework.security.config.http.SessionCreationPolicy' (OnClassCondition)
      - found 'session' scope (OnWebApplicationCondition)

   SecurityFilterAutoConfiguration#securityFilterChainRegistration matched:
      - @ConditionalOnBean (names: springSecurityFilterChain; SearchStrategy: all) found bean 'springSecurityFilterChain' (OnBeanCondition)

   ServletWebSecurityAutoConfiguration matched:
      - @ConditionalOnClass found required class 'org.springframework.security.config.annotation.web.configuration.EnableWebSecurity' (OnClassCondition)
      - found 'session' scope (OnWebApplicationCondition)

   ServletWebSecurityAutoConfiguration.EnableWebSecurityConfiguration matched:
      - @ConditionalOnClass found required class 'org.springframework.security.config.annotation.web.configuration.EnableWebSecurity' (OnClassCondition)
      - @ConditionalOnMissingBean (names: springSecurityFilterChain; SearchStrategy: all) did not find any beans (OnBeanCondition)

   ServletWebSecurityAutoConfiguration.PathPatternRequestMatcherBuilderConfiguration matched:
      - @ConditionalOnClass found required class 'org.springframework.boot.webmvc.autoconfigure.DispatcherServletPath' (OnClassCondition)
      - @ConditionalOnBean (types: org.springframework.boot.webmvc.autoconfigure.DispatcherServletPath; SearchStrategy: all) found bean 'dispatcherServletRegistration' (OnBeanCondition)

   ServletWebSecurityAutoConfiguration.PathPatternRequestMatcherBuilderConfiguration#pathPatternRequestMatcherBuilder matched:
      - @ConditionalOnMissingBean (types: org.springframework.security.web.servlet.util.matcher.PathPatternRequestMatcher$Builder; SearchStrategy: all) did not find any beans (OnBeanCondition)

   ServletWebServerConfiguration#forwardedHeaderFilter matched:
      - @ConditionalOnProperty (server.forward-headers-strategy=framework) matched (OnPropertyCondition)
      - @ConditionalOnMissingBean (types: org.springframework.web.filter.ForwardedHeaderFilter; SearchStrategy: all) did not find any beans (OnBeanCondition)

   SslAutoConfiguration#sslBundleRegistry matched:
      - @ConditionalOnMissingBean (types: org.springframework.boot.ssl.SslBundleRegistry,org.springframework.boot.ssl.SslBundles; SearchStrategy: all) did not find any beans (OnBeanCondition)

   TaskExecutionAutoConfiguration matched:
      - @ConditionalOnClass found required class 'org.springframework.scheduling.concurrent.ThreadPoolTaskExecutor' (OnClassCondition)

   TaskExecutorConfigurations.AsyncConfigurerConfiguration matched:
      - @ConditionalOnMissingBean (types: org.springframework.scheduling.annotation.AsyncConfigurer; SearchStrategy: all) did not find any beans (OnBeanCondition)

   TaskExecutorConfigurations.SimpleAsyncTaskExecutorBuilderConfiguration#simpleAsyncTaskExecutorBuilder matched:
      - @ConditionalOnMissingBean (types: org.springframework.boot.task.SimpleAsyncTaskExecutorBuilder; SearchStrategy: all) did not find any beans (OnBeanCondition)
      - @ConditionalOnThreading found PLATFORM (OnThreadingCondition)

   TaskExecutorConfigurations.TaskExecutorConfiguration matched:
      - AnyNestedCondition 1 matched 1 did not; NestedCondition on TaskExecutorConfigurations.OnExecutorCondition.ModelCondition @ConditionalOnProperty (spring.task.execution.mode=force) did not find property 'spring.task.execution.mode'; NestedCondition on TaskExecutorConfigurations.OnExecutorCondition.ExecutorBeanCondition @ConditionalOnMissingBean (types: java.util.concurrent.Executor; SearchStrategy: all) did not find any beans (TaskExecutorConfigurations.OnExecutorCondition)

   TaskExecutorConfigurations.TaskExecutorConfiguration#applicationTaskExecutor matched:
      - @ConditionalOnThreading found PLATFORM (OnThreadingCondition)

   TaskExecutorConfigurations.ThreadPoolTaskExecutorBuilderConfiguration#threadPoolTaskExecutorBuilder matched:
      - @ConditionalOnMissingBean (types: org.springframework.boot.task.ThreadPoolTaskExecutorBuilder; SearchStrategy: all) did not find any beans (OnBeanCondition)

   TaskSchedulingAutoConfiguration matched:
      - @ConditionalOnClass found required class 'org.springframework.scheduling.concurrent.ThreadPoolTaskScheduler' (OnClassCondition)

   TaskSchedulingAutoConfiguration#scheduledBeanLazyInitializationExcludeFilter matched:
      - @ConditionalOnBean (names: org.springframework.scheduling.config.internalScheduledAnnotationProcessor; SearchStrategy: all) found bean 'org.springframework.scheduling.config.internalScheduledAnnotationProcessor' (OnBeanCondition)

   TaskSchedulingConfigurations.SimpleAsyncTaskSchedulerBuilderConfiguration#simpleAsyncTaskSchedulerBuilder matched:
      - @ConditionalOnMissingBean (types: org.springframework.boot.task.SimpleAsyncTaskSchedulerBuilder; SearchStrategy: all) did not find any beans (OnBeanCondition)
      - @ConditionalOnThreading found PLATFORM (OnThreadingCondition)

   TaskSchedulingConfigurations.TaskSchedulerConfiguration matched:
      - @ConditionalOnBean (names: org.springframework.scheduling.config.internalScheduledAnnotationProcessor; SearchStrategy: all) found bean 'org.springframework.scheduling.config.internalScheduledAnnotationProcessor'; @ConditionalOnMissingBean (types: org.springframework.scheduling.TaskScheduler,java.util.concurrent.ScheduledExecutorService; SearchStrategy: all) did not find any beans (OnBeanCondition)

   TaskSchedulingConfigurations.ThreadPoolTaskSchedulerBuilderConfiguration#threadPoolTaskSchedulerBuilder matched:
      - @ConditionalOnMissingBean (types: org.springframework.boot.task.ThreadPoolTaskSchedulerBuilder; SearchStrategy: all) did not find any beans (OnBeanCondition)

   TomcatServletWebServerAutoConfiguration matched:
      - @ConditionalOnClass found required classes 'jakarta.servlet.ServletRequest', 'org.apache.catalina.startup.Tomcat', 'org.apache.coyote.UpgradeProtocol', 'org.springframework.boot.tomcat.servlet.TomcatServletWebServerFactory' (OnClassCondition)
      - found 'session' scope (OnWebApplicationCondition)

   TomcatServletWebServerAutoConfiguration#tomcatForwardedHeaderFilterCustomizer matched:
      - @ConditionalOnProperty (server.forward-headers-strategy=framework) matched (OnPropertyCondition)

   TomcatServletWebServerAutoConfiguration#tomcatServletWebServerFactory matched:
      - @ConditionalOnMissingBean (types: org.springframework.boot.web.server.servlet.ServletWebServerFactory; SearchStrategy: current) did not find any beans (OnBeanCondition)

   TomcatWebServerConfiguration matched:
      - @ConditionalOnWarDeployment the application is not deployed as a WAR file. (OnWarDeploymentCondition)

   TomcatWebServerConfiguration.TomcatWebSocketConfiguration matched:
      - @ConditionalOnClass found required class 'org.apache.tomcat.websocket.server.WsSci' (OnClassCondition)

   TransactionAutoConfiguration matched:
      - @ConditionalOnClass found required class 'org.springframework.transaction.PlatformTransactionManager' (OnClassCondition)

   TransactionAutoConfiguration.EnableTransactionManagementConfiguration matched:
      - @ConditionalOnBean (types: org.springframework.transaction.TransactionManager; SearchStrategy: all) found bean 'transactionManager'; @ConditionalOnMissingBean (types: org.springframework.transaction.annotation.AbstractTransactionManagementConfiguration; SearchStrategy: all) did not find any beans (OnBeanCondition)

   TransactionAutoConfiguration.EnableTransactionManagementConfiguration.CglibAutoProxyConfiguration matched:
      - @ConditionalOnBooleanProperty (spring.aop.proxy-target-class=true) matched (OnPropertyCondition)

   TransactionAutoConfiguration.TransactionTemplateConfiguration matched:
      - @ConditionalOnSingleCandidate (types: org.springframework.transaction.PlatformTransactionManager; SearchStrategy: all) found a single bean 'transactionManager' (OnBeanCondition)

   TransactionAutoConfiguration.TransactionTemplateConfiguration#transactionTemplate matched:
      - @ConditionalOnMissingBean (types: org.springframework.transaction.support.TransactionOperations; SearchStrategy: all) did not find any beans (OnBeanCondition)

   TransactionManagerCustomizationAutoConfiguration matched:
      - @ConditionalOnClass found required class 'org.springframework.transaction.PlatformTransactionManager' (OnClassCondition)

   TransactionManagerCustomizationAutoConfiguration#platformTransactionManagerCustomizers matched:
      - @ConditionalOnMissingBean (types: org.springframework.boot.transaction.autoconfigure.TransactionManagerCustomizers; SearchStrategy: all) did not find any beans (OnBeanCondition)

   ValidationAutoConfiguration matched:
      - @ConditionalOnClass found required class 'jakarta.validation.executable.ExecutableValidator' (OnClassCondition)
      - @ConditionalOnResource found location classpath:META-INF/services/jakarta.validation.spi.ValidationProvider (OnResourceCondition)

   ValidationAutoConfiguration#defaultValidator matched:
      - @ConditionalOnMissingBean (types: jakarta.validation.Validator; SearchStrategy: all) did not find any beans (OnBeanCondition)

   ValidationAutoConfiguration#methodValidationPostProcessor matched:
      - @ConditionalOnMissingBean (types: org.springframework.validation.beanvalidation.MethodValidationPostProcessor; SearchStrategy: current) did not find any beans (OnBeanCondition)

   WebMvcAutoConfiguration matched:
      - @ConditionalOnClass found required classes 'jakarta.servlet.Servlet', 'org.springframework.web.servlet.DispatcherServlet', 'org.springframework.web.servlet.config.annotation.WebMvcConfigurer' (OnClassCondition)
      - found 'session' scope (OnWebApplicationCondition)
      - @ConditionalOnMissingBean (types: org.springframework.web.servlet.config.annotation.WebMvcConfigurationSupport; SearchStrategy: all) did not find any beans (OnBeanCondition)

   WebMvcAutoConfiguration#formContentFilter matched:
      - @ConditionalOnBooleanProperty (spring.mvc.formcontent.filter.enabled=true) matched (OnPropertyCondition)
      - @ConditionalOnMissingBean (types: org.springframework.web.filter.FormContentFilter; SearchStrategy: all) did not find any beans (OnBeanCondition)

   WebMvcAutoConfiguration.EnableWebMvcConfiguration#flashMapManager matched:
      - @ConditionalOnMissingBean (names: flashMapManager; SearchStrategy: all) did not find any beans (OnBeanCondition)

   WebMvcAutoConfiguration.EnableWebMvcConfiguration#localeResolver matched:
      - @ConditionalOnMissingBean (names: localeResolver; SearchStrategy: all) did not find any beans (OnBeanCondition)

   WebMvcAutoConfiguration.EnableWebMvcConfiguration#viewNameTranslator matched:
      - @ConditionalOnMissingBean (names: viewNameTranslator; SearchStrategy: all) did not find any beans (OnBeanCondition)

   WebMvcAutoConfiguration.WebMvcAutoConfigurationAdapter#defaultViewResolver matched:
      - @ConditionalOnMissingBean (types: org.springframework.web.servlet.view.InternalResourceViewResolver; SearchStrategy: all) did not find any beans (OnBeanCondition)

   WebMvcAutoConfiguration.WebMvcAutoConfigurationAdapter#requestContextFilter matched:
      - @ConditionalOnMissingBean (types: org.springframework.web.context.request.RequestContextListener,org.springframework.web.filter.RequestContextFilter; SearchStrategy: all) did not find any beans (OnBeanCondition)

   WebMvcAutoConfiguration.WebMvcAutoConfigurationAdapter#viewResolver matched:
      - @ConditionalOnBean (types: org.springframework.web.servlet.ViewResolver; SearchStrategy: all) found beans 'defaultViewResolver', 'beanNameViewResolver', 'mvcViewResolver'; @ConditionalOnMissingBean (names: viewResolver types: org.springframework.web.servlet.view.ContentNegotiatingViewResolver; SearchStrategy: all) did not find any beans (OnBeanCondition)


Negative matches:
-----------------

   AopAutoConfiguration.AspectJAutoProxyingConfiguration.JdkDynamicAutoProxyConfiguration:
      Did not match:
         - @ConditionalOnBooleanProperty (spring.aop.proxy-target-class=false) did not find property 'spring.aop.proxy-target-class' (OnPropertyCondition)

   AopAutoConfiguration.ClassProxyingConfiguration:
      Did not match:
         - @ConditionalOnMissingClass found unwanted class 'org.aspectj.weaver.Advice' (OnClassCondition)

   DataJpaRepositoriesAutoConfiguration#entityManagerFactoryBootstrapExecutorCustomizer:
      Did not match:
         - @ConditionalOnProperty (spring.data.jpa.repositories.bootstrap-mode=deferred) did not find property 'spring.data.jpa.repositories.bootstrap-mode' (OnPropertyCondition)

   DataRepositoryMetricsAutoConfiguration:
      Did not match:
         - @ConditionalOnBean did not find required type 'io.micrometer.core.instrument.MeterRegistry' (OnBeanCondition)

   DataSourceAutoConfiguration.EmbeddedDatabaseConfiguration:
      Did not match:
         - EmbeddedDataSource spring.datasource.url is set (DataSourceAutoConfiguration.EmbeddedDatabaseCondition)

   DataSourceCheckpointRestoreConfiguration:
      Did not match:
         - @ConditionalOnClass did not find required class 'org.crac.Resource' (OnClassCondition)

   DataSourceConfiguration.Dbcp2:
      Did not match:
         - @ConditionalOnClass did not find required class 'org.apache.commons.dbcp2.BasicDataSource' (OnClassCondition)

   DataSourceConfiguration.Generic:
      Did not match:
         - @ConditionalOnProperty (spring.datasource.type) did not find property 'spring.datasource.type' (OnPropertyCondition)

   DataSourceConfiguration.OracleUcp:
      Did not match:
         - @ConditionalOnClass did not find required classes 'oracle.ucp.jdbc.PoolDataSourceImpl', 'oracle.jdbc.OracleConnection' (OnClassCondition)

   DataSourceConfiguration.Tomcat:
      Did not match:
         - @ConditionalOnClass did not find required class 'org.apache.tomcat.jdbc.pool.DataSource' (OnClassCondition)

   DataSourceHealthContributorAutoConfiguration:
      Did not match:
         - @ConditionalOnClass did not find required class 'org.springframework.boot.health.autoconfigure.contributor.ConditionalOnEnabledHealthIndicator' (OnClassCondition)

   DataSourceJmxConfiguration:
      Did not match:
         - @ConditionalOnBooleanProperty (spring.jmx.enabled=true) did not find property 'spring.jmx.enabled' (OnPropertyCondition)

   DataSourcePoolMetadataProvidersConfiguration.CommonsDbcp2PoolDataSourceMetadataProviderConfiguration:
      Did not match:
         - @ConditionalOnClass did not find required class 'org.apache.commons.dbcp2.BasicDataSource' (OnClassCondition)

   DataSourcePoolMetadataProvidersConfiguration.OracleUcpPoolDataSourceMetadataProviderConfiguration:
      Did not match:
         - @ConditionalOnClass did not find required classes 'oracle.ucp.jdbc.PoolDataSource', 'oracle.jdbc.OracleConnection' (OnClassCondition)

   DataSourcePoolMetadataProvidersConfiguration.TomcatDataSourcePoolMetadataProviderConfiguration:
      Did not match:
         - @ConditionalOnClass did not find required class 'org.apache.tomcat.jdbc.pool.DataSource' (OnClassCondition)

   DataSourcePoolMetricsAutoConfiguration:
      Did not match:
         - @ConditionalOnClass did not find required class 'io.micrometer.core.instrument.MeterRegistry' (OnClassCondition)

   DataSourceTransactionManagerAutoConfiguration.JdbcTransactionManagerConfiguration#transactionManager:
      Did not match:
         - @ConditionalOnMissingBean (types: org.springframework.transaction.TransactionManager; SearchStrategy: all) found beans of type 'org.springframework.transaction.TransactionManager' transactionManager (OnBeanCondition)

   DefaultTaskSchedulerConfiguration#taskSchedulerVirtualThreads:
      Did not match:
         - @ConditionalOnThreading did not find VIRTUAL (OnThreadingCondition)
      Matched:
         - @ConditionalOnBean (types: org.springframework.boot.task.SimpleAsyncTaskSchedulerBuilder; SearchStrategy: all) found bean 'simpleAsyncTaskSchedulerBuilder' (OnBeanCondition)

   DispatcherServletAutoConfiguration.DispatcherServletConfiguration#multipartResolver:
      Did not match:
         - @ConditionalOnBean (types: org.springframework.web.multipart.MultipartResolver; SearchStrategy: all) did not find any beans of type org.springframework.web.multipart.MultipartResolver (OnBeanCondition)

   FlywayAutoConfiguration.FlywayConfiguration.OracleConfiguration:
      Did not match:
         - @ConditionalOnClass did not find required class 'org.flywaydb.database.oracle.OracleConfigurationExtension' (OnClassCondition)

   FlywayAutoConfiguration.FlywayConfiguration.SqlServerConfiguration:
      Did not match:
         - @ConditionalOnClass did not find required class 'org.flywaydb.database.sqlserver.SQLServerConfigurationExtension' (OnClassCondition)

   FlywayEndpointAutoConfiguration:
      Did not match:
         - @ConditionalOnClass did not find required class 'org.springframework.boot.actuate.autoconfigure.endpoint.condition.ConditionalOnAvailableEndpoint' (OnClassCondition)

   GsonHttpMessageConvertersConfiguration:
      Did not match:
         - @ConditionalOnClass did not find required class 'com.google.gson.Gson' (OnClassCondition)

   HibernateMetricsAutoConfiguration:
      Did not match:
         - @ConditionalOnClass did not find required class 'io.micrometer.core.instrument.MeterRegistry' (OnClassCondition)

   Jackson2HttpMessageConvertersConfiguration.MappingJackson2HttpMessageConverterConfiguration:
      Did not match:
         - AnyNestedCondition 0 matched 2 did not; NestedCondition on Jackson2HttpMessageConvertersConfiguration.PreferJackson2OrJacksonUnavailableCondition.JacksonUnavailable @ConditionalOnMissingBean (types: org.springframework.boot.http.converter.autoconfigure.JacksonHttpMessageConvertersConfiguration$JacksonJsonHttpMessageConvertersCustomizer; SearchStrategy: all) found beans of type 'org.springframework.boot.http.converter.autoconfigure.JacksonHttpMessageConvertersConfiguration$JacksonJsonHttpMessageConvertersCustomizer' jacksonJsonHttpMessageConvertersCustomizer; NestedCondition on Jackson2HttpMessageConvertersConfiguration.PreferJackson2OrJacksonUnavailableCondition.Jackson2Preferred @ConditionalOnProperty (spring.http.converters.preferred-json-mapper=jackson2) did not find property 'spring.http.converters.preferred-json-mapper' (Jackson2HttpMessageConvertersConfiguration.PreferJackson2OrJacksonUnavailableCondition)
      Matched:
         - @ConditionalOnClass found required class 'com.fasterxml.jackson.databind.ObjectMapper' (OnClassCondition)

   Jackson2HttpMessageConvertersConfiguration.MappingJackson2XmlHttpMessageConverterConfiguration:
      Did not match:
         - @ConditionalOnClass did not find required class 'com.fasterxml.jackson.dataformat.xml.XmlMapper' (OnClassCondition)

   JacksonAutoConfiguration.CborConfiguration:
      Did not match:
         - @ConditionalOnClass did not find required class 'tools.jackson.dataformat.cbor.CBORMapper' (OnClassCondition)

   JacksonAutoConfiguration.XmlConfiguration:
      Did not match:
         - @ConditionalOnClass did not find required class 'tools.jackson.dataformat.xml.XmlMapper' (OnClassCondition)

   JacksonHttpMessageConvertersConfiguration.JacksonXmlHttpMessageConverterConfiguration:
      Did not match:
         - @ConditionalOnClass did not find required class 'tools.jackson.dataformat.xml.XmlMapper' (OnClassCondition)

   JmxAutoConfiguration:
      Did not match:
         - @ConditionalOnBooleanProperty (spring.jmx.enabled=true) did not find property 'spring.jmx.enabled' (OnPropertyCondition)
      Matched:
         - @ConditionalOnClass found required class 'org.springframework.jmx.export.MBeanExporter' (OnClassCondition)

   JndiDataSourceAutoConfiguration:
      Did not match:
         - @ConditionalOnProperty (spring.datasource.jndi-name) did not find property 'spring.datasource.jndi-name' (OnPropertyCondition)
      Matched:
         - @ConditionalOnClass found required classes 'javax.sql.DataSource', 'org.springframework.jdbc.datasource.embedded.EmbeddedDatabaseType' (OnClassCondition)

   JndiJtaConfiguration:
      Did not match:
         - @ConditionalOnJndi JNDI environment is not available (OnJndiCondition)
      Matched:
         - @ConditionalOnClass found required class 'org.springframework.transaction.jta.JtaTransactionManager' (OnClassCondition)

   JpaBaseConfiguration.JpaWebConfiguration:
      Did not match:
         - @ConditionalOnBooleanProperty (spring.jpa.open-in-view=true) found different value in property 'spring.jpa.open-in-view' (OnPropertyCondition)
      Matched:
         - @ConditionalOnClass found required class 'org.springframework.web.servlet.config.annotation.WebMvcConfigurer' (OnClassCondition)
         - found 'session' scope (OnWebApplicationCondition)

   JsonbHttpMessageConvertersConfiguration:
      Did not match:
         - @ConditionalOnClass did not find required class 'jakarta.json.bind.Jsonb' (OnClassCondition)

   JwtConverterConfiguration:
      Did not match:
         - AnyNestedCondition 0 matched 4 did not; NestedCondition on JwtConverterConfiguration.PropertiesCondition.OnAuthoritiesExpressions Authorities claim expressions did not find property spring.security.oauth2.resourceserver.jwt.authorities-claim-expressions; NestedCondition on JwtConverterConfiguration.PropertiesCondition.OnAuthoritiesClaimName @ConditionalOnProperty (spring.security.oauth2.resourceserver.jwt.authorities-claim-name) did not find property 'spring.security.oauth2.resourceserver.jwt.authorities-claim-name'; NestedCondition on JwtConverterConfiguration.PropertiesCondition.OnPrincipalClaimName @ConditionalOnProperty (spring.security.oauth2.resourceserver.jwt.principal-claim-name) did not find property 'spring.security.oauth2.resourceserver.jwt.principal-claim-name'; NestedCondition on JwtConverterConfiguration.PropertiesCondition.OnAuthorityPrefix @ConditionalOnProperty (spring.security.oauth2.resourceserver.jwt.authority-prefix) did not find property 'spring.security.oauth2.resourceserver.jwt.authority-prefix' (JwtConverterConfiguration.PropertiesCondition)
      Matched:
         - @ConditionalOnClass found required class 'org.springframework.security.oauth2.jwt.JwtDecoder' (OnClassCondition)

   JwtDecoderConfiguration:
      Did not match:
         - @ConditionalOnMissingBean (types: org.springframework.security.oauth2.jwt.JwtDecoder; SearchStrategy: all) found beans of type 'org.springframework.security.oauth2.jwt.JwtDecoder' jwtDecoder (OnBeanCondition)
      Matched:
         - @ConditionalOnClass found required class 'org.springframework.security.oauth2.jwt.JwtDecoder' (OnClassCondition)

   KidsChampDemoSeeder:
      Did not match:
         - @ConditionalOnProperty (aplus.kids-champ.demo-seed=true) found different value in property 'aplus.kids-champ.demo-seed' (OnPropertyCondition)

   KotlinSerializationHttpMessageConvertersConfiguration:
      Did not match:
         - @ConditionalOnClass did not find required classes 'kotlinx.serialization.Serializable', 'kotlinx.serialization.json.Json' (OnClassCondition)

   LazyConnectionDataSourceConfiguration:
      Did not match:
         - @ConditionalOnProperty (spring.datasource.connection-fetch=lazy) did not find property 'spring.datasource.connection-fetch' (OnPropertyCondition)

   MailHealthContributorAutoConfiguration:
      Did not match:
         - @ConditionalOnClass did not find required class 'org.springframework.boot.health.autoconfigure.contributor.ConditionalOnEnabledHealthIndicator' (OnClassCondition)

   MailSenderJndiConfiguration:
      Did not match:
         - @ConditionalOnProperty (spring.mail.jndi-name) did not find property 'spring.mail.jndi-name' (OnPropertyCondition)
      Matched:
         - @ConditionalOnClass found required class 'jakarta.mail.Session' (OnClassCondition)

   MailSenderValidatorAutoConfiguration:
      Did not match:
         - @ConditionalOnBooleanProperty (spring.mail.test-connection=true) did not find property 'spring.mail.test-connection' (OnPropertyCondition)

   ManagementWebSecurityAutoConfiguration:
      Did not match:
         - @ConditionalOnClass did not find required class 'org.springframework.boot.actuate.autoconfigure.endpoint.web.WebEndpointAutoConfiguration' (OnClassCondition)

   MessageSourceAutoConfiguration:
      Did not match:
         - ResourceBundle did not find bundle with basename messages (MessageSourceAutoConfiguration.ResourceBundleCondition)

   OAuth2ResourceServerWebSecurityAutoConfiguration:
      Did not match:
         - AllNestedConditions 1 matched 1 did not; NestedCondition on DefaultWebSecurityCondition.Beans @ConditionalOnMissingBean (types: org.springframework.security.web.SecurityFilterChain; SearchStrategy: all) found beans of type 'org.springframework.security.web.SecurityFilterChain' securityFilterChain; NestedCondition on DefaultWebSecurityCondition.Classes @ConditionalOnClass found required classes 'org.springframework.security.web.SecurityFilterChain', 'org.springframework.security.config.annotation.web.builders.HttpSecurity' (DefaultWebSecurityCondition)
      Matched:
         - found 'session' scope (OnWebApplicationCondition)

   OpaqueTokenIntrospectionConfiguration#opaqueTokenIntrospector:
      Did not match:
         - @ConditionalOnProperty (spring.security.oauth2.resourceserver.opaquetoken.introspection-uri) did not find property 'spring.security.oauth2.resourceserver.opaquetoken.introspection-uri' (OnPropertyCondition)

   ProjectInfoAutoConfiguration#buildProperties:
      Did not match:
         - @ConditionalOnResource did not find resource '${spring.info.build.location:classpath:META-INF/build-info.properties}' (OnResourceCondition)

   ProjectInfoAutoConfiguration#gitProperties:
      Did not match:
         - GitResource did not find git info at classpath:git.properties (ProjectInfoAutoConfiguration.GitResourceAvailableCondition)

   RSocketSecurityAutoConfiguration:
      Did not match:
         - @ConditionalOnClass did not find required class 'org.springframework.boot.rsocket.server.RSocketServerCustomizer' (OnClassCondition)

   ReactiveManagementWebSecurityAutoConfiguration:
      Did not match:
         - @ConditionalOnClass did not find required class 'org.springframework.boot.actuate.autoconfigure.endpoint.web.WebEndpointAutoConfiguration' (OnClassCondition)

   ReactiveOAuth2ResourceServerAutoConfiguration:
      Did not match:
         - @ConditionalOnClass did not find required class 'reactor.core.publisher.Mono' (OnClassCondition)

   ReactiveOAuth2ResourceServerWebSecurityAutoConfiguration:
      Did not match:
         - @ConditionalOnWebApplication did not find reactive web application classes (OnWebApplicationCondition)

   ReactiveUserDetailsServiceAutoConfiguration:
      Did not match:
         - AnyNestedCondition 0 matched 3 did not; NestedCondition on MissingAlternativeUserDetailsManagerOrUserPropertiesConfigured.PasswordConfigured @ConditionalOnProperty (spring.security.user.password) did not find property 'spring.security.user.password'; NestedCondition on MissingAlternativeUserDetailsManagerOrUserPropertiesConfigured.NameConfigured @ConditionalOnProperty (spring.security.user.name) did not find property 'spring.security.user.name'; NestedCondition on MissingAlternativeUserDetailsManagerOrUserPropertiesConfigured.MissingAlternative @ConditionalOnMissingClass found unwanted class 'org.springframework.security.oauth2.server.resource.introspection.OpaqueTokenIntrospector' (MissingAlternativeUserDetailsManagerOrUserPropertiesConfigured)
      Matched:
         - @ConditionalOnClass found required class 'org.springframework.security.authentication.ReactiveAuthenticationManager' (OnClassCondition)

   ReactiveWebSecurityAutoConfiguration:
      Did not match:
         - @ConditionalOnClass did not find required class 'reactor.core.publisher.Flux' (OnClassCondition)

   SecurityAutoConfiguration.SecurityDataConfiguration:
      Did not match:
         - @ConditionalOnClass did not find required class 'org.springframework.security.data.repository.query.SecurityEvaluationContextExtension' (OnClassCondition)

   ServletHttpExchangesAutoConfiguration:
      Did not match:
         - @ConditionalOnBean did not find required type 'org.springframework.boot.actuate.web.exchanges.HttpExchangeRepository' (OnBeanCondition)

   ServletManagementContextAutoConfiguration:
      Did not match:
         - @ConditionalOnClass did not find required class 'org.springframework.boot.actuate.autoconfigure.endpoint.web.WebEndpointProperties' (OnClassCondition)

   ServletMappingsAutoConfiguration:
      Did not match:
         - @ConditionalOnClass did not find required class 'org.springframework.boot.actuate.autoconfigure.endpoint.condition.ConditionalOnAvailableEndpoint' (OnClassCondition)

   ServletWebSecurityAutoConfiguration.SecurityFilterChainConfiguration:
      Did not match:
         - AllNestedConditions 1 matched 1 did not; NestedCondition on DefaultWebSecurityCondition.Beans @ConditionalOnMissingBean (types: org.springframework.security.web.SecurityFilterChain; SearchStrategy: all) found beans of type 'org.springframework.security.web.SecurityFilterChain' securityFilterChain; NestedCondition on DefaultWebSecurityCondition.Classes @ConditionalOnClass found required classes 'org.springframework.security.web.SecurityFilterChain', 'org.springframework.security.config.annotation.web.builders.HttpSecurity' (DefaultWebSecurityCondition)

   SpringApplicationAdminJmxAutoConfiguration:
      Did not match:
         - @ConditionalOnBooleanProperty (spring.application.admin.enabled=true) did not find property 'spring.application.admin.enabled' (OnPropertyCondition)

   TaskExecutorConfigurations.AsyncConfigurerWrapperConfiguration:
      Did not match:
         - @ConditionalOnBean (types: org.springframework.scheduling.annotation.AsyncConfigurer; SearchStrategy: all) did not find any beans of type org.springframework.scheduling.annotation.AsyncConfigurer (OnBeanCondition)

   TaskExecutorConfigurations.SimpleAsyncTaskExecutorBuilderConfiguration#simpleAsyncTaskExecutorBuilderVirtualThreads:
      Did not match:
         - @ConditionalOnMissingBean (types: org.springframework.boot.task.SimpleAsyncTaskExecutorBuilder; SearchStrategy: all) found beans of type 'org.springframework.boot.task.SimpleAsyncTaskExecutorBuilder' simpleAsyncTaskExecutorBuilder (OnBeanCondition)

   TaskExecutorConfigurations.TaskExecutorConfiguration#applicationTaskExecutorVirtualThreads:
      Did not match:
         - @ConditionalOnThreading did not find VIRTUAL (OnThreadingCondition)

   TaskExecutorConfigurations.TaskExecutorContextPropagationConfiguration:
      Did not match:
         - @ConditionalOnClass did not find required class 'io.micrometer.context.ContextSnapshot' (OnClassCondition)

   TaskSchedulingConfigurations.SimpleAsyncTaskSchedulerBuilderConfiguration#simpleAsyncTaskSchedulerBuilderVirtualThreads:
      Did not match:
         - @ConditionalOnMissingBean (types: org.springframework.boot.task.SimpleAsyncTaskSchedulerBuilder; SearchStrategy: all) found beans of type 'org.springframework.boot.task.SimpleAsyncTaskSchedulerBuilder' simpleAsyncTaskSchedulerBuilder (OnBeanCondition)

   TomcatMetricsAutoConfiguration:
      Did not match:
         - @ConditionalOnClass did not find required class 'io.micrometer.core.instrument.binder.tomcat.TomcatMetrics' (OnClassCondition)

   TomcatReactiveManagementContextAutoConfiguration:
      Did not match:
         - @ConditionalOnClass did not find required class 'org.springframework.boot.actuate.autoconfigure.web.server.ManagementContextFactory' (OnClassCondition)

   TomcatReactiveWebServerAutoConfiguration:
      Did not match:
         - @ConditionalOnWebApplication did not find reactive web application classes (OnWebApplicationCondition)

   TomcatServletManagementContextAutoConfiguration:
      Did not match:
         - @ConditionalOnClass did not find required class 'org.springframework.boot.actuate.autoconfigure.web.server.ManagementContextFactory' (OnClassCondition)

   TomcatWebServerConfiguration#tomcatVirtualThreadsProtocolHandlerCustomizer:
      Did not match:
         - @ConditionalOnThreading did not find VIRTUAL (OnThreadingCondition)

   TransactionAutoConfiguration#transactionalOperator:
      Did not match:
         - @ConditionalOnSingleCandidate (types: org.springframework.transaction.ReactiveTransactionManager; SearchStrategy: all) did not find any beans (OnBeanCondition)

   TransactionAutoConfiguration.AspectJTransactionManagementConfiguration:
      Did not match:
         - @ConditionalOnBean (types: org.springframework.transaction.aspectj.AbstractTransactionAspect; SearchStrategy: all) did not find any beans of type org.springframework.transaction.aspectj.AbstractTransactionAspect (OnBeanCondition)

   TransactionAutoConfiguration.EnableTransactionManagementConfiguration.JdkDynamicAutoProxyConfiguration:
      Did not match:
         - @ConditionalOnBooleanProperty (spring.aop.proxy-target-class=false) did not find property 'spring.aop.proxy-target-class' (OnPropertyCondition)

   UserDetailsServiceAutoConfiguration:
      Did not match:
         - AnyNestedCondition 0 matched 3 did not; NestedCondition on MissingAlternativeUserDetailsManagerOrUserPropertiesConfigured.PasswordConfigured @ConditionalOnProperty (spring.security.user.password) did not find property 'spring.security.user.password'; NestedCondition on MissingAlternativeUserDetailsManagerOrUserPropertiesConfigured.NameConfigured @ConditionalOnProperty (spring.security.user.name) did not find property 'spring.security.user.name'; NestedCondition on MissingAlternativeUserDetailsManagerOrUserPropertiesConfigured.MissingAlternative @ConditionalOnMissingClass found unwanted class 'org.springframework.security.oauth2.server.resource.introspection.OpaqueTokenIntrospector' (MissingAlternativeUserDetailsManagerOrUserPropertiesConfigured)
      Matched:
         - @ConditionalOnClass found required class 'org.springframework.security.authentication.AuthenticationManager' (OnClassCondition)
         - found 'session' scope (OnWebApplicationCondition)

   WebMvcAutoConfiguration#hiddenHttpMethodFilter:
      Did not match:
         - @ConditionalOnBooleanProperty (spring.mvc.hiddenmethod.filter.enabled=true) did not find property 'spring.mvc.hiddenmethod.filter.enabled' (OnPropertyCondition)

   WebMvcAutoConfiguration.ProblemDetailsErrorHandlingConfiguration:
      Did not match:
         - @ConditionalOnBooleanProperty (spring.mvc.problemdetails.enabled=true) did not find property 'spring.mvc.problemdetails.enabled' (OnPropertyCondition)

   WebMvcAutoConfiguration.ResourceChainCustomizerConfiguration:
      Did not match:
         - @ConditionalOnEnabledResourceChain did not find class org.webjars.WebJarVersionLocator (OnEnabledResourceChainCondition)

   WebMvcAutoConfiguration.WebMvcAutoConfigurationAdapter#beanNameViewResolver:
      Did not match:
         - @ConditionalOnMissingBean (types: org.springframework.web.servlet.view.BeanNameViewResolver; SearchStrategy: all) found beans of type 'org.springframework.web.servlet.view.BeanNameViewResolver' beanNameViewResolver (OnBeanCondition)

   WebMvcHealthEndpointExtensionAutoConfiguration:
      Did not match:
         - @ConditionalOnClass did not find required class 'org.springframework.boot.health.actuate.endpoint.HealthEndpoint' (OnClassCondition)

   WebMvcMappingsAutoConfiguration:
      Did not match:
         - @ConditionalOnClass did not find required class 'org.springframework.boot.actuate.autoconfigure.endpoint.condition.ConditionalOnAvailableEndpoint' (OnClassCondition)

   WebMvcObservationAutoConfiguration:
      Did not match:
         - @ConditionalOnClass did not find required class 'org.springframework.boot.micrometer.observation.autoconfigure.ObservationProperties' (OnClassCondition)

   XADataSourceAutoConfiguration:
      Did not match:
         - @ConditionalOnBean (types: org.springframework.boot.jdbc.XADataSourceWrapper; SearchStrategy: all) did not find any beans of type org.springframework.boot.jdbc.XADataSourceWrapper (OnBeanCondition)
      Matched:
         - @ConditionalOnClass found required classes 'javax.sql.DataSource', 'jakarta.transaction.TransactionManager', 'org.springframework.jdbc.datasource.embedded.EmbeddedDatabaseType' (OnClassCondition)


Exclusions:
-----------

    None


Unconditional classes:
----------------------

    org.springframework.boot.autoconfigure.context.ConfigurationPropertiesAutoConfiguration

    org.springframework.boot.autoconfigure.ssl.SslAutoConfiguration

    org.springframework.boot.autoconfigure.context.LifecycleAutoConfiguration

    org.springframework.boot.autoconfigure.context.PropertyPlaceholderAutoConfiguration

    org.springframework.boot.autoconfigure.availability.ApplicationAvailabilityAutoConfiguration

    org.springframework.boot.autoconfigure.info.ProjectInfoAutoConfiguration



2026-08-17T16:04:34.726+05:30  INFO 15732 --- [aplus-kids-api] [           main] l.a.platform.AplusKidsApiApplication     : Started AplusKidsApiApplication in 8.621 seconds (process running for 8.97)
2026-08-17T16:04:34.726+05:30 DEBUG 15732 --- [aplus-kids-api] [           main] o.s.b.a.ApplicationAvailabilityBean      : Application availability state LivenessState changed to CORRECT
2026-08-17T16:04:34.732+05:30 DEBUG 15732 --- [aplus-kids-api] [           main] o.s.b.a.ApplicationAvailabilityBean      : Application availability state ReadinessState changed to ACCEPTING_TRAFFIC
2026-08-17T16:04:34.755+05:30 DEBUG 15732 --- [aplus-kids-api] [   scheduling-1] org.hibernate.SQL                        : select kcwace1_0.id,kcwace1_0.access_token_encrypted,kcwace1_0.business_account_id,kcwace1_0.graph_api_version,kcwace1_0.last_test_message,kcwace1_0.last_test_status,kcwace1_0.last_tested_at,kcwace1_0.phone_number_id,kcwace1_0.updated_at from kids_champ_whatsapp_config kcwace1_0 where kcwace1_0.id=?
2026-08-17T16:04:34.855+05:30 DEBUG 15732 --- [aplus-kids-api] [   scheduling-1] org.hibernate.SQL                        : select kcmre1_0.id,kcmre1_0.attempts,kcmre1_0.campaign_id,kcmre1_0.delivered_at,kcmre1_0.destination,kcmre1_0.failure_reason,kcmre1_0.last_attempt_at,kcmre1_0.next_attempt_at,kcmre1_0.participant_name,kcmre1_0.participant_reference,kcmre1_0.provider_message_id,kcmre1_0.read_at,kcmre1_0.rendered_message,kcmre1_0.sent_at,kcmre1_0.status,kcmre1_0.template_language_code,kcmre1_0.template_name,kcmre1_0.template_parameters from kids_champ_message_recipients kcmre1_0 where kcmre1_0.status=? and kcmre1_0.next_attempt_at<=? order by kcmre1_0.id fetch first ? rows only for no key update of kcmre1_0
2026-08-17T16:04:34.870+05:30 DEBUG 15732 --- [aplus-kids-api] [   scheduling-1] org.hibernate.SQL                        : select kcmre1_0.id,kcmre1_0.attempts,kcmre1_0.campaign_id,kcmre1_0.delivered_at,kcmre1_0.destination,kcmre1_0.failure_reason,kcmre1_0.last_attempt_at,kcmre1_0.next_attempt_at,kcmre1_0.participant_name,kcmre1_0.participant_reference,kcmre1_0.provider_message_id,kcmre1_0.read_at,kcmre1_0.rendered_message,kcmre1_0.sent_at,kcmre1_0.status,kcmre1_0.template_language_code,kcmre1_0.template_name,kcmre1_0.template_parameters from kids_champ_message_recipients kcmre1_0 where kcmre1_0.status=? and kcmre1_0.last_attempt_at<?
2026-08-17T16:04:35.872+05:30 DEBUG 15732 --- [aplus-kids-api] [   scheduling-1] org.hibernate.SQL                        : select kcwace1_0.id,kcwace1_0.access_token_encrypted,kcwace1_0.business_account_id,kcwace1_0.graph_api_version,kcwace1_0.last_test_message,kcwace1_0.last_test_status,kcwace1_0.last_tested_at,kcwace1_0.phone_number_id,kcwace1_0.updated_at from kids_champ_whatsapp_config kcwace1_0 where kcwace1_0.id=?
2026-08-17T16:04:36.889+05:30 DEBUG 15732 --- [aplus-kids-api] [   scheduling-1] org.hibernate.SQL                        : select kcwace1_0.id,kcwace1_0.access_token_encrypted,kcwace1_0.business_account_id,kcwace1_0.graph_api_version,kcwace1_0.last_test_message,kcwace1_0.last_test_status,kcwace1_0.last_tested_at,kcwace1_0.phone_number_id,kcwace1_0.updated_at from kids_champ_whatsapp_config kcwace1_0 where kcwace1_0.id=?
2026-08-17T16:04:36.889+05:30 DEBUG 15732 --- [aplus-kids-api] [   scheduling-1] org.hibernate.SQL                        : select kcmre1_0.id,kcmre1_0.attempts,kcmre1_0.campaign_id,kcmre1_0.delivered_at,kcmre1_0.destination,kcmre1_0.failure_reason,kcmre1_0.last_attempt_at,kcmre1_0.next_attempt_at,kcmre1_0.participant_name,kcmre1_0.participant_reference,kcmre1_0.provider_message_id,kcmre1_0.read_at,kcmre1_0.rendered_message,kcmre1_0.sent_at,kcmre1_0.status,kcmre1_0.template_language_code,kcmre1_0.template_name,kcmre1_0.template_parameters from kids_champ_message_recipients kcmre1_0 where kcmre1_0.status=? and kcmre1_0.next_attempt_at<=? order by kcmre1_0.id fetch first ? rows only for no key update of kcmre1_0
2026-08-17T16:04:37.905+05:30 DEBUG 15732 --- [aplus-kids-api] [   scheduling-1] org.hibernate.SQL                        : select kcwace1_0.id,kcwace1_0.access_token_encrypted,kcwace1_0.business_account_id,kcwace1_0.graph_api_version,kcwace1_0.last_test_message,kcwace1_0.last_test_status,kcwace1_0.last_tested_at,kcwace1_0.phone_number_id,kcwace1_0.updated_at from kids_champ_whatsapp_config kcwace1_0 where kcwace1_0.id=?
2026-08-17T16:04:38.922+05:30 DEBUG 15732 --- [aplus-kids-api] [   scheduling-1] org.hibernate.SQL                        : select kcwace1_0.id,kcwace1_0.access_token_encrypted,kcwace1_0.business_account_id,kcwace1_0.graph_api_version,kcwace1_0.last_test_message,kcwace1_0.last_test_status,kcwace1_0.last_tested_at,kcwace1_0.phone_number_id,kcwace1_0.updated_at from kids_champ_whatsapp_config kcwace1_0 where kcwace1_0.id=?
2026-08-17T16:04:38.922+05:30 DEBUG 15732 --- [aplus-kids-api] [   scheduling-1] org.hibernate.SQL                        : select kcmre1_0.id,kcmre1_0.attempts,kcmre1_0.campaign_id,kcmre1_0.delivered_at,kcmre1_0.destination,kcmre1_0.failure_reason,kcmre1_0.last_attempt_at,kcmre1_0.next_attempt_at,kcmre1_0.participant_name,kcmre1_0.participant_reference,kcmre1_0.provider_message_id,kcmre1_0.read_at,kcmre1_0.rendered_message,kcmre1_0.sent_at,kcmre1_0.status,kcmre1_0.template_language_code,kcmre1_0.template_name,kcmre1_0.template_parameters from kids_champ_message_recipients kcmre1_0 where kcmre1_0.status=? and kcmre1_0.next_attempt_at<=? order by kcmre1_0.id fetch first ? rows only for no key update of kcmre1_0
2026-08-17T16:04:39.939+05:30 DEBUG 15732 --- [aplus-kids-api] [   scheduling-1] org.hibernate.SQL                        : select kcwace1_0.id,kcwace1_0.access_token_encrypted,kcwace1_0.business_account_id,kcwace1_0.graph_api_version,kcwace1_0.last_test_message,kcwace1_0.last_test_status,kcwace1_0.last_tested_at,kcwace1_0.phone_number_id,kcwace1_0.updated_at from kids_champ_whatsapp_config kcwace1_0 where kcwace1_0.id=?
2026-08-17T16:04:40.955+05:30 DEBUG 15732 --- [aplus-kids-api] [   scheduling-1] org.hibernate.SQL                        : select kcwace1_0.id,kcwace1_0.access_token_encrypted,kcwace1_0.business_account_id,kcwace1_0.graph_api_version,kcwace1_0.last_test_message,kcwace1_0.last_test_status,kcwace1_0.last_tested_at,kcwace1_0.phone_number_id,kcwace1_0.updated_at from kids_champ_whatsapp_config kcwace1_0 where kcwace1_0.id=?
2026-08-17T16:04:41.972+05:30 DEBUG 15732 --- [aplus-kids-api] [   scheduling-1] org.hibernate.SQL                        : select kcwace1_0.id,kcwace1_0.access_token_encrypted,kcwace1_0.business_account_id,kcwace1_0.graph_api_version,kcwace1_0.last_test_message,kcwace1_0.last_test_status,kcwace1_0.last_tested_at,kcwace1_0.phone_number_id,kcwace1_0.updated_at from kids_champ_whatsapp_config kcwace1_0 where kcwace1_0.id=?
2026-08-17T16:04:42.989+05:30 DEBUG 15732 --- [aplus-kids-api] [   scheduling-1] org.hibernate.SQL                        : select kcwace1_0.id,kcwace1_0.access_token_encrypted,kcwace1_0.business_account_id,kcwace1_0.graph_api_version,kcwace1_0.last_test_message,kcwace1_0.last_test_status,kcwace1_0.last_tested_at,kcwace1_0.phone_number_id,kcwace1_0.updated_at from kids_champ_whatsapp_config kcwace1_0 where kcwace1_0.id=?
2026-08-17T16:04:44.007+05:30 DEBUG 15732 --- [aplus-kids-api] [   scheduling-1] org.hibernate.SQL                        : select kcwace1_0.id,kcwace1_0.access_token_encrypted,kcwace1_0.business_account_id,kcwace1_0.graph_api_version,kcwace1_0.last_test_message,kcwace1_0.last_test_status,kcwace1_0.last_tested_at,kcwace1_0.phone_number_id,kcwace1_0.updated_at from kids_champ_whatsapp_config kcwace1_0 where kcwace1_0.id=?
2026-08-17T16:04:45.023+05:30 DEBUG 15732 --- [aplus-kids-api] [   scheduling-1] org.hibernate.SQL                        : select kcwace1_0.id,kcwace1_0.access_token_encrypted,kcwace1_0.business_account_id,kcwace1_0.graph_api_version,kcwace1_0.last_test_message,kcwace1_0.last_test_status,kcwace1_0.last_tested_at,kcwace1_0.phone_number_id,kcwace1_0.updated_at from kids_champ_whatsapp_config kcwace1_0 where kcwace1_0.id=?
2026-08-17T16:04:46.039+05:30 DEBUG 15732 --- [aplus-kids-api] [   scheduling-1] org.hibernate.SQL                        : select kcwace1_0.id,kcwace1_0.access_token_encrypted,kcwace1_0.business_account_id,kcwace1_0.graph_api_version,kcwace1_0.last_test_message,kcwace1_0.last_test_status,kcwace1_0.last_tested_at,kcwace1_0.phone_number_id,kcwace1_0.updated_at from kids_champ_whatsapp_config kcwace1_0 where kcwace1_0.id=?
2026-08-17T16:04:47.057+05:30 DEBUG 15732 --- [aplus-kids-api] [   scheduling-1] org.hibernate.SQL                        : select kcwace1_0.id,kcwace1_0.access_token_encrypted,kcwace1_0.business_account_id,kcwace1_0.graph_api_version,kcwace1_0.last_test_message,kcwace1_0.last_test_status,kcwace1_0.last_tested_at,kcwace1_0.phone_number_id,kcwace1_0.updated_at from kids_champ_whatsapp_config kcwace1_0 where kcwace1_0.id=?
2026-08-17T16:04:48.073+05:30 DEBUG 15732 --- [aplus-kids-api] [   scheduling-1] org.hibernate.SQL                        : select kcwace1_0.id,kcwace1_0.access_token_encrypted,kcwace1_0.business_account_id,kcwace1_0.graph_api_version,kcwace1_0.last_test_message,kcwace1_0.last_test_status,kcwace1_0.last_tested_at,kcwace1_0.phone_number_id,kcwace1_0.updated_at from kids_champ_whatsapp_config kcwace1_0 where kcwace1_0.id=?
2026-08-17T16:04:49.090+05:30 DEBUG 15732 --- [aplus-kids-api] [   scheduling-1] org.hibernate.SQL                        : select kcwace1_0.id,kcwace1_0.access_token_encrypted,kcwace1_0.business_account_id,kcwace1_0.graph_api_version,kcwace1_0.last_test_message,kcwace1_0.last_test_status,kcwace1_0.last_tested_at,kcwace1_0.phone_number_id,kcwace1_0.updated_at from kids_champ_whatsapp_config kcwace1_0 where kcwace1_0.id=?
2026-08-17T16:04:49.092+05:30 DEBUG 15732 --- [aplus-kids-api] [   scheduling-1] org.hibernate.SQL                        : select kcmre1_0.id,kcmre1_0.attempts,kcmre1_0.campaign_id,kcmre1_0.delivered_at,kcmre1_0.destination,kcmre1_0.failure_reason,kcmre1_0.last_attempt_at,kcmre1_0.next_attempt_at,kcmre1_0.participant_name,kcmre1_0.participant_reference,kcmre1_0.provider_message_id,kcmre1_0.read_at,kcmre1_0.rendered_message,kcmre1_0.sent_at,kcmre1_0.status,kcmre1_0.template_language_code,kcmre1_0.template_name,kcmre1_0.template_parameters from kids_champ_message_recipients kcmre1_0 where kcmre1_0.status=? and kcmre1_0.next_attempt_at<=? order by kcmre1_0.id fetch first ? rows only for no key update of kcmre1_0
2026-08-17T16:04:50.105+05:30 DEBUG 15732 --- [aplus-kids-api] [   scheduling-1] org.hibernate.SQL                        : select kcwace1_0.id,kcwace1_0.access_token_encrypted,kcwace1_0.business_account_id,kcwace1_0.graph_api_version,kcwace1_0.last_test_message,kcwace1_0.last_test_status,kcwace1_0.last_tested_at,kcwace1_0.phone_number_id,kcwace1_0.updated_at from kids_champ_whatsapp_config kcwace1_0 where kcwace1_0.id=?
2026-08-17T16:04:51.122+05:30 DEBUG 15732 --- [aplus-kids-api] [   scheduling-1] org.hibernate.SQL                        : select kcwace1_0.id,kcwace1_0.access_token_encrypted,kcwace1_0.business_account_id,kcwace1_0.graph_api_version,kcwace1_0.last_test_message,kcwace1_0.last_test_status,kcwace1_0.last_tested_at,kcwace1_0.phone_number_id,kcwace1_0.updated_at from kids_champ_whatsapp_config kcwace1_0 where kcwace1_0.id=?
2026-08-17T16:04:52.138+05:30 DEBUG 15732 --- [aplus-kids-api] [   scheduling-1] org.hibernate.SQL                        : select kcwace1_0.id,kcwace1_0.access_token_encrypted,kcwace1_0.business_account_id,kcwace1_0.graph_api_version,kcwace1_0.last_test_message,kcwace1_0.last_test_status,kcwace1_0.last_tested_at,kcwace1_0.phone_number_id,kcwace1_0.updated_at from kids_champ_whatsapp_config kcwace1_0 where kcwace1_0.id=?
2026-08-17T16:04:52.205+05:30  INFO 15732 --- [aplus-kids-api] [nio-8082-exec-1] o.a.c.c.C.[Tomcat].[localhost].[/]       : Initializing Spring DispatcherServlet 'dispatcherServlet'
2026-08-17T16:04:52.205+05:30  INFO 15732 --- [aplus-kids-api] [nio-8082-exec-1] o.s.web.servlet.DispatcherServlet        : Initializing Servlet 'dispatcherServlet'
2026-08-17T16:04:52.205+05:30 DEBUG 15732 --- [aplus-kids-api] [nio-8082-exec-1] o.s.web.servlet.DispatcherServlet        : Detected StandardServletMultipartResolver
2026-08-17T16:04:52.205+05:30 DEBUG 15732 --- [aplus-kids-api] [nio-8082-exec-1] o.s.web.servlet.DispatcherServlet        : Detected AcceptHeaderLocaleResolver
2026-08-17T16:04:52.205+05:30 DEBUG 15732 --- [aplus-kids-api] [nio-8082-exec-1] o.s.web.servlet.DispatcherServlet        : Detected org.springframework.web.servlet.view.DefaultRequestToViewNameTranslator@7d7a0e06
2026-08-17T16:04:52.205+05:30 DEBUG 15732 --- [aplus-kids-api] [nio-8082-exec-1] o.s.web.servlet.DispatcherServlet        : Detected org.springframework.web.servlet.support.SessionFlashMapManager@64bcd98a
2026-08-17T16:04:52.205+05:30 DEBUG 15732 --- [aplus-kids-api] [nio-8082-exec-1] o.s.web.servlet.DispatcherServlet        : enableLoggingRequestDetails='false': request parameters and headers will be masked to prevent unsafe logging of potentially sensitive data
2026-08-17T16:04:52.205+05:30  INFO 15732 --- [aplus-kids-api] [nio-8082-exec-1] o.s.web.servlet.DispatcherServlet        : Completed initialization in 0 ms
2026-08-17T16:04:52.223+05:30 DEBUG 15732 --- [aplus-kids-api] [nio-8082-exec-1] o.s.web.servlet.DispatcherServlet        : GET "/api/v1/health", parameters={}
2026-08-17T16:04:52.238+05:30 DEBUG 15732 --- [aplus-kids-api] [nio-8082-exec-1] s.w.s.m.m.a.RequestMappingHandlerMapping : Mapped to lk.apluskids.platform.common.DatabaseHealthController#health()
2026-08-17T16:04:52.238+05:30 DEBUG 15732 --- [aplus-kids-api] [nio-8082-exec-1] o.s.jdbc.core.JdbcTemplate               : Executing SQL query [SELECT 1]
2026-08-17T16:04:52.255+05:30 DEBUG 15732 --- [aplus-kids-api] [nio-8082-exec-1] m.m.a.RequestResponseBodyMethodProcessor : Using 'application/json', given [*/*] and supported [application/json, application/*+json]
2026-08-17T16:04:52.255+05:30 DEBUG 15732 --- [aplus-kids-api] [nio-8082-exec-1] m.m.a.RequestResponseBodyMethodProcessor : Writing [HealthResponse[status=UP]]
2026-08-17T16:04:52.270+05:30 DEBUG 15732 --- [aplus-kids-api] [nio-8082-exec-1] o.s.web.servlet.DispatcherServlet        : Completed 200 OK
2026-08-17T16:04:53.155+05:30 DEBUG 15732 --- [aplus-kids-api] [   scheduling-1] org.hibernate.SQL                        : select kcwace1_0.id,kcwace1_0.access_token_encrypted,kcwace1_0.business_account_id,kcwace1_0.graph_api_version,kcwace1_0.last_test_message,kcwace1_0.last_test_status,kcwace1_0.last_tested_at,kcwace1_0.phone_number_id,kcwace1_0.updated_at from kids_champ_whatsapp_config kcwace1_0 where kcwace1_0.id=?
2026-08-17T16:04:54.172+05:30 DEBUG 15732 --- [aplus-kids-api] [   scheduling-1] org.hibernate.SQL                        : select kcwace1_0.id,kcwace1_0.access_token_encrypted,kcwace1_0.business_account_id,kcwace1_0.graph_api_version,kcwace1_0.last_test_message,kcwace1_0.last_test_status,kcwace1_0.last_tested_at,kcwace1_0.phone_number_id,kcwace1_0.updated_at from kids_champ_whatsapp_config kcwace1_0 where kcwace1_0.id=?
2026-08-17T16:04:55.188+05:30 DEBUG 15732 --- [aplus-kids-api] [   scheduling-1] org.hibernate.SQL                        : select kcwace1_0.id,kcwace1_0.access_token_encrypted,kcwace1_0.business_account_id,kcwace1_0.graph_api_version,kcwace1_0.last_test_message,kcwace1_0.last_test_status,kcwace1_0.last_tested_at,kcwace1_0.phone_number_id,kcwace1_0.updated_at from kids_champ_whatsapp_config kcwace1_0 where kcwace1_0.id=?
2026-08-17T16:04:56.205+05:30 DEBUG 15732 --- [aplus-kids-api] [   scheduling-1] org.hibernate.SQL                        : select kcwace1_0.id,kcwace1_0.access_token_encrypted,kcwace1_0.business_account_id,kcwace1_0.graph_api_version,kcwace1_0.last_test_message,kcwace1_0.last_test_status,kcwace1_0.last_tested_at,kcwace1_0.phone_number_id,kcwace1_0.updated_at from kids_champ_whatsapp_config kcwace1_0 where kcwace1_0.id=?
2026-08-17T16:04:57.221+05:30 DEBUG 15732 --- [aplus-kids-api] [   scheduling-1] org.hibernate.SQL                        : select kcwace1_0.id,kcwace1_0.access_token_encrypted,kcwace1_0.business_account_id,kcwace1_0.graph_api_version,kcwace1_0.last_test_message,kcwace1_0.last_test_status,kcwace1_0.last_tested_at,kcwace1_0.phone_number_id,kcwace1_0.updated_at from kids_champ_whatsapp_config kcwace1_0 where kcwace1_0.id=?
2026-08-17T16:04:58.239+05:30 DEBUG 15732 --- [aplus-kids-api] [   scheduling-1] org.hibernate.SQL                        : select kcwace1_0.id,kcwace1_0.access_token_encrypted,kcwace1_0.business_account_id,kcwace1_0.graph_api_version,kcwace1_0.last_test_message,kcwace1_0.last_test_status,kcwace1_0.last_tested_at,kcwace1_0.phone_number_id,kcwace1_0.updated_at from kids_champ_whatsapp_config kcwace1_0 where kcwace1_0.id=?
2026-08-17T16:04:59.255+05:30 DEBUG 15732 --- [aplus-kids-api] [   scheduling-1] org.hibernate.SQL                        : select kcwace1_0.id,kcwace1_0.access_token_encrypted,kcwace1_0.business_account_id,kcwace1_0.graph_api_version,kcwace1_0.last_test_message,kcwace1_0.last_test_status,kcwace1_0.last_tested_at,kcwace1_0.phone_number_id,kcwace1_0.updated_at from kids_champ_whatsapp_config kcwace1_0 where kcwace1_0.id=?
2026-08-17T16:04:59.255+05:30 DEBUG 15732 --- [aplus-kids-api] [   scheduling-1] org.hibernate.SQL                        : select kcmre1_0.id,kcmre1_0.attempts,kcmre1_0.campaign_id,kcmre1_0.delivered_at,kcmre1_0.destination,kcmre1_0.failure_reason,kcmre1_0.last_attempt_at,kcmre1_0.next_attempt_at,kcmre1_0.participant_name,kcmre1_0.participant_reference,kcmre1_0.provider_message_id,kcmre1_0.read_at,kcmre1_0.rendered_message,kcmre1_0.sent_at,kcmre1_0.status,kcmre1_0.template_language_code,kcmre1_0.template_name,kcmre1_0.template_parameters from kids_champ_message_recipients kcmre1_0 where kcmre1_0.status=? and kcmre1_0.next_attempt_at<=? order by kcmre1_0.id fetch first ? rows only for no key update of kcmre1_0
2026-08-17T16:05:00.271+05:30 DEBUG 15732 --- [aplus-kids-api] [   scheduling-1] org.hibernate.SQL                        : select kcwace1_0.id,kcwace1_0.access_token_encrypted,kcwace1_0.business_account_id,kcwace1_0.graph_api_version,kcwace1_0.last_test_message,kcwace1_0.last_test_status,kcwace1_0.last_tested_at,kcwace1_0.phone_number_id,kcwace1_0.updated_at from kids_champ_whatsapp_config kcwace1_0 where kcwace1_0.id=?
2026-08-17T16:05:01.288+05:30 DEBUG 15732 --- [aplus-kids-api] [   scheduling-1] org.hibernate.SQL                        : select kcwace1_0.id,kcwace1_0.access_token_encrypted,kcwace1_0.business_account_id,kcwace1_0.graph_api_version,kcwace1_0.last_test_message,kcwace1_0.last_test_status,kcwace1_0.last_tested_at,kcwace1_0.phone_number_id,kcwace1_0.updated_at from kids_champ_whatsapp_config kcwace1_0 where kcwace1_0.id=?
2026-08-17T16:05:01.288+05:30 DEBUG 15732 --- [aplus-kids-api] [   scheduling-1] org.hibernate.SQL                        : select kcmre1_0.id,kcmre1_0.attempts,kcmre1_0.campaign_id,kcmre1_0.delivered_at,kcmre1_0.destination,kcmre1_0.failure_reason,kcmre1_0.last_attempt_at,kcmre1_0.next_attempt_at,kcmre1_0.participant_name,kcmre1_0.participant_reference,kcmre1_0.provider_message_id,kcmre1_0.read_at,kcmre1_0.rendered_message,kcmre1_0.sent_at,kcmre1_0.status,kcmre1_0.template_language_code,kcmre1_0.template_name,kcmre1_0.template_parameters from kids_champ_message_recipients kcmre1_0 where kcmre1_0.status=? and kcmre1_0.next_attempt_at<=? order by kcmre1_0.id fetch first ? rows only for no key update of kcmre1_0
2026-08-17T16:05:02.305+05:30 DEBUG 15732 --- [aplus-kids-api] [   scheduling-1] org.hibernate.SQL                        : select kcwace1_0.id,kcwace1_0.access_token_encrypted,kcwace1_0.business_account_id,kcwace1_0.graph_api_version,kcwace1_0.last_test_message,kcwace1_0.last_test_status,kcwace1_0.last_tested_at,kcwace1_0.phone_number_id,kcwace1_0.updated_at from kids_champ_whatsapp_config kcwace1_0 where kcwace1_0.id=?
2026-08-17T16:05:03.321+05:30 DEBUG 15732 --- [aplus-kids-api] [   scheduling-1] org.hibernate.SQL                        : select kcwace1_0.id,kcwace1_0.access_token_encrypted,kcwace1_0.business_account_id,kcwace1_0.graph_api_version,kcwace1_0.last_test_message,kcwace1_0.last_test_status,kcwace1_0.last_tested_at,kcwace1_0.phone_number_id,kcwace1_0.updated_at from kids_champ_whatsapp_config kcwace1_0 where kcwace1_0.id=?
2026-08-17T16:05:03.321+05:30 DEBUG 15732 --- [aplus-kids-api] [   scheduling-1] org.hibernate.SQL                        : select kcmre1_0.id,kcmre1_0.attempts,kcmre1_0.campaign_id,kcmre1_0.delivered_at,kcmre1_0.destination,kcmre1_0.failure_reason,kcmre1_0.last_attempt_at,kcmre1_0.next_attempt_at,kcmre1_0.participant_name,kcmre1_0.participant_reference,kcmre1_0.provider_message_id,kcmre1_0.read_at,kcmre1_0.rendered_message,kcmre1_0.sent_at,kcmre1_0.status,kcmre1_0.template_language_code,kcmre1_0.template_name,kcmre1_0.template_parameters from kids_champ_message_recipients kcmre1_0 where kcmre1_0.status=? and kcmre1_0.next_attempt_at<=? order by kcmre1_0.id fetch first ? rows only for no key update of kcmre1_0
2026-08-17T16:05:04.340+05:30 DEBUG 15732 --- [aplus-kids-api] [   scheduling-1] org.hibernate.SQL                        : select kcwace1_0.id,kcwace1_0.access_token_encrypted,kcwace1_0.business_account_id,kcwace1_0.graph_api_version,kcwace1_0.last_test_message,kcwace1_0.last_test_status,kcwace1_0.last_tested_at,kcwace1_0.phone_number_id,kcwace1_0.updated_at from kids_champ_whatsapp_config kcwace1_0 where kcwace1_0.id=?
2026-08-17T16:05:05.355+05:30 DEBUG 15732 --- [aplus-kids-api] [   scheduling-1] org.hibernate.SQL                        : select kcwace1_0.id,kcwace1_0.access_token_encrypted,kcwace1_0.business_account_id,kcwace1_0.graph_api_version,kcwace1_0.last_test_message,kcwace1_0.last_test_status,kcwace1_0.last_tested_at,kcwace1_0.phone_number_id,kcwace1_0.updated_at from kids_champ_whatsapp_config kcwace1_0 where kcwace1_0.id=?
2026-08-17T16:05:06.371+05:30 DEBUG 15732 --- [aplus-kids-api] [   scheduling-1] org.hibernate.SQL                        : select kcwace1_0.id,kcwace1_0.access_token_encrypted,kcwace1_0.business_account_id,kcwace1_0.graph_api_version,kcwace1_0.last_test_message,kcwace1_0.last_test_status,kcwace1_0.last_tested_at,kcwace1_0.phone_number_id,kcwace1_0.updated_at from kids_champ_whatsapp_config kcwace1_0 where kcwace1_0.id=?
2026-08-17T16:05:07.388+05:30 DEBUG 15732 --- [aplus-kids-api] [   scheduling-1] org.hibernate.SQL                        : select kcwace1_0.id,kcwace1_0.access_token_encrypted,kcwace1_0.business_account_id,kcwace1_0.graph_api_version,kcwace1_0.last_test_message,kcwace1_0.last_test_status,kcwace1_0.last_tested_at,kcwace1_0.phone_number_id,kcwace1_0.updated_at from kids_champ_whatsapp_config kcwace1_0 where kcwace1_0.id=?
2026-08-17T16:05:08.404+05:30 DEBUG 15732 --- [aplus-kids-api] [   scheduling-1] org.hibernate.SQL                        : select kcwace1_0.id,kcwace1_0.access_token_encrypted,kcwace1_0.business_account_id,kcwace1_0.graph_api_version,kcwace1_0.last_test_message,kcwace1_0.last_test_status,kcwace1_0.last_tested_at,kcwace1_0.phone_number_id,kcwace1_0.updated_at from kids_champ_whatsapp_config kcwace1_0 where kcwace1_0.id=?
2026-08-17T16:05:09.415+05:30 DEBUG 15732 --- [aplus-kids-api] [   scheduling-1] org.hibernate.SQL                        : select kcwace1_0.id,kcwace1_0.access_token_encrypted,kcwace1_0.business_account_id,kcwace1_0.graph_api_version,kcwace1_0.last_test_message,kcwace1_0.last_test_status,kcwace1_0.last_tested_at,kcwace1_0.phone_number_id,kcwace1_0.updated_at from kids_champ_whatsapp_config kcwace1_0 where kcwace1_0.id=?
2026-08-17T16:05:10.431+05:30 DEBUG 15732 --- [aplus-kids-api] [   scheduling-1] org.hibernate.SQL                        : select kcwace1_0.id,kcwace1_0.access_token_encrypted,kcwace1_0.business_account_id,kcwace1_0.graph_api_version,kcwace1_0.last_test_message,kcwace1_0.last_test_status,kcwace1_0.last_tested_at,kcwace1_0.phone_number_id,kcwace1_0.updated_at from kids_champ_whatsapp_config kcwace1_0 where kcwace1_0.id=?
2026-08-17T16:05:10.431+05:30 DEBUG 15732 --- [aplus-kids-api] [   scheduling-1] org.hibernate.SQL                        : select kcmre1_0.id,kcmre1_0.attempts,kcmre1_0.campaign_id,kcmre1_0.delivered_at,kcmre1_0.destination,kcmre1_0.failure_reason,kcmre1_0.last_attempt_at,kcmre1_0.next_attempt_at,kcmre1_0.participant_name,kcmre1_0.participant_reference,kcmre1_0.provider_message_id,kcmre1_0.read_at,kcmre1_0.rendered_message,kcmre1_0.sent_at,kcmre1_0.status,kcmre1_0.template_language_code,kcmre1_0.template_name,kcmre1_0.template_parameters from kids_champ_message_recipients kcmre1_0 where kcmre1_0.status=? and kcmre1_0.next_attempt_at<=? order by kcmre1_0.id fetch first ? rows only for no key update of kcmre1_0
2026-08-17T16:05:11.449+05:30 DEBUG 15732 --- [aplus-kids-api] [   scheduling-1] org.hibernate.SQL                        : select kcwace1_0.id,kcwace1_0.access_token_encrypted,kcwace1_0.business_account_id,kcwace1_0.graph_api_version,kcwace1_0.last_test_message,kcwace1_0.last_test_status,kcwace1_0.last_tested_at,kcwace1_0.phone_number_id,kcwace1_0.updated_at from kids_champ_whatsapp_config kcwace1_0 where kcwace1_0.id=?
2026-08-17T16:05:12.466+05:30 DEBUG 15732 --- [aplus-kids-api] [   scheduling-1] org.hibernate.SQL                        : select kcwace1_0.id,kcwace1_0.access_token_encrypted,kcwace1_0.business_account_id,kcwace1_0.graph_api_version,kcwace1_0.last_test_message,kcwace1_0.last_test_status,kcwace1_0.last_tested_at,kcwace1_0.phone_number_id,kcwace1_0.updated_at from kids_champ_whatsapp_config kcwace1_0 where kcwace1_0.id=?
2026-08-17T16:05:13.483+05:30 DEBUG 15732 --- [aplus-kids-api] [   scheduling-1] org.hibernate.SQL                        : select kcwace1_0.id,kcwace1_0.access_token_encrypted,kcwace1_0.business_account_id,kcwace1_0.graph_api_version,kcwace1_0.last_test_message,kcwace1_0.last_test_status,kcwace1_0.last_tested_at,kcwace1_0.phone_number_id,kcwace1_0.updated_at from kids_champ_whatsapp_config kcwace1_0 where kcwace1_0.id=?
2026-08-17T16:05:14.502+05:30 DEBUG 15732 --- [aplus-kids-api] [   scheduling-1] org.hibernate.SQL                        : select kcwace1_0.id,kcwace1_0.access_token_encrypted,kcwace1_0.business_account_id,kcwace1_0.graph_api_version,kcwace1_0.last_test_message,kcwace1_0.last_test_status,kcwace1_0.last_tested_at,kcwace1_0.phone_number_id,kcwace1_0.updated_at from kids_champ_whatsapp_config kcwace1_0 where kcwace1_0.id=?
2026-08-17T16:05:15.518+05:30 DEBUG 15732 --- [aplus-kids-api] [   scheduling-1] org.hibernate.SQL                        : select kcwace1_0.id,kcwace1_0.access_token_encrypted,kcwace1_0.business_account_id,kcwace1_0.graph_api_version,kcwace1_0.last_test_message,kcwace1_0.last_test_status,kcwace1_0.last_tested_at,kcwace1_0.phone_number_id,kcwace1_0.updated_at from kids_champ_whatsapp_config kcwace1_0 where kcwace1_0.id=?
2026-08-17T16:05:15.521+05:30 DEBUG 15732 --- [aplus-kids-api] [   scheduling-1] org.hibernate.SQL                        : select kcmre1_0.id,kcmre1_0.attempts,kcmre1_0.campaign_id,kcmre1_0.delivered_at,kcmre1_0.destination,kcmre1_0.failure_reason,kcmre1_0.last_attempt_at,kcmre1_0.next_attempt_at,kcmre1_0.participant_name,kcmre1_0.participant_reference,kcmre1_0.provider_message_id,kcmre1_0.read_at,kcmre1_0.rendered_message,kcmre1_0.sent_at,kcmre1_0.status,kcmre1_0.template_language_code,kcmre1_0.template_name,kcmre1_0.template_parameters from kids_champ_message_recipients kcmre1_0 where kcmre1_0.status=? and kcmre1_0.next_attempt_at<=? order by kcmre1_0.id fetch first ? rows only for no key update of kcmre1_0
2026-08-17T16:05:16.535+05:30 DEBUG 15732 --- [aplus-kids-api] [   scheduling-1] org.hibernate.SQL                        : select kcwace1_0.id,kcwace1_0.access_token_encrypted,kcwace1_0.business_account_id,kcwace1_0.graph_api_version,kcwace1_0.last_test_message,kcwace1_0.last_test_status,kcwace1_0.last_tested_at,kcwace1_0.phone_number_id,kcwace1_0.updated_at from kids_champ_whatsapp_config kcwace1_0 where kcwace1_0.id=?
2026-08-17T16:05:17.554+05:30 DEBUG 15732 --- [aplus-kids-api] [   scheduling-1] org.hibernate.SQL                        : select kcwace1_0.id,kcwace1_0.access_token_encrypted,kcwace1_0.business_account_id,kcwace1_0.graph_api_version,kcwace1_0.last_test_message,kcwace1_0.last_test_status,kcwace1_0.last_tested_at,kcwace1_0.phone_number_id,kcwace1_0.updated_at from kids_champ_whatsapp_config kcwace1_0 where kcwace1_0.id=?
2026-08-17T16:05:18.571+05:30 DEBUG 15732 --- [aplus-kids-api] [   scheduling-1] org.hibernate.SQL                        : select kcwace1_0.id,kcwace1_0.access_token_encrypted,kcwace1_0.business_account_id,kcwace1_0.graph_api_version,kcwace1_0.last_test_message,kcwace1_0.last_test_status,kcwace1_0.last_tested_at,kcwace1_0.phone_number_id,kcwace1_0.updated_at from kids_champ_whatsapp_config kcwace1_0 where kcwace1_0.id=?
2026-08-17T16:05:19.586+05:30 DEBUG 15732 --- [aplus-kids-api] [   scheduling-1] org.hibernate.SQL                        : select kcwace1_0.id,kcwace1_0.access_token_encrypted,kcwace1_0.business_account_id,kcwace1_0.graph_api_version,kcwace1_0.last_test_message,kcwace1_0.last_test_status,kcwace1_0.last_tested_at,kcwace1_0.phone_number_id,kcwace1_0.updated_at from kids_champ_whatsapp_config kcwace1_0 where kcwace1_0.id=?
2026-08-17T16:05:20.604+05:30 DEBUG 15732 --- [aplus-kids-api] [   scheduling-1] org.hibernate.SQL                        : select kcwace1_0.id,kcwace1_0.access_token_encrypted,kcwace1_0.business_account_id,kcwace1_0.graph_api_version,kcwace1_0.last_test_message,kcwace1_0.last_test_status,kcwace1_0.last_tested_at,kcwace1_0.phone_number_id,kcwace1_0.updated_at from kids_champ_whatsapp_config kcwace1_0 where kcwace1_0.id=?
2026-08-17T16:05:21.620+05:30 DEBUG 15732 --- [aplus-kids-api] [   scheduling-1] org.hibernate.SQL                        : select kcwace1_0.id,kcwace1_0.access_token_encrypted,kcwace1_0.business_account_id,kcwace1_0.graph_api_version,kcwace1_0.last_test_message,kcwace1_0.last_test_status,kcwace1_0.last_tested_at,kcwace1_0.phone_number_id,kcwace1_0.updated_at from kids_champ_whatsapp_config kcwace1_0 where kcwace1_0.id=?
2026-08-17T16:05:22.637+05:30 DEBUG 15732 --- [aplus-kids-api] [   scheduling-1] org.hibernate.SQL                        : select kcwace1_0.id,kcwace1_0.access_token_encrypted,kcwace1_0.business_account_id,kcwace1_0.graph_api_version,kcwace1_0.last_test_message,kcwace1_0.last_test_status,kcwace1_0.last_tested_at,kcwace1_0.phone_number_id,kcwace1_0.updated_at from kids_champ_whatsapp_config kcwace1_0 where kcwace1_0.id=?
2026-08-17T16:05:22.637+05:30 DEBUG 15732 --- [aplus-kids-api] [   scheduling-1] org.hibernate.SQL                        : select kcmre1_0.id,kcmre1_0.attempts,kcmre1_0.campaign_id,kcmre1_0.delivered_at,kcmre1_0.destination,kcmre1_0.failure_reason,kcmre1_0.last_attempt_at,kcmre1_0.next_attempt_at,kcmre1_0.participant_name,kcmre1_0.participant_reference,kcmre1_0.provider_message_id,kcmre1_0.read_at,kcmre1_0.rendered_message,kcmre1_0.sent_at,kcmre1_0.status,kcmre1_0.template_language_code,kcmre1_0.template_name,kcmre1_0.template_parameters from kids_champ_message_recipients kcmre1_0 where kcmre1_0.status=? and kcmre1_0.next_attempt_at<=? order by kcmre1_0.id fetch first ? rows only for no key update of kcmre1_0
2026-08-17T16:05:23.654+05:30 DEBUG 15732 --- [aplus-kids-api] [   scheduling-1] org.hibernate.SQL                        : select kcwace1_0.id,kcwace1_0.access_token_encrypted,kcwace1_0.business_account_id,kcwace1_0.graph_api_version,kcwace1_0.last_test_message,kcwace1_0.last_test_status,kcwace1_0.last_tested_at,kcwace1_0.phone_number_id,kcwace1_0.updated_at from kids_champ_whatsapp_config kcwace1_0 where kcwace1_0.id=?
2026-08-17T16:05:24.670+05:30 DEBUG 15732 --- [aplus-kids-api] [   scheduling-1] org.hibernate.SQL                        : select kcwace1_0.id,kcwace1_0.access_token_encrypted,kcwace1_0.business_account_id,kcwace1_0.graph_api_version,kcwace1_0.last_test_message,kcwace1_0.last_test_status,kcwace1_0.last_tested_at,kcwace1_0.phone_number_id,kcwace1_0.updated_at from kids_champ_whatsapp_config kcwace1_0 where kcwace1_0.id=?
2026-08-17T16:05:25.688+05:30 DEBUG 15732 --- [aplus-kids-api] [   scheduling-1] org.hibernate.SQL                        : select kcwace1_0.id,kcwace1_0.access_token_encrypted,kcwace1_0.business_account_id,kcwace1_0.graph_api_version,kcwace1_0.last_test_message,kcwace1_0.last_test_status,kcwace1_0.last_tested_at,kcwace1_0.phone_number_id,kcwace1_0.updated_at from kids_champ_whatsapp_config kcwace1_0 where kcwace1_0.id=?
2026-08-17T16:05:26.704+05:30 DEBUG 15732 --- [aplus-kids-api] [   scheduling-1] org.hibernate.SQL                        : select kcwace1_0.id,kcwace1_0.access_token_encrypted,kcwace1_0.business_account_id,kcwace1_0.graph_api_version,kcwace1_0.last_test_message,kcwace1_0.last_test_status,kcwace1_0.last_tested_at,kcwace1_0.phone_number_id,kcwace1_0.updated_at from kids_champ_whatsapp_config kcwace1_0 where kcwace1_0.id=?
2026-08-17T16:05:26.704+05:30 DEBUG 15732 --- [aplus-kids-api] [   scheduling-1] org.hibernate.SQL                        : select kcmre1_0.id,kcmre1_0.attempts,kcmre1_0.campaign_id,kcmre1_0.delivered_at,kcmre1_0.destination,kcmre1_0.failure_reason,kcmre1_0.last_attempt_at,kcmre1_0.next_attempt_at,kcmre1_0.participant_name,kcmre1_0.participant_reference,kcmre1_0.provider_message_id,kcmre1_0.read_at,kcmre1_0.rendered_message,kcmre1_0.sent_at,kcmre1_0.status,kcmre1_0.template_language_code,kcmre1_0.template_name,kcmre1_0.template_parameters from kids_champ_message_recipients kcmre1_0 where kcmre1_0.status=? and kcmre1_0.next_attempt_at<=? order by kcmre1_0.id fetch first ? rows only for no key update of kcmre1_0
2026-08-17T16:05:27.721+05:30 DEBUG 15732 --- [aplus-kids-api] [   scheduling-1] org.hibernate.SQL                        : select kcwace1_0.id,kcwace1_0.access_token_encrypted,kcwace1_0.business_account_id,kcwace1_0.graph_api_version,kcwace1_0.last_test_message,kcwace1_0.last_test_status,kcwace1_0.last_tested_at,kcwace1_0.phone_number_id,kcwace1_0.updated_at from kids_champ_whatsapp_config kcwace1_0 where kcwace1_0.id=?
2026-08-17T16:05:28.737+05:30 DEBUG 15732 --- [aplus-kids-api] [   scheduling-1] org.hibernate.SQL                        : select kcwace1_0.id,kcwace1_0.access_token_encrypted,kcwace1_0.business_account_id,kcwace1_0.graph_api_version,kcwace1_0.last_test_message,kcwace1_0.last_test_status,kcwace1_0.last_tested_at,kcwace1_0.phone_number_id,kcwace1_0.updated_at from kids_champ_whatsapp_config kcwace1_0 where kcwace1_0.id=?
2026-08-17T16:05:29.756+05:30 DEBUG 15732 --- [aplus-kids-api] [   scheduling-1] org.hibernate.SQL                        : select kcwace1_0.id,kcwace1_0.access_token_encrypted,kcwace1_0.business_account_id,kcwace1_0.graph_api_version,kcwace1_0.last_test_message,kcwace1_0.last_test_status,kcwace1_0.last_tested_at,kcwace1_0.phone_number_id,kcwace1_0.updated_at from kids_champ_whatsapp_config kcwace1_0 where kcwace1_0.id=?
2026-08-17T16:05:29.759+05:30 DEBUG 15732 --- [aplus-kids-api] [   scheduling-1] org.hibernate.SQL                        : select kcmre1_0.id,kcmre1_0.attempts,kcmre1_0.campaign_id,kcmre1_0.delivered_at,kcmre1_0.destination,kcmre1_0.failure_reason,kcmre1_0.last_attempt_at,kcmre1_0.next_attempt_at,kcmre1_0.participant_name,kcmre1_0.participant_reference,kcmre1_0.provider_message_id,kcmre1_0.read_at,kcmre1_0.rendered_message,kcmre1_0.sent_at,kcmre1_0.status,kcmre1_0.template_language_code,kcmre1_0.template_name,kcmre1_0.template_parameters from kids_champ_message_recipients kcmre1_0 where kcmre1_0.status=? and kcmre1_0.next_attempt_at<=? order by kcmre1_0.id fetch first ? rows only for no key update of kcmre1_0
2026-08-17T16:05:30.773+05:30 DEBUG 15732 --- [aplus-kids-api] [   scheduling-1] org.hibernate.SQL                        : select kcwace1_0.id,kcwace1_0.access_token_encrypted,kcwace1_0.business_account_id,kcwace1_0.graph_api_version,kcwace1_0.last_test_message,kcwace1_0.last_test_status,kcwace1_0.last_tested_at,kcwace1_0.phone_number_id,kcwace1_0.updated_at from kids_champ_whatsapp_config kcwace1_0 where kcwace1_0.id=?
2026-08-17T16:05:31.783+05:30 DEBUG 15732 --- [aplus-kids-api] [   scheduling-1] org.hibernate.SQL                        : select kcwace1_0.id,kcwace1_0.access_token_encrypted,kcwace1_0.business_account_id,kcwace1_0.graph_api_version,kcwace1_0.last_test_message,kcwace1_0.last_test_status,kcwace1_0.last_tested_at,kcwace1_0.phone_number_id,kcwace1_0.updated_at from kids_champ_whatsapp_config kcwace1_0 where kcwace1_0.id=?
2026-08-17T16:05:32.805+05:30 DEBUG 15732 --- [aplus-kids-api] [   scheduling-1] org.hibernate.SQL                        : select kcwace1_0.id,kcwace1_0.access_token_encrypted,kcwace1_0.business_account_id,kcwace1_0.graph_api_version,kcwace1_0.last_test_message,kcwace1_0.last_test_status,kcwace1_0.last_tested_at,kcwace1_0.phone_number_id,kcwace1_0.updated_at from kids_champ_whatsapp_config kcwace1_0 where kcwace1_0.id=?
2026-08-17T16:05:33.819+05:30 DEBUG 15732 --- [aplus-kids-api] [   scheduling-1] org.hibernate.SQL                        : select kcwace1_0.id,kcwace1_0.access_token_encrypted,kcwace1_0.business_account_id,kcwace1_0.graph_api_version,kcwace1_0.last_test_message,kcwace1_0.last_test_status,kcwace1_0.last_tested_at,kcwace1_0.phone_number_id,kcwace1_0.updated_at from kids_champ_whatsapp_config kcwace1_0 where kcwace1_0.id=?
2026-08-17T16:05:34.829+05:30 DEBUG 15732 --- [aplus-kids-api] [   scheduling-1] org.hibernate.SQL                        : select kcwace1_0.id,kcwace1_0.access_token_encrypted,kcwace1_0.business_account_id,kcwace1_0.graph_api_version,kcwace1_0.last_test_message,kcwace1_0.last_test_status,kcwace1_0.last_tested_at,kcwace1_0.phone_number_id,kcwace1_0.updated_at from kids_champ_whatsapp_config kcwace1_0 where kcwace1_0.id=?
2026-08-17T16:05:34.884+05:30 DEBUG 15732 --- [aplus-kids-api] [   scheduling-1] org.hibernate.SQL                        : select kcmre1_0.id,kcmre1_0.attempts,kcmre1_0.campaign_id,kcmre1_0.delivered_at,kcmre1_0.destination,kcmre1_0.failure_reason,kcmre1_0.last_attempt_at,kcmre1_0.next_attempt_at,kcmre1_0.participant_name,kcmre1_0.participant_reference,kcmre1_0.provider_message_id,kcmre1_0.read_at,kcmre1_0.rendered_message,kcmre1_0.sent_at,kcmre1_0.status,kcmre1_0.template_language_code,kcmre1_0.template_name,kcmre1_0.template_parameters from kids_champ_message_recipients kcmre1_0 where kcmre1_0.status=? and kcmre1_0.last_attempt_at<?
2026-08-17T16:05:35.839+05:30 DEBUG 15732 --- [aplus-kids-api] [   scheduling-1] org.hibernate.SQL                        : select kcwace1_0.id,kcwace1_0.access_token_encrypted,kcwace1_0.business_account_id,kcwace1_0.graph_api_version,kcwace1_0.last_test_message,kcwace1_0.last_test_status,kcwace1_0.last_tested_at,kcwace1_0.phone_number_id,kcwace1_0.updated_at from kids_champ_whatsapp_config kcwace1_0 where kcwace1_0.id=?
2026-08-17T16:05:36.844+05:30 DEBUG 15732 --- [aplus-kids-api] [   scheduling-1] org.hibernate.SQL                        : select kcwace1_0.id,kcwace1_0.access_token_encrypted,kcwace1_0.business_account_id,kcwace1_0.graph_api_version,kcwace1_0.last_test_message,kcwace1_0.last_test_status,kcwace1_0.last_tested_at,kcwace1_0.phone_number_id,kcwace1_0.updated_at from kids_champ_whatsapp_config kcwace1_0 where kcwace1_0.id=?
2026-08-17T16:05:36.847+05:30 DEBUG 15732 --- [aplus-kids-api] [   scheduling-1] org.hibernate.SQL                        : select kcmre1_0.id,kcmre1_0.attempts,kcmre1_0.campaign_id,kcmre1_0.delivered_at,kcmre1_0.destination,kcmre1_0.failure_reason,kcmre1_0.last_attempt_at,kcmre1_0.next_attempt_at,kcmre1_0.participant_name,kcmre1_0.participant_reference,kcmre1_0.provider_message_id,kcmre1_0.read_at,kcmre1_0.rendered_message,kcmre1_0.sent_at,kcmre1_0.status,kcmre1_0.template_language_code,kcmre1_0.template_name,kcmre1_0.template_parameters from kids_champ_message_recipients kcmre1_0 where kcmre1_0.status=? and kcmre1_0.next_attempt_at<=? order by kcmre1_0.id fetch first ? rows only for no key update of kcmre1_0
2026-08-17T16:05:37.863+05:30 DEBUG 15732 --- [aplus-kids-api] [   scheduling-1] org.hibernate.SQL                        : select kcwace1_0.id,kcwace1_0.access_token_encrypted,kcwace1_0.business_account_id,kcwace1_0.graph_api_version,kcwace1_0.last_test_message,kcwace1_0.last_test_status,kcwace1_0.last_tested_at,kcwace1_0.phone_number_id,kcwace1_0.updated_at from kids_champ_whatsapp_config kcwace1_0 where kcwace1_0.id=?
2026-08-17T16:05:38.870+05:30 DEBUG 15732 --- [aplus-kids-api] [   scheduling-1] org.hibernate.SQL                        : select kcwace1_0.id,kcwace1_0.access_token_encrypted,kcwace1_0.business_account_id,kcwace1_0.graph_api_version,kcwace1_0.last_test_message,kcwace1_0.last_test_status,kcwace1_0.last_tested_at,kcwace1_0.phone_number_id,kcwace1_0.updated_at from kids_champ_whatsapp_config kcwace1_0 where kcwace1_0.id=?
2026-08-17T16:05:39.888+05:30 DEBUG 15732 --- [aplus-kids-api] [   scheduling-1] org.hibernate.SQL                        : select kcwace1_0.id,kcwace1_0.access_token_encrypted,kcwace1_0.business_account_id,kcwace1_0.graph_api_version,kcwace1_0.last_test_message,kcwace1_0.last_test_status,kcwace1_0.last_tested_at,kcwace1_0.phone_number_id,kcwace1_0.updated_at from kids_champ_whatsapp_config kcwace1_0 where kcwace1_0.id=?
2026-08-17T16:05:40.903+05:30 DEBUG 15732 --- [aplus-kids-api] [   scheduling-1] org.hibernate.SQL                        : select kcwace1_0.id,kcwace1_0.access_token_encrypted,kcwace1_0.business_account_id,kcwace1_0.graph_api_version,kcwace1_0.last_test_message,kcwace1_0.last_test_status,kcwace1_0.last_tested_at,kcwace1_0.phone_number_id,kcwace1_0.updated_at from kids_champ_whatsapp_config kcwace1_0 where kcwace1_0.id=?
2026-08-17T16:05:41.918+05:30 DEBUG 15732 --- [aplus-kids-api] [   scheduling-1] org.hibernate.SQL                        : select kcwace1_0.id,kcwace1_0.access_token_encrypted,kcwace1_0.business_account_id,kcwace1_0.graph_api_version,kcwace1_0.last_test_message,kcwace1_0.last_test_status,kcwace1_0.last_tested_at,kcwace1_0.phone_number_id,kcwace1_0.updated_at from kids_champ_whatsapp_config kcwace1_0 where kcwace1_0.id=?
2026-08-17T16:05:42.934+05:30 DEBUG 15732 --- [aplus-kids-api] [   scheduling-1] org.hibernate.SQL                        : select kcwace1_0.id,kcwace1_0.access_token_encrypted,kcwace1_0.business_account_id,kcwace1_0.graph_api_version,kcwace1_0.last_test_message,kcwace1_0.last_test_status,kcwace1_0.last_tested_at,kcwace1_0.phone_number_id,kcwace1_0.updated_at from kids_champ_whatsapp_config kcwace1_0 where kcwace1_0.id=?
2026-08-17T16:05:43.952+05:30 DEBUG 15732 --- [aplus-kids-api] [   scheduling-1] org.hibernate.SQL                        : select kcwace1_0.id,kcwace1_0.access_token_encrypted,kcwace1_0.business_account_id,kcwace1_0.graph_api_version,kcwace1_0.last_test_message,kcwace1_0.last_test_status,kcwace1_0.last_tested_at,kcwace1_0.phone_number_id,kcwace1_0.updated_at from kids_champ_whatsapp_config kcwace1_0 where kcwace1_0.id=?
2026-08-17T16:05:44.968+05:30 DEBUG 15732 --- [aplus-kids-api] [   scheduling-1] org.hibernate.SQL                        : select kcwace1_0.id,kcwace1_0.access_token_encrypted,kcwace1_0.business_account_id,kcwace1_0.graph_api_version,kcwace1_0.last_test_message,kcwace1_0.last_test_status,kcwace1_0.last_tested_at,kcwace1_0.phone_number_id,kcwace1_0.updated_at from kids_champ_whatsapp_config kcwace1_0 where kcwace1_0.id=?
2026-08-17T16:05:45.986+05:30 DEBUG 15732 --- [aplus-kids-api] [   scheduling-1] org.hibernate.SQL                        : select kcwace1_0.id,kcwace1_0.access_token_encrypted,kcwace1_0.business_account_id,kcwace1_0.graph_api_version,kcwace1_0.last_test_message,kcwace1_0.last_test_status,kcwace1_0.last_tested_at,kcwace1_0.phone_number_id,kcwace1_0.updated_at from kids_champ_whatsapp_config kcwace1_0 where kcwace1_0.id=?
2026-08-17T16:05:47.004+05:30 DEBUG 15732 --- [aplus-kids-api] [   scheduling-1] org.hibernate.SQL                        : select kcwace1_0.id,kcwace1_0.access_token_encrypted,kcwace1_0.business_account_id,kcwace1_0.graph_api_version,kcwace1_0.last_test_message,kcwace1_0.last_test_status,kcwace1_0.last_tested_at,kcwace1_0.phone_number_id,kcwace1_0.updated_at from kids_champ_whatsapp_config kcwace1_0 where kcwace1_0.id=?
2026-08-17T16:05:47.019+05:30 DEBUG 15732 --- [aplus-kids-api] [   scheduling-1] org.hibernate.SQL                        : select kcmre1_0.id,kcmre1_0.attempts,kcmre1_0.campaign_id,kcmre1_0.delivered_at,kcmre1_0.destination,kcmre1_0.failure_reason,kcmre1_0.last_attempt_at,kcmre1_0.next_attempt_at,kcmre1_0.participant_name,kcmre1_0.participant_reference,kcmre1_0.provider_message_id,kcmre1_0.read_at,kcmre1_0.rendered_message,kcmre1_0.sent_at,kcmre1_0.status,kcmre1_0.template_language_code,kcmre1_0.template_name,kcmre1_0.template_parameters from kids_champ_message_recipients kcmre1_0 where kcmre1_0.status=? and kcmre1_0.next_attempt_at<=? order by kcmre1_0.id fetch first ? rows only for no key update of kcmre1_0
2026-08-17T16:05:48.034+05:30 DEBUG 15732 --- [aplus-kids-api] [   scheduling-1] org.hibernate.SQL                        : select kcwace1_0.id,kcwace1_0.access_token_encrypted,kcwace1_0.business_account_id,kcwace1_0.graph_api_version,kcwace1_0.last_test_message,kcwace1_0.last_test_status,kcwace1_0.last_tested_at,kcwace1_0.phone_number_id,kcwace1_0.updated_at from kids_champ_whatsapp_config kcwace1_0 where kcwace1_0.id=?
2026-08-17T16:05:49.054+05:30 DEBUG 15732 --- [aplus-kids-api] [   scheduling-1] org.hibernate.SQL                        : select kcwace1_0.id,kcwace1_0.access_token_encrypted,kcwace1_0.business_account_id,kcwace1_0.graph_api_version,kcwace1_0.last_test_message,kcwace1_0.last_test_status,kcwace1_0.last_tested_at,kcwace1_0.phone_number_id,kcwace1_0.updated_at from kids_champ_whatsapp_config kcwace1_0 where kcwace1_0.id=?
2026-08-17T16:05:49.070+05:30 DEBUG 15732 --- [aplus-kids-api] [   scheduling-1] org.hibernate.SQL                        : select kcmre1_0.id,kcmre1_0.attempts,kcmre1_0.campaign_id,kcmre1_0.delivered_at,kcmre1_0.destination,kcmre1_0.failure_reason,kcmre1_0.last_attempt_at,kcmre1_0.next_attempt_at,kcmre1_0.participant_name,kcmre1_0.participant_reference,kcmre1_0.provider_message_id,kcmre1_0.read_at,kcmre1_0.rendered_message,kcmre1_0.sent_at,kcmre1_0.status,kcmre1_0.template_language_code,kcmre1_0.template_name,kcmre1_0.template_parameters from kids_champ_message_recipients kcmre1_0 where kcmre1_0.status=? and kcmre1_0.next_attempt_at<=? order by kcmre1_0.id fetch first ? rows only for no key update of kcmre1_0
2026-08-17T16:05:50.095+05:30 DEBUG 15732 --- [aplus-kids-api] [   scheduling-1] org.hibernate.SQL                        : select kcwace1_0.id,kcwace1_0.access_token_encrypted,kcwace1_0.business_account_id,kcwace1_0.graph_api_version,kcwace1_0.last_test_message,kcwace1_0.last_test_status,kcwace1_0.last_tested_at,kcwace1_0.phone_number_id,kcwace1_0.updated_at from kids_champ_whatsapp_config kcwace1_0 where kcwace1_0.id=?
2026-08-17T16:05:51.104+05:30 DEBUG 15732 --- [aplus-kids-api] [   scheduling-1] org.hibernate.SQL                        : select kcwace1_0.id,kcwace1_0.access_token_encrypted,kcwace1_0.business_account_id,kcwace1_0.graph_api_version,kcwace1_0.last_test_message,kcwace1_0.last_test_status,kcwace1_0.last_tested_at,kcwace1_0.phone_number_id,kcwace1_0.updated_at from kids_champ_whatsapp_config kcwace1_0 where kcwace1_0.id=?
2026-08-17T16:05:51.106+05:30 DEBUG 15732 --- [aplus-kids-api] [   scheduling-1] org.hibernate.SQL                        : select kcmre1_0.id,kcmre1_0.attempts,kcmre1_0.campaign_id,kcmre1_0.delivered_at,kcmre1_0.destination,kcmre1_0.failure_reason,kcmre1_0.last_attempt_at,kcmre1_0.next_attempt_at,kcmre1_0.participant_name,kcmre1_0.participant_reference,kcmre1_0.provider_message_id,kcmre1_0.read_at,kcmre1_0.rendered_message,kcmre1_0.sent_at,kcmre1_0.status,kcmre1_0.template_language_code,kcmre1_0.template_name,kcmre1_0.template_parameters from kids_champ_message_recipients kcmre1_0 where kcmre1_0.status=? and kcmre1_0.next_attempt_at<=? order by kcmre1_0.id fetch first ? rows only for no key update of kcmre1_0
2026-08-17T16:05:52.119+05:30 DEBUG 15732 --- [aplus-kids-api] [   scheduling-1] org.hibernate.SQL                        : select kcwace1_0.id,kcwace1_0.access_token_encrypted,kcwace1_0.business_account_id,kcwace1_0.graph_api_version,kcwace1_0.last_test_message,kcwace1_0.last_test_status,kcwace1_0.last_tested_at,kcwace1_0.phone_number_id,kcwace1_0.updated_at from kids_champ_whatsapp_config kcwace1_0 where kcwace1_0.id=?
2026-08-17T16:05:53.125+05:30 DEBUG 15732 --- [aplus-kids-api] [   scheduling-1] org.hibernate.SQL                        : select kcwace1_0.id,kcwace1_0.access_token_encrypted,kcwace1_0.business_account_id,kcwace1_0.graph_api_version,kcwace1_0.last_test_message,kcwace1_0.last_test_status,kcwace1_0.last_tested_at,kcwace1_0.phone_number_id,kcwace1_0.updated_at from kids_champ_whatsapp_config kcwace1_0 where kcwace1_0.id=?
2026-08-17T16:05:54.140+05:30 DEBUG 15732 --- [aplus-kids-api] [   scheduling-1] org.hibernate.SQL                        : select kcwace1_0.id,kcwace1_0.access_token_encrypted,kcwace1_0.business_account_id,kcwace1_0.graph_api_version,kcwace1_0.last_test_message,kcwace1_0.last_test_status,kcwace1_0.last_tested_at,kcwace1_0.phone_number_id,kcwace1_0.updated_at from kids_champ_whatsapp_config kcwace1_0 where kcwace1_0.id=?
2026-08-17T16:05:55.154+05:30 DEBUG 15732 --- [aplus-kids-api] [   scheduling-1] org.hibernate.SQL                        : select kcwace1_0.id,kcwace1_0.access_token_encrypted,kcwace1_0.business_account_id,kcwace1_0.graph_api_version,kcwace1_0.last_test_message,kcwace1_0.last_test_status,kcwace1_0.last_tested_at,kcwace1_0.phone_number_id,kcwace1_0.updated_at from kids_champ_whatsapp_config kcwace1_0 where kcwace1_0.id=?
2026-08-17T16:05:56.163+05:30 DEBUG 15732 --- [aplus-kids-api] [   scheduling-1] org.hibernate.SQL                        : select kcwace1_0.id,kcwace1_0.access_token_encrypted,kcwace1_0.business_account_id,kcwace1_0.graph_api_version,kcwace1_0.last_test_message,kcwace1_0.last_test_status,kcwace1_0.last_tested_at,kcwace1_0.phone_number_id,kcwace1_0.updated_at from kids_champ_whatsapp_config kcwace1_0 where kcwace1_0.id=?
2026-08-17T16:05:57.177+05:30 DEBUG 15732 --- [aplus-kids-api] [   scheduling-1] org.hibernate.SQL                        : select kcwace1_0.id,kcwace1_0.access_token_encrypted,kcwace1_0.business_account_id,kcwace1_0.graph_api_version,kcwace1_0.last_test_message,kcwace1_0.last_test_status,kcwace1_0.last_tested_at,kcwace1_0.phone_number_id,kcwace1_0.updated_at from kids_champ_whatsapp_config kcwace1_0 where kcwace1_0.id=?
2026-08-17T16:05:58.189+05:30 DEBUG 15732 --- [aplus-kids-api] [   scheduling-1] org.hibernate.SQL                        : select kcwace1_0.id,kcwace1_0.access_token_encrypted,kcwace1_0.business_account_id,kcwace1_0.graph_api_version,kcwace1_0.last_test_message,kcwace1_0.last_test_status,kcwace1_0.last_tested_at,kcwace1_0.phone_number_id,kcwace1_0.updated_at from kids_champ_whatsapp_config kcwace1_0 where kcwace1_0.id=?
2026-08-17T16:05:58.189+05:30 DEBUG 15732 --- [aplus-kids-api] [   scheduling-1] org.hibernate.SQL                        : select kcmre1_0.id,kcmre1_0.attempts,kcmre1_0.campaign_id,kcmre1_0.delivered_at,kcmre1_0.destination,kcmre1_0.failure_reason,kcmre1_0.last_attempt_at,kcmre1_0.next_attempt_at,kcmre1_0.participant_name,kcmre1_0.participant_reference,kcmre1_0.provider_message_id,kcmre1_0.read_at,kcmre1_0.rendered_message,kcmre1_0.sent_at,kcmre1_0.status,kcmre1_0.template_language_code,kcmre1_0.template_name,kcmre1_0.template_parameters from kids_champ_message_recipients kcmre1_0 where kcmre1_0.status=? and kcmre1_0.next_attempt_at<=? order by kcmre1_0.id fetch first ? rows only for no key update of kcmre1_0
2026-08-17T16:05:59.206+05:30 DEBUG 15732 --- [aplus-kids-api] [   scheduling-1] org.hibernate.SQL                        : select kcwace1_0.id,kcwace1_0.access_token_encrypted,kcwace1_0.business_account_id,kcwace1_0.graph_api_version,kcwace1_0.last_test_message,kcwace1_0.last_test_status,kcwace1_0.last_tested_at,kcwace1_0.phone_number_id,kcwace1_0.updated_at from kids_champ_whatsapp_config kcwace1_0 where kcwace1_0.id=?
2026-08-17T16:06:00.215+05:30 DEBUG 15732 --- [aplus-kids-api] [   scheduling-1] org.hibernate.SQL                        : select kcwace1_0.id,kcwace1_0.access_token_encrypted,kcwace1_0.business_account_id,kcwace1_0.graph_api_version,kcwace1_0.last_test_message,kcwace1_0.last_test_status,kcwace1_0.last_tested_at,kcwace1_0.phone_number_id,kcwace1_0.updated_at from kids_champ_whatsapp_config kcwace1_0 where kcwace1_0.id=?
2026-08-17T16:06:01.234+05:30 DEBUG 15732 --- [aplus-kids-api] [   scheduling-1] org.hibernate.SQL                        : select kcwace1_0.id,kcwace1_0.access_token_encrypted,kcwace1_0.business_account_id,kcwace1_0.graph_api_version,kcwace1_0.last_test_message,kcwace1_0.last_test_status,kcwace1_0.last_tested_at,kcwace1_0.phone_number_id,kcwace1_0.updated_at from kids_champ_whatsapp_config kcwace1_0 where kcwace1_0.id=?
2026-08-17T16:06:02.252+05:30 DEBUG 15732 --- [aplus-kids-api] [   scheduling-1] org.hibernate.SQL                        : select kcwace1_0.id,kcwace1_0.access_token_encrypted,kcwace1_0.business_account_id,kcwace1_0.graph_api_version,kcwace1_0.last_test_message,kcwace1_0.last_test_status,kcwace1_0.last_tested_at,kcwace1_0.phone_number_id,kcwace1_0.updated_at from kids_champ_whatsapp_config kcwace1_0 where kcwace1_0.id=?
2026-08-17T16:06:03.270+05:30 DEBUG 15732 --- [aplus-kids-api] [   scheduling-1] org.hibernate.SQL                        : select kcwace1_0.id,kcwace1_0.access_token_encrypted,kcwace1_0.business_account_id,kcwace1_0.graph_api_version,kcwace1_0.last_test_message,kcwace1_0.last_test_status,kcwace1_0.last_tested_at,kcwace1_0.phone_number_id,kcwace1_0.updated_at from kids_champ_whatsapp_config kcwace1_0 where kcwace1_0.id=?
2026-08-17T16:06:03.275+05:30 DEBUG 15732 --- [aplus-kids-api] [   scheduling-1] org.hibernate.SQL                        : select kcmre1_0.id,kcmre1_0.attempts,kcmre1_0.campaign_id,kcmre1_0.delivered_at,kcmre1_0.destination,kcmre1_0.failure_reason,kcmre1_0.last_attempt_at,kcmre1_0.next_attempt_at,kcmre1_0.participant_name,kcmre1_0.participant_reference,kcmre1_0.provider_message_id,kcmre1_0.read_at,kcmre1_0.rendered_message,kcmre1_0.sent_at,kcmre1_0.status,kcmre1_0.template_language_code,kcmre1_0.template_name,kcmre1_0.template_parameters from kids_champ_message_recipients kcmre1_0 where kcmre1_0.status=? and kcmre1_0.next_attempt_at<=? order by kcmre1_0.id fetch first ? rows only for no key update of kcmre1_0
2026-08-17T16:06:04.281+05:30 DEBUG 15732 --- [aplus-kids-api] [   scheduling-1] org.hibernate.SQL                        : select kcwace1_0.id,kcwace1_0.access_token_encrypted,kcwace1_0.business_account_id,kcwace1_0.graph_api_version,kcwace1_0.last_test_message,kcwace1_0.last_test_status,kcwace1_0.last_tested_at,kcwace1_0.phone_number_id,kcwace1_0.updated_at from kids_champ_whatsapp_config kcwace1_0 where kcwace1_0.id=?
2026-08-17T16:06:05.297+05:30 DEBUG 15732 --- [aplus-kids-api] [   scheduling-1] org.hibernate.SQL                        : select kcwace1_0.id,kcwace1_0.access_token_encrypted,kcwace1_0.business_account_id,kcwace1_0.graph_api_version,kcwace1_0.last_test_message,kcwace1_0.last_test_status,kcwace1_0.last_tested_at,kcwace1_0.phone_number_id,kcwace1_0.updated_at from kids_champ_whatsapp_config kcwace1_0 where kcwace1_0.id=?
2026-08-17T16:06:06.310+05:30 DEBUG 15732 --- [aplus-kids-api] [   scheduling-1] org.hibernate.SQL                        : select kcwace1_0.id,kcwace1_0.access_token_encrypted,kcwace1_0.business_account_id,kcwace1_0.graph_api_version,kcwace1_0.last_test_message,kcwace1_0.last_test_status,kcwace1_0.last_tested_at,kcwace1_0.phone_number_id,kcwace1_0.updated_at from kids_champ_whatsapp_config kcwace1_0 where kcwace1_0.id=?
2026-08-17T16:06:07.322+05:30 DEBUG 15732 --- [aplus-kids-api] [   scheduling-1] org.hibernate.SQL                        : select kcwace1_0.id,kcwace1_0.access_token_encrypted,kcwace1_0.business_account_id,kcwace1_0.graph_api_version,kcwace1_0.last_test_message,kcwace1_0.last_test_status,kcwace1_0.last_tested_at,kcwace1_0.phone_number_id,kcwace1_0.updated_at from kids_champ_whatsapp_config kcwace1_0 where kcwace1_0.id=?
2026-08-17T16:06:08.335+05:30 DEBUG 15732 --- [aplus-kids-api] [   scheduling-1] org.hibernate.SQL                        : select kcwace1_0.id,kcwace1_0.access_token_encrypted,kcwace1_0.business_account_id,kcwace1_0.graph_api_version,kcwace1_0.last_test_message,kcwace1_0.last_test_status,kcwace1_0.last_tested_at,kcwace1_0.phone_number_id,kcwace1_0.updated_at from kids_champ_whatsapp_config kcwace1_0 where kcwace1_0.id=?
2026-08-17T16:06:09.345+05:30 DEBUG 15732 --- [aplus-kids-api] [   scheduling-1] org.hibernate.SQL                        : select kcwace1_0.id,kcwace1_0.access_token_encrypted,kcwace1_0.business_account_id,kcwace1_0.graph_api_version,kcwace1_0.last_test_message,kcwace1_0.last_test_status,kcwace1_0.last_tested_at,kcwace1_0.phone_number_id,kcwace1_0.updated_at from kids_champ_whatsapp_config kcwace1_0 where kcwace1_0.id=?
2026-08-17T16:06:09.347+05:30 DEBUG 15732 --- [aplus-kids-api] [   scheduling-1] org.hibernate.SQL                        : select kcmre1_0.id,kcmre1_0.attempts,kcmre1_0.campaign_id,kcmre1_0.delivered_at,kcmre1_0.destination,kcmre1_0.failure_reason,kcmre1_0.last_attempt_at,kcmre1_0.next_attempt_at,kcmre1_0.participant_name,kcmre1_0.participant_reference,kcmre1_0.provider_message_id,kcmre1_0.read_at,kcmre1_0.rendered_message,kcmre1_0.sent_at,kcmre1_0.status,kcmre1_0.template_language_code,kcmre1_0.template_name,kcmre1_0.template_parameters from kids_champ_message_recipients kcmre1_0 where kcmre1_0.status=? and kcmre1_0.next_attempt_at<=? order by kcmre1_0.id fetch first ? rows only for no key update of kcmre1_0
2026-08-17T16:06:10.355+05:30 DEBUG 15732 --- [aplus-kids-api] [   scheduling-1] org.hibernate.SQL                        : select kcwace1_0.id,kcwace1_0.access_token_encrypted,kcwace1_0.business_account_id,kcwace1_0.graph_api_version,kcwace1_0.last_test_message,kcwace1_0.last_test_status,kcwace1_0.last_tested_at,kcwace1_0.phone_number_id,kcwace1_0.updated_at from kids_champ_whatsapp_config kcwace1_0 where kcwace1_0.id=?
2026-08-17T16:06:11.372+05:30 DEBUG 15732 --- [aplus-kids-api] [   scheduling-1] org.hibernate.SQL                        : select kcwace1_0.id,kcwace1_0.access_token_encrypted,kcwace1_0.business_account_id,kcwace1_0.graph_api_version,kcwace1_0.last_test_message,kcwace1_0.last_test_status,kcwace1_0.last_tested_at,kcwace1_0.phone_number_id,kcwace1_0.updated_at from kids_champ_whatsapp_config kcwace1_0 where kcwace1_0.id=?
2026-08-17T16:06:12.394+05:30 DEBUG 15732 --- [aplus-kids-api] [   scheduling-1] org.hibernate.SQL                        : select kcwace1_0.id,kcwace1_0.access_token_encrypted,kcwace1_0.business_account_id,kcwace1_0.graph_api_version,kcwace1_0.last_test_message,kcwace1_0.last_test_status,kcwace1_0.last_tested_at,kcwace1_0.phone_number_id,kcwace1_0.updated_at from kids_champ_whatsapp_config kcwace1_0 where kcwace1_0.id=?
2026-08-17T16:06:13.405+05:30 DEBUG 15732 --- [aplus-kids-api] [   scheduling-1] org.hibernate.SQL                        : select kcwace1_0.id,kcwace1_0.access_token_encrypted,kcwace1_0.business_account_id,kcwace1_0.graph_api_version,kcwace1_0.last_test_message,kcwace1_0.last_test_status,kcwace1_0.last_tested_at,kcwace1_0.phone_number_id,kcwace1_0.updated_at from kids_champ_whatsapp_config kcwace1_0 where kcwace1_0.id=?
2026-08-17T16:06:14.410+05:30 DEBUG 15732 --- [aplus-kids-api] [   scheduling-1] org.hibernate.SQL                        : select kcwace1_0.id,kcwace1_0.access_token_encrypted,kcwace1_0.business_account_id,kcwace1_0.graph_api_version,kcwace1_0.last_test_message,kcwace1_0.last_test_status,kcwace1_0.last_tested_at,kcwace1_0.phone_number_id,kcwace1_0.updated_at from kids_champ_whatsapp_config kcwace1_0 where kcwace1_0.id=?
2026-08-17T16:06:15.417+05:30 DEBUG 15732 --- [aplus-kids-api] [   scheduling-1] org.hibernate.SQL                        : select kcwace1_0.id,kcwace1_0.access_token_encrypted,kcwace1_0.business_account_id,kcwace1_0.graph_api_version,kcwace1_0.last_test_message,kcwace1_0.last_test_status,kcwace1_0.last_tested_at,kcwace1_0.phone_number_id,kcwace1_0.updated_at from kids_champ_whatsapp_config kcwace1_0 where kcwace1_0.id=?
2026-08-17T16:06:16.431+05:30 DEBUG 15732 --- [aplus-kids-api] [   scheduling-1] org.hibernate.SQL                        : select kcwace1_0.id,kcwace1_0.access_token_encrypted,kcwace1_0.business_account_id,kcwace1_0.graph_api_version,kcwace1_0.last_test_message,kcwace1_0.last_test_status,kcwace1_0.last_tested_at,kcwace1_0.phone_number_id,kcwace1_0.updated_at from kids_champ_whatsapp_config kcwace1_0 where kcwace1_0.id=?
2026-08-17T16:06:17.451+05:30 DEBUG 15732 --- [aplus-kids-api] [   scheduling-1] org.hibernate.SQL                        : select kcwace1_0.id,kcwace1_0.access_token_encrypted,kcwace1_0.business_account_id,kcwace1_0.graph_api_version,kcwace1_0.last_test_message,kcwace1_0.last_test_status,kcwace1_0.last_tested_at,kcwace1_0.phone_number_id,kcwace1_0.updated_at from kids_champ_whatsapp_config kcwace1_0 where kcwace1_0.id=?
2026-08-17T16:06:18.470+05:30 DEBUG 15732 --- [aplus-kids-api] [   scheduling-1] org.hibernate.SQL                        : select kcwace1_0.id,kcwace1_0.access_token_encrypted,kcwace1_0.business_account_id,kcwace1_0.graph_api_version,kcwace1_0.last_test_message,kcwace1_0.last_test_status,kcwace1_0.last_tested_at,kcwace1_0.phone_number_id,kcwace1_0.updated_at from kids_champ_whatsapp_config kcwace1_0 where kcwace1_0.id=?
2026-08-17T16:06:18.470+05:30 DEBUG 15732 --- [aplus-kids-api] [   scheduling-1] org.hibernate.SQL                        : select kcmre1_0.id,kcmre1_0.attempts,kcmre1_0.campaign_id,kcmre1_0.delivered_at,kcmre1_0.destination,kcmre1_0.failure_reason,kcmre1_0.last_attempt_at,kcmre1_0.next_attempt_at,kcmre1_0.participant_name,kcmre1_0.participant_reference,kcmre1_0.provider_message_id,kcmre1_0.read_at,kcmre1_0.rendered_message,kcmre1_0.sent_at,kcmre1_0.status,kcmre1_0.template_language_code,kcmre1_0.template_name,kcmre1_0.template_parameters from kids_champ_message_recipients kcmre1_0 where kcmre1_0.status=? and kcmre1_0.next_attempt_at<=? order by kcmre1_0.id fetch first ? rows only for no key update of kcmre1_0
2026-08-17T16:06:19.489+05:30 DEBUG 15732 --- [aplus-kids-api] [   scheduling-1] org.hibernate.SQL                        : select kcwace1_0.id,kcwace1_0.access_token_encrypted,kcwace1_0.business_account_id,kcwace1_0.graph_api_version,kcwace1_0.last_test_message,kcwace1_0.last_test_status,kcwace1_0.last_tested_at,kcwace1_0.phone_number_id,kcwace1_0.updated_at from kids_champ_whatsapp_config kcwace1_0 where kcwace1_0.id=?
2026-08-17T16:06:20.497+05:30 DEBUG 15732 --- [aplus-kids-api] [   scheduling-1] org.hibernate.SQL                        : select kcwace1_0.id,kcwace1_0.access_token_encrypted,kcwace1_0.business_account_id,kcwace1_0.graph_api_version,kcwace1_0.last_test_message,kcwace1_0.last_test_status,kcwace1_0.last_tested_at,kcwace1_0.phone_number_id,kcwace1_0.updated_at from kids_champ_whatsapp_config kcwace1_0 where kcwace1_0.id=?
2026-08-17T16:06:21.503+05:30 DEBUG 15732 --- [aplus-kids-api] [   scheduling-1] org.hibernate.SQL                        : select kcwace1_0.id,kcwace1_0.access_token_encrypted,kcwace1_0.business_account_id,kcwace1_0.graph_api_version,kcwace1_0.last_test_message,kcwace1_0.last_test_status,kcwace1_0.last_tested_at,kcwace1_0.phone_number_id,kcwace1_0.updated_at from kids_champ_whatsapp_config kcwace1_0 where kcwace1_0.id=?
2026-08-17T16:06:22.522+05:30 DEBUG 15732 --- [aplus-kids-api] [   scheduling-1] org.hibernate.SQL                        : select kcwace1_0.id,kcwace1_0.access_token_encrypted,kcwace1_0.business_account_id,kcwace1_0.graph_api_version,kcwace1_0.last_test_message,kcwace1_0.last_test_status,kcwace1_0.last_tested_at,kcwace1_0.phone_number_id,kcwace1_0.updated_at from kids_champ_whatsapp_config kcwace1_0 where kcwace1_0.id=?
2026-08-17T16:06:23.537+05:30 DEBUG 15732 --- [aplus-kids-api] [   scheduling-1] org.hibernate.SQL                        : select kcwace1_0.id,kcwace1_0.access_token_encrypted,kcwace1_0.business_account_id,kcwace1_0.graph_api_version,kcwace1_0.last_test_message,kcwace1_0.last_test_status,kcwace1_0.last_tested_at,kcwace1_0.phone_number_id,kcwace1_0.updated_at from kids_champ_whatsapp_config kcwace1_0 where kcwace1_0.id=?
2026-08-17T16:06:24.552+05:30 DEBUG 15732 --- [aplus-kids-api] [   scheduling-1] org.hibernate.SQL                        : select kcwace1_0.id,kcwace1_0.access_token_encrypted,kcwace1_0.business_account_id,kcwace1_0.graph_api_version,kcwace1_0.last_test_message,kcwace1_0.last_test_status,kcwace1_0.last_tested_at,kcwace1_0.phone_number_id,kcwace1_0.updated_at from kids_champ_whatsapp_config kcwace1_0 where kcwace1_0.id=?
2026-08-17T16:06:24.554+05:30 DEBUG 15732 --- [aplus-kids-api] [   scheduling-1] org.hibernate.SQL                        : select kcmre1_0.id,kcmre1_0.attempts,kcmre1_0.campaign_id,kcmre1_0.delivered_at,kcmre1_0.destination,kcmre1_0.failure_reason,kcmre1_0.last_attempt_at,kcmre1_0.next_attempt_at,kcmre1_0.participant_name,kcmre1_0.participant_reference,kcmre1_0.provider_message_id,kcmre1_0.read_at,kcmre1_0.rendered_message,kcmre1_0.sent_at,kcmre1_0.status,kcmre1_0.template_language_code,kcmre1_0.template_name,kcmre1_0.template_parameters from kids_champ_message_recipients kcmre1_0 where kcmre1_0.status=? and kcmre1_0.next_attempt_at<=? order by kcmre1_0.id fetch first ? rows only for no key update of kcmre1_0
2026-08-17T16:06:25.570+05:30 DEBUG 15732 --- [aplus-kids-api] [   scheduling-1] org.hibernate.SQL                        : select kcwace1_0.id,kcwace1_0.access_token_encrypted,kcwace1_0.business_account_id,kcwace1_0.graph_api_version,kcwace1_0.last_test_message,kcwace1_0.last_test_status,kcwace1_0.last_tested_at,kcwace1_0.phone_number_id,kcwace1_0.updated_at from kids_champ_whatsapp_config kcwace1_0 where kcwace1_0.id=?
2026-08-17T16:06:25.570+05:30 DEBUG 15732 --- [aplus-kids-api] [   scheduling-1] org.hibernate.SQL                        : select kcmre1_0.id,kcmre1_0.attempts,kcmre1_0.campaign_id,kcmre1_0.delivered_at,kcmre1_0.destination,kcmre1_0.failure_reason,kcmre1_0.last_attempt_at,kcmre1_0.next_attempt_at,kcmre1_0.participant_name,kcmre1_0.participant_reference,kcmre1_0.provider_message_id,kcmre1_0.read_at,kcmre1_0.rendered_message,kcmre1_0.sent_at,kcmre1_0.status,kcmre1_0.template_language_code,kcmre1_0.template_name,kcmre1_0.template_parameters from kids_champ_message_recipients kcmre1_0 where kcmre1_0.status=? and kcmre1_0.next_attempt_at<=? order by kcmre1_0.id fetch first ? rows only for no key update of kcmre1_0
2026-08-17T16:06:26.587+05:30 DEBUG 15732 --- [aplus-kids-api] [   scheduling-1] org.hibernate.SQL                        : select kcwace1_0.id,kcwace1_0.access_token_encrypted,kcwace1_0.business_account_id,kcwace1_0.graph_api_version,kcwace1_0.last_test_message,kcwace1_0.last_test_status,kcwace1_0.last_tested_at,kcwace1_0.phone_number_id,kcwace1_0.updated_at from kids_champ_whatsapp_config kcwace1_0 where kcwace1_0.id=?
2026-08-17T16:06:27.603+05:30 DEBUG 15732 --- [aplus-kids-api] [   scheduling-1] org.hibernate.SQL                        : select kcwace1_0.id,kcwace1_0.access_token_encrypted,kcwace1_0.business_account_id,kcwace1_0.graph_api_version,kcwace1_0.last_test_message,kcwace1_0.last_test_status,kcwace1_0.last_tested_at,kcwace1_0.phone_number_id,kcwace1_0.updated_at from kids_champ_whatsapp_config kcwace1_0 where kcwace1_0.id=?
2026-08-17T16:06:28.616+05:30 DEBUG 15732 --- [aplus-kids-api] [   scheduling-1] org.hibernate.SQL                        : select kcwace1_0.id,kcwace1_0.access_token_encrypted,kcwace1_0.business_account_id,kcwace1_0.graph_api_version,kcwace1_0.last_test_message,kcwace1_0.last_test_status,kcwace1_0.last_tested_at,kcwace1_0.phone_number_id,kcwace1_0.updated_at from kids_champ_whatsapp_config kcwace1_0 where kcwace1_0.id=?
2026-08-17T16:06:29.637+05:30 DEBUG 15732 --- [aplus-kids-api] [   scheduling-1] org.hibernate.SQL                        : select kcwace1_0.id,kcwace1_0.access_token_encrypted,kcwace1_0.business_account_id,kcwace1_0.graph_api_version,kcwace1_0.last_test_message,kcwace1_0.last_test_status,kcwace1_0.last_tested_at,kcwace1_0.phone_number_id,kcwace1_0.updated_at from kids_champ_whatsapp_config kcwace1_0 where kcwace1_0.id=?
2026-08-17T16:06:30.643+05:30 DEBUG 15732 --- [aplus-kids-api] [   scheduling-1] org.hibernate.SQL                        : select kcwace1_0.id,kcwace1_0.access_token_encrypted,kcwace1_0.business_account_id,kcwace1_0.graph_api_version,kcwace1_0.last_test_message,kcwace1_0.last_test_status,kcwace1_0.last_tested_at,kcwace1_0.phone_number_id,kcwace1_0.updated_at from kids_champ_whatsapp_config kcwace1_0 where kcwace1_0.id=?
2026-08-17T16:06:31.661+05:30 DEBUG 15732 --- [aplus-kids-api] [   scheduling-1] org.hibernate.SQL                        : select kcwace1_0.id,kcwace1_0.access_token_encrypted,kcwace1_0.business_account_id,kcwace1_0.graph_api_version,kcwace1_0.last_test_message,kcwace1_0.last_test_status,kcwace1_0.last_tested_at,kcwace1_0.phone_number_id,kcwace1_0.updated_at from kids_champ_whatsapp_config kcwace1_0 where kcwace1_0.id=?
2026-08-17T16:06:32.681+05:30 DEBUG 15732 --- [aplus-kids-api] [   scheduling-1] org.hibernate.SQL                        : select kcwace1_0.id,kcwace1_0.access_token_encrypted,kcwace1_0.business_account_id,kcwace1_0.graph_api_version,kcwace1_0.last_test_message,kcwace1_0.last_test_status,kcwace1_0.last_tested_at,kcwace1_0.phone_number_id,kcwace1_0.updated_at from kids_champ_whatsapp_config kcwace1_0 where kcwace1_0.id=?
2026-08-17T16:06:33.695+05:30 DEBUG 15732 --- [aplus-kids-api] [   scheduling-1] org.hibernate.SQL                        : select kcwace1_0.id,kcwace1_0.access_token_encrypted,kcwace1_0.business_account_id,kcwace1_0.graph_api_version,kcwace1_0.last_test_message,kcwace1_0.last_test_status,kcwace1_0.last_tested_at,kcwace1_0.phone_number_id,kcwace1_0.updated_at from kids_champ_whatsapp_config kcwace1_0 where kcwace1_0.id=?
2026-08-17T16:06:34.700+05:30 DEBUG 15732 --- [aplus-kids-api] [   scheduling-1] org.hibernate.SQL                        : select kcwace1_0.id,kcwace1_0.access_token_encrypted,kcwace1_0.business_account_id,kcwace1_0.graph_api_version,kcwace1_0.last_test_message,kcwace1_0.last_test_status,kcwace1_0.last_tested_at,kcwace1_0.phone_number_id,kcwace1_0.updated_at from kids_champ_whatsapp_config kcwace1_0 where kcwace1_0.id=?
2026-08-17T16:06:34.903+05:30 DEBUG 15732 --- [aplus-kids-api] [   scheduling-1] org.hibernate.SQL                        : select kcmre1_0.id,kcmre1_0.attempts,kcmre1_0.campaign_id,kcmre1_0.delivered_at,kcmre1_0.destination,kcmre1_0.failure_reason,kcmre1_0.last_attempt_at,kcmre1_0.next_attempt_at,kcmre1_0.participant_name,kcmre1_0.participant_reference,kcmre1_0.provider_message_id,kcmre1_0.read_at,kcmre1_0.rendered_message,kcmre1_0.sent_at,kcmre1_0.status,kcmre1_0.template_language_code,kcmre1_0.template_name,kcmre1_0.template_parameters from kids_champ_message_recipients kcmre1_0 where kcmre1_0.status=? and kcmre1_0.last_attempt_at<?
2026-08-17T16:06:35.716+05:30 DEBUG 15732 --- [aplus-kids-api] [   scheduling-1] org.hibernate.SQL                        : select kcwace1_0.id,kcwace1_0.access_token_encrypted,kcwace1_0.business_account_id,kcwace1_0.graph_api_version,kcwace1_0.last_test_message,kcwace1_0.last_test_status,kcwace1_0.last_tested_at,kcwace1_0.phone_number_id,kcwace1_0.updated_at from kids_champ_whatsapp_config kcwace1_0 where kcwace1_0.id=?
2026-08-17T16:06:35.716+05:30 DEBUG 15732 --- [aplus-kids-api] [   scheduling-1] org.hibernate.SQL                        : select kcmre1_0.id,kcmre1_0.attempts,kcmre1_0.campaign_id,kcmre1_0.delivered_at,kcmre1_0.destination,kcmre1_0.failure_reason,kcmre1_0.last_attempt_at,kcmre1_0.next_attempt_at,kcmre1_0.participant_name,kcmre1_0.participant_reference,kcmre1_0.provider_message_id,kcmre1_0.read_at,kcmre1_0.rendered_message,kcmre1_0.sent_at,kcmre1_0.status,kcmre1_0.template_language_code,kcmre1_0.template_name,kcmre1_0.template_parameters from kids_champ_message_recipients kcmre1_0 where kcmre1_0.status=? and kcmre1_0.next_attempt_at<=? order by kcmre1_0.id fetch first ? rows only for no key update of kcmre1_0
2026-08-17T16:06:36.732+05:30 DEBUG 15732 --- [aplus-kids-api] [   scheduling-1] org.hibernate.SQL                        : select kcwace1_0.id,kcwace1_0.access_token_encrypted,kcwace1_0.business_account_id,kcwace1_0.graph_api_version,kcwace1_0.last_test_message,kcwace1_0.last_test_status,kcwace1_0.last_tested_at,kcwace1_0.phone_number_id,kcwace1_0.updated_at from kids_champ_whatsapp_config kcwace1_0 where kcwace1_0.id=?
2026-08-17T16:06:37.749+05:30 DEBUG 15732 --- [aplus-kids-api] [   scheduling-1] org.hibernate.SQL                        : select kcwace1_0.id,kcwace1_0.access_token_encrypted,kcwace1_0.business_account_id,kcwace1_0.graph_api_version,kcwace1_0.last_test_message,kcwace1_0.last_test_status,kcwace1_0.last_tested_at,kcwace1_0.phone_number_id,kcwace1_0.updated_at from kids_champ_whatsapp_config kcwace1_0 where kcwace1_0.id=?
2026-08-17T16:06:38.762+05:30 DEBUG 15732 --- [aplus-kids-api] [   scheduling-1] org.hibernate.SQL                        : select kcwace1_0.id,kcwace1_0.access_token_encrypted,kcwace1_0.business_account_id,kcwace1_0.graph_api_version,kcwace1_0.last_test_message,kcwace1_0.last_test_status,kcwace1_0.last_tested_at,kcwace1_0.phone_number_id,kcwace1_0.updated_at from kids_champ_whatsapp_config kcwace1_0 where kcwace1_0.id=?
2026-08-17T16:06:39.771+05:30 DEBUG 15732 --- [aplus-kids-api] [   scheduling-1] org.hibernate.SQL                        : select kcwace1_0.id,kcwace1_0.access_token_encrypted,kcwace1_0.business_account_id,kcwace1_0.graph_api_version,kcwace1_0.last_test_message,kcwace1_0.last_test_status,kcwace1_0.last_tested_at,kcwace1_0.phone_number_id,kcwace1_0.updated_at from kids_champ_whatsapp_config kcwace1_0 where kcwace1_0.id=?
2026-08-17T16:06:40.778+05:30 DEBUG 15732 --- [aplus-kids-api] [   scheduling-1] org.hibernate.SQL                        : select kcwace1_0.id,kcwace1_0.access_token_encrypted,kcwace1_0.business_account_id,kcwace1_0.graph_api_version,kcwace1_0.last_test_message,kcwace1_0.last_test_status,kcwace1_0.last_tested_at,kcwace1_0.phone_number_id,kcwace1_0.updated_at from kids_champ_whatsapp_config kcwace1_0 where kcwace1_0.id=?
2026-08-17T16:06:41.785+05:30 DEBUG 15732 --- [aplus-kids-api] [   scheduling-1] org.hibernate.SQL                        : select kcwace1_0.id,kcwace1_0.access_token_encrypted,kcwace1_0.business_account_id,kcwace1_0.graph_api_version,kcwace1_0.last_test_message,kcwace1_0.last_test_status,kcwace1_0.last_tested_at,kcwace1_0.phone_number_id,kcwace1_0.updated_at from kids_champ_whatsapp_config kcwace1_0 where kcwace1_0.id=?
2026-08-17T16:06:42.802+05:30 DEBUG 15732 --- [aplus-kids-api] [   scheduling-1] org.hibernate.SQL                        : select kcwace1_0.id,kcwace1_0.access_token_encrypted,kcwace1_0.business_account_id,kcwace1_0.graph_api_version,kcwace1_0.last_test_message,kcwace1_0.last_test_status,kcwace1_0.last_tested_at,kcwace1_0.phone_number_id,kcwace1_0.updated_at from kids_champ_whatsapp_config kcwace1_0 where kcwace1_0.id=?
2026-08-17T16:06:42.806+05:30 DEBUG 15732 --- [aplus-kids-api] [   scheduling-1] org.hibernate.SQL                        : select kcmre1_0.id,kcmre1_0.attempts,kcmre1_0.campaign_id,kcmre1_0.delivered_at,kcmre1_0.destination,kcmre1_0.failure_reason,kcmre1_0.last_attempt_at,kcmre1_0.next_attempt_at,kcmre1_0.participant_name,kcmre1_0.participant_reference,kcmre1_0.provider_message_id,kcmre1_0.read_at,kcmre1_0.rendered_message,kcmre1_0.sent_at,kcmre1_0.status,kcmre1_0.template_language_code,kcmre1_0.template_name,kcmre1_0.template_parameters from kids_champ_message_recipients kcmre1_0 where kcmre1_0.status=? and kcmre1_0.next_attempt_at<=? order by kcmre1_0.id fetch first ? rows only for no key update of kcmre1_0
2026-08-17T16:06:43.810+05:30 DEBUG 15732 --- [aplus-kids-api] [   scheduling-1] org.hibernate.SQL                        : select kcwace1_0.id,kcwace1_0.access_token_encrypted,kcwace1_0.business_account_id,kcwace1_0.graph_api_version,kcwace1_0.last_test_message,kcwace1_0.last_test_status,kcwace1_0.last_tested_at,kcwace1_0.phone_number_id,kcwace1_0.updated_at from kids_champ_whatsapp_config kcwace1_0 where kcwace1_0.id=?
2026-08-17T16:06:44.824+05:30 DEBUG 15732 --- [aplus-kids-api] [   scheduling-1] org.hibernate.SQL                        : select kcwace1_0.id,kcwace1_0.access_token_encrypted,kcwace1_0.business_account_id,kcwace1_0.graph_api_version,kcwace1_0.last_test_message,kcwace1_0.last_test_status,kcwace1_0.last_tested_at,kcwace1_0.phone_number_id,kcwace1_0.updated_at from kids_champ_whatsapp_config kcwace1_0 where kcwace1_0.id=?
2026-08-17T16:06:44.824+05:30 DEBUG 15732 --- [aplus-kids-api] [   scheduling-1] org.hibernate.SQL                        : select kcmre1_0.id,kcmre1_0.attempts,kcmre1_0.campaign_id,kcmre1_0.delivered_at,kcmre1_0.destination,kcmre1_0.failure_reason,kcmre1_0.last_attempt_at,kcmre1_0.next_attempt_at,kcmre1_0.participant_name,kcmre1_0.participant_reference,kcmre1_0.provider_message_id,kcmre1_0.read_at,kcmre1_0.rendered_message,kcmre1_0.sent_at,kcmre1_0.status,kcmre1_0.template_language_code,kcmre1_0.template_name,kcmre1_0.template_parameters from kids_champ_message_recipients kcmre1_0 where kcmre1_0.status=? and kcmre1_0.next_attempt_at<=? order by kcmre1_0.id fetch first ? rows only for no key update of kcmre1_0
2026-08-17T16:06:45.834+05:30 DEBUG 15732 --- [aplus-kids-api] [   scheduling-1] org.hibernate.SQL                        : select kcwace1_0.id,kcwace1_0.access_token_encrypted,kcwace1_0.business_account_id,kcwace1_0.graph_api_version,kcwace1_0.last_test_message,kcwace1_0.last_test_status,kcwace1_0.last_tested_at,kcwace1_0.phone_number_id,kcwace1_0.updated_at from kids_champ_whatsapp_config kcwace1_0 where kcwace1_0.id=?
2026-08-17T16:06:46.842+05:30 DEBUG 15732 --- [aplus-kids-api] [   scheduling-1] org.hibernate.SQL                        : select kcwace1_0.id,kcwace1_0.access_token_encrypted,kcwace1_0.business_account_id,kcwace1_0.graph_api_version,kcwace1_0.last_test_message,kcwace1_0.last_test_status,kcwace1_0.last_tested_at,kcwace1_0.phone_number_id,kcwace1_0.updated_at from kids_champ_whatsapp_config kcwace1_0 where kcwace1_0.id=?
2026-08-17T16:06:47.852+05:30 DEBUG 15732 --- [aplus-kids-api] [   scheduling-1] org.hibernate.SQL                        : select kcwace1_0.id,kcwace1_0.access_token_encrypted,kcwace1_0.business_account_id,kcwace1_0.graph_api_version,kcwace1_0.last_test_message,kcwace1_0.last_test_status,kcwace1_0.last_tested_at,kcwace1_0.phone_number_id,kcwace1_0.updated_at from kids_champ_whatsapp_config kcwace1_0 where kcwace1_0.id=?
2026-08-17T16:06:47.852+05:30 DEBUG 15732 --- [aplus-kids-api] [   scheduling-1] org.hibernate.SQL                        : select kcmre1_0.id,kcmre1_0.attempts,kcmre1_0.campaign_id,kcmre1_0.delivered_at,kcmre1_0.destination,kcmre1_0.failure_reason,kcmre1_0.last_attempt_at,kcmre1_0.next_attempt_at,kcmre1_0.participant_name,kcmre1_0.participant_reference,kcmre1_0.provider_message_id,kcmre1_0.read_at,kcmre1_0.rendered_message,kcmre1_0.sent_at,kcmre1_0.status,kcmre1_0.template_language_code,kcmre1_0.template_name,kcmre1_0.template_parameters from kids_champ_message_recipients kcmre1_0 where kcmre1_0.status=? and kcmre1_0.next_attempt_at<=? order by kcmre1_0.id fetch first ? rows only for no key update of kcmre1_0
2026-08-17T16:06:48.868+05:30 DEBUG 15732 --- [aplus-kids-api] [   scheduling-1] org.hibernate.SQL                        : select kcwace1_0.id,kcwace1_0.access_token_encrypted,kcwace1_0.business_account_id,kcwace1_0.graph_api_version,kcwace1_0.last_test_message,kcwace1_0.last_test_status,kcwace1_0.last_tested_at,kcwace1_0.phone_number_id,kcwace1_0.updated_at from kids_champ_whatsapp_config kcwace1_0 where kcwace1_0.id=?
2026-08-17T16:06:49.885+05:30 DEBUG 15732 --- [aplus-kids-api] [   scheduling-1] org.hibernate.SQL                        : select kcwace1_0.id,kcwace1_0.access_token_encrypted,kcwace1_0.business_account_id,kcwace1_0.graph_api_version,kcwace1_0.last_test_message,kcwace1_0.last_test_status,kcwace1_0.last_tested_at,kcwace1_0.phone_number_id,kcwace1_0.updated_at from kids_champ_whatsapp_config kcwace1_0 where kcwace1_0.id=?
2026-08-17T16:06:50.902+05:30 DEBUG 15732 --- [aplus-kids-api] [   scheduling-1] org.hibernate.SQL                        : select kcwace1_0.id,kcwace1_0.access_token_encrypted,kcwace1_0.business_account_id,kcwace1_0.graph_api_version,kcwace1_0.last_test_message,kcwace1_0.last_test_status,kcwace1_0.last_tested_at,kcwace1_0.phone_number_id,kcwace1_0.updated_at from kids_champ_whatsapp_config kcwace1_0 where kcwace1_0.id=?
2026-08-17T16:06:51.923+05:30 DEBUG 15732 --- [aplus-kids-api] [   scheduling-1] org.hibernate.SQL                        : select kcwace1_0.id,kcwace1_0.access_token_encrypted,kcwace1_0.business_account_id,kcwace1_0.graph_api_version,kcwace1_0.last_test_message,kcwace1_0.last_test_status,kcwace1_0.last_tested_at,kcwace1_0.phone_number_id,kcwace1_0.updated_at from kids_champ_whatsapp_config kcwace1_0 where kcwace1_0.id=?
2026-08-17T16:06:52.938+05:30 DEBUG 15732 --- [aplus-kids-api] [   scheduling-1] org.hibernate.SQL                        : select kcwace1_0.id,kcwace1_0.access_token_encrypted,kcwace1_0.business_account_id,kcwace1_0.graph_api_version,kcwace1_0.last_test_message,kcwace1_0.last_test_status,kcwace1_0.last_tested_at,kcwace1_0.phone_number_id,kcwace1_0.updated_at from kids_champ_whatsapp_config kcwace1_0 where kcwace1_0.id=?
2026-08-17T16:06:53.957+05:30 DEBUG 15732 --- [aplus-kids-api] [   scheduling-1] org.hibernate.SQL                        : select kcwace1_0.id,kcwace1_0.access_token_encrypted,kcwace1_0.business_account_id,kcwace1_0.graph_api_version,kcwace1_0.last_test_message,kcwace1_0.last_test_status,kcwace1_0.last_tested_at,kcwace1_0.phone_number_id,kcwace1_0.updated_at from kids_champ_whatsapp_config kcwace1_0 where kcwace1_0.id=?
2026-08-17T16:06:54.970+05:30 DEBUG 15732 --- [aplus-kids-api] [   scheduling-1] org.hibernate.SQL                        : select kcwace1_0.id,kcwace1_0.access_token_encrypted,kcwace1_0.business_account_id,kcwace1_0.graph_api_version,kcwace1_0.last_test_message,kcwace1_0.last_test_status,kcwace1_0.last_tested_at,kcwace1_0.phone_number_id,kcwace1_0.updated_at from kids_champ_whatsapp_config kcwace1_0 where kcwace1_0.id=?
2026-08-17T16:06:55.986+05:30 DEBUG 15732 --- [aplus-kids-api] [   scheduling-1] org.hibernate.SQL                        : select kcwace1_0.id,kcwace1_0.access_token_encrypted,kcwace1_0.business_account_id,kcwace1_0.graph_api_version,kcwace1_0.last_test_message,kcwace1_0.last_test_status,kcwace1_0.last_tested_at,kcwace1_0.phone_number_id,kcwace1_0.updated_at from kids_champ_whatsapp_config kcwace1_0 where kcwace1_0.id=?
2026-08-17T16:06:55.988+05:30 DEBUG 15732 --- [aplus-kids-api] [   scheduling-1] org.hibernate.SQL                        : select kcmre1_0.id,kcmre1_0.attempts,kcmre1_0.campaign_id,kcmre1_0.delivered_at,kcmre1_0.destination,kcmre1_0.failure_reason,kcmre1_0.last_attempt_at,kcmre1_0.next_attempt_at,kcmre1_0.participant_name,kcmre1_0.participant_reference,kcmre1_0.provider_message_id,kcmre1_0.read_at,kcmre1_0.rendered_message,kcmre1_0.sent_at,kcmre1_0.status,kcmre1_0.template_language_code,kcmre1_0.template_name,kcmre1_0.template_parameters from kids_champ_message_recipients kcmre1_0 where kcmre1_0.status=? and kcmre1_0.next_attempt_at<=? order by kcmre1_0.id fetch first ? rows only for no key update of kcmre1_0
2026-08-17T16:06:57.004+05:30 DEBUG 15732 --- [aplus-kids-api] [   scheduling-1] org.hibernate.SQL                        : select kcwace1_0.id,kcwace1_0.access_token_encrypted,kcwace1_0.business_account_id,kcwace1_0.graph_api_version,kcwace1_0.last_test_message,kcwace1_0.last_test_status,kcwace1_0.last_tested_at,kcwace1_0.phone_number_id,kcwace1_0.updated_at from kids_champ_whatsapp_config kcwace1_0 where kcwace1_0.id=?
2026-08-17T16:06:58.021+05:30 DEBUG 15732 --- [aplus-kids-api] [   scheduling-1] org.hibernate.SQL                        : select kcwace1_0.id,kcwace1_0.access_token_encrypted,kcwace1_0.business_account_id,kcwace1_0.graph_api_version,kcwace1_0.last_test_message,kcwace1_0.last_test_status,kcwace1_0.last_tested_at,kcwace1_0.phone_number_id,kcwace1_0.updated_at from kids_champ_whatsapp_config kcwace1_0 where kcwace1_0.id=?
2026-08-17T16:06:59.037+05:30 DEBUG 15732 --- [aplus-kids-api] [   scheduling-1] org.hibernate.SQL                        : select kcwace1_0.id,kcwace1_0.access_token_encrypted,kcwace1_0.business_account_id,kcwace1_0.graph_api_version,kcwace1_0.last_test_message,kcwace1_0.last_test_status,kcwace1_0.last_tested_at,kcwace1_0.phone_number_id,kcwace1_0.updated_at from kids_champ_whatsapp_config kcwace1_0 where kcwace1_0.id=?
2026-08-17T16:07:00.052+05:30 DEBUG 15732 --- [aplus-kids-api] [   scheduling-1] org.hibernate.SQL                        : select kcwace1_0.id,kcwace1_0.access_token_encrypted,kcwace1_0.business_account_id,kcwace1_0.graph_api_version,kcwace1_0.last_test_message,kcwace1_0.last_test_status,kcwace1_0.last_tested_at,kcwace1_0.phone_number_id,kcwace1_0.updated_at from kids_champ_whatsapp_config kcwace1_0 where kcwace1_0.id=?
2026-08-17T16:07:01.086+05:30 DEBUG 15732 --- [aplus-kids-api] [   scheduling-1] org.hibernate.SQL                        : select kcwace1_0.id,kcwace1_0.access_token_encrypted,kcwace1_0.business_account_id,kcwace1_0.graph_api_version,kcwace1_0.last_test_message,kcwace1_0.last_test_status,kcwace1_0.last_tested_at,kcwace1_0.phone_number_id,kcwace1_0.updated_at from kids_champ_whatsapp_config kcwace1_0 where kcwace1_0.id=?
2026-08-17T16:07:02.104+05:30 DEBUG 15732 --- [aplus-kids-api] [   scheduling-1] org.hibernate.SQL                        : select kcwace1_0.id,kcwace1_0.access_token_encrypted,kcwace1_0.business_account_id,kcwace1_0.graph_api_version,kcwace1_0.last_test_message,kcwace1_0.last_test_status,kcwace1_0.last_tested_at,kcwace1_0.phone_number_id,kcwace1_0.updated_at from kids_champ_whatsapp_config kcwace1_0 where kcwace1_0.id=?
2026-08-17T16:07:03.503+05:30 DEBUG 15732 --- [aplus-kids-api] [   scheduling-1] org.hibernate.SQL                        : select kcwace1_0.id,kcwace1_0.access_token_encrypted,kcwace1_0.business_account_id,kcwace1_0.graph_api_version,kcwace1_0.last_test_message,kcwace1_0.last_test_status,kcwace1_0.last_tested_at,kcwace1_0.phone_number_id,kcwace1_0.updated_at from kids_champ_whatsapp_config kcwace1_0 where kcwace1_0.id=?
2026-08-17T16:07:04.520+05:30 DEBUG 15732 --- [aplus-kids-api] [   scheduling-1] org.hibernate.SQL                        : select kcwace1_0.id,kcwace1_0.access_token_encrypted,kcwace1_0.business_account_id,kcwace1_0.graph_api_version,kcwace1_0.last_test_message,kcwace1_0.last_test_status,kcwace1_0.last_tested_at,kcwace1_0.phone_number_id,kcwace1_0.updated_at from kids_champ_whatsapp_config kcwace1_0 where kcwace1_0.id=?
2026-08-17T16:07:05.586+05:30 DEBUG 15732 --- [aplus-kids-api] [   scheduling-1] org.hibernate.SQL                        : select kcwace1_0.id,kcwace1_0.access_token_encrypted,kcwace1_0.business_account_id,kcwace1_0.graph_api_version,kcwace1_0.last_test_message,kcwace1_0.last_test_status,kcwace1_0.last_tested_at,kcwace1_0.phone_number_id,kcwace1_0.updated_at from kids_champ_whatsapp_config kcwace1_0 where kcwace1_0.id=?
2026-08-17T16:07:06.601+05:30 DEBUG 15732 --- [aplus-kids-api] [   scheduling-1] org.hibernate.SQL                        : select kcwace1_0.id,kcwace1_0.access_token_encrypted,kcwace1_0.business_account_id,kcwace1_0.graph_api_version,kcwace1_0.last_test_message,kcwace1_0.last_test_status,kcwace1_0.last_tested_at,kcwace1_0.phone_number_id,kcwace1_0.updated_at from kids_champ_whatsapp_config kcwace1_0 where kcwace1_0.id=?
2026-08-17T16:07:06.653+05:30 DEBUG 15732 --- [aplus-kids-api] [   scheduling-1] org.hibernate.SQL                        : select kcmre1_0.id,kcmre1_0.attempts,kcmre1_0.campaign_id,kcmre1_0.delivered_at,kcmre1_0.destination,kcmre1_0.failure_reason,kcmre1_0.last_attempt_at,kcmre1_0.next_attempt_at,kcmre1_0.participant_name,kcmre1_0.participant_reference,kcmre1_0.provider_message_id,kcmre1_0.read_at,kcmre1_0.rendered_message,kcmre1_0.sent_at,kcmre1_0.status,kcmre1_0.template_language_code,kcmre1_0.template_name,kcmre1_0.template_parameters from kids_champ_message_recipients kcmre1_0 where kcmre1_0.status=? and kcmre1_0.next_attempt_at<=? order by kcmre1_0.id fetch first ? rows only for no key update of kcmre1_0
2026-08-17T16:07:07.669+05:30 DEBUG 15732 --- [aplus-kids-api] [   scheduling-1] org.hibernate.SQL                        : select kcwace1_0.id,kcwace1_0.access_token_encrypted,kcwace1_0.business_account_id,kcwace1_0.graph_api_version,kcwace1_0.last_test_message,kcwace1_0.last_test_status,kcwace1_0.last_tested_at,kcwace1_0.phone_number_id,kcwace1_0.updated_at from kids_champ_whatsapp_config kcwace1_0 where kcwace1_0.id=?
2026-08-17T16:07:08.686+05:30 DEBUG 15732 --- [aplus-kids-api] [   scheduling-1] org.hibernate.SQL                        : select kcwace1_0.id,kcwace1_0.access_token_encrypted,kcwace1_0.business_account_id,kcwace1_0.graph_api_version,kcwace1_0.last_test_message,kcwace1_0.last_test_status,kcwace1_0.last_tested_at,kcwace1_0.phone_number_id,kcwace1_0.updated_at from kids_champ_whatsapp_config kcwace1_0 where kcwace1_0.id=?
2026-08-17T16:07:09.786+05:30 DEBUG 15732 --- [aplus-kids-api] [   scheduling-1] org.hibernate.SQL                        : select kcwace1_0.id,kcwace1_0.access_token_encrypted,kcwace1_0.business_account_id,kcwace1_0.graph_api_version,kcwace1_0.last_test_message,kcwace1_0.last_test_status,kcwace1_0.last_tested_at,kcwace1_0.phone_number_id,kcwace1_0.updated_at from kids_champ_whatsapp_config kcwace1_0 where kcwace1_0.id=?
2026-08-17T16:07:10.803+05:30 DEBUG 15732 --- [aplus-kids-api] [   scheduling-1] org.hibernate.SQL                        : select kcwace1_0.id,kcwace1_0.access_token_encrypted,kcwace1_0.business_account_id,kcwace1_0.graph_api_version,kcwace1_0.last_test_message,kcwace1_0.last_test_status,kcwace1_0.last_tested_at,kcwace1_0.phone_number_id,kcwace1_0.updated_at from kids_champ_whatsapp_config kcwace1_0 where kcwace1_0.id=?
2026-08-17T16:07:11.818+05:30 DEBUG 15732 --- [aplus-kids-api] [   scheduling-1] org.hibernate.SQL                        : select kcwace1_0.id,kcwace1_0.access_token_encrypted,kcwace1_0.business_account_id,kcwace1_0.graph_api_version,kcwace1_0.last_test_message,kcwace1_0.last_test_status,kcwace1_0.last_tested_at,kcwace1_0.phone_number_id,kcwace1_0.updated_at from kids_champ_whatsapp_config kcwace1_0 where kcwace1_0.id=?
2026-08-17T16:07:12.836+05:30 DEBUG 15732 --- [aplus-kids-api] [   scheduling-1] org.hibernate.SQL                        : select kcwace1_0.id,kcwace1_0.access_token_encrypted,kcwace1_0.business_account_id,kcwace1_0.graph_api_version,kcwace1_0.last_test_message,kcwace1_0.last_test_status,kcwace1_0.last_tested_at,kcwace1_0.phone_number_id,kcwace1_0.updated_at from kids_champ_whatsapp_config kcwace1_0 where kcwace1_0.id=?
2026-08-17T16:07:13.851+05:30 DEBUG 15732 --- [aplus-kids-api] [   scheduling-1] org.hibernate.SQL                        : select kcwace1_0.id,kcwace1_0.access_token_encrypted,kcwace1_0.business_account_id,kcwace1_0.graph_api_version,kcwace1_0.last_test_message,kcwace1_0.last_test_status,kcwace1_0.last_tested_at,kcwace1_0.phone_number_id,kcwace1_0.updated_at from kids_champ_whatsapp_config kcwace1_0 where kcwace1_0.id=?
2026-08-17T16:07:14.868+05:30 DEBUG 15732 --- [aplus-kids-api] [   scheduling-1] org.hibernate.SQL                        : select kcwace1_0.id,kcwace1_0.access_token_encrypted,kcwace1_0.business_account_id,kcwace1_0.graph_api_version,kcwace1_0.last_test_message,kcwace1_0.last_test_status,kcwace1_0.last_tested_at,kcwace1_0.phone_number_id,kcwace1_0.updated_at from kids_champ_whatsapp_config kcwace1_0 where kcwace1_0.id=?
2026-08-17T16:07:15.953+05:30 DEBUG 15732 --- [aplus-kids-api] [   scheduling-1] org.hibernate.SQL                        : select kcwace1_0.id,kcwace1_0.access_token_encrypted,kcwace1_0.business_account_id,kcwace1_0.graph_api_version,kcwace1_0.last_test_message,kcwace1_0.last_test_status,kcwace1_0.last_tested_at,kcwace1_0.phone_number_id,kcwace1_0.updated_at from kids_champ_whatsapp_config kcwace1_0 where kcwace1_0.id=?
2026-08-17T16:07:15.953+05:30 DEBUG 15732 --- [aplus-kids-api] [   scheduling-1] org.hibernate.SQL                        : select kcmre1_0.id,kcmre1_0.attempts,kcmre1_0.campaign_id,kcmre1_0.delivered_at,kcmre1_0.destination,kcmre1_0.failure_reason,kcmre1_0.last_attempt_at,kcmre1_0.next_attempt_at,kcmre1_0.participant_name,kcmre1_0.participant_reference,kcmre1_0.provider_message_id,kcmre1_0.read_at,kcmre1_0.rendered_message,kcmre1_0.sent_at,kcmre1_0.status,kcmre1_0.template_language_code,kcmre1_0.template_name,kcmre1_0.template_parameters from kids_champ_message_recipients kcmre1_0 where kcmre1_0.status=? and kcmre1_0.next_attempt_at<=? order by kcmre1_0.id fetch first ? rows only for no key update of kcmre1_0
2026-08-17T16:07:16.970+05:30 DEBUG 15732 --- [aplus-kids-api] [   scheduling-1] org.hibernate.SQL                        : select kcwace1_0.id,kcwace1_0.access_token_encrypted,kcwace1_0.business_account_id,kcwace1_0.graph_api_version,kcwace1_0.last_test_message,kcwace1_0.last_test_status,kcwace1_0.last_tested_at,kcwace1_0.phone_number_id,kcwace1_0.updated_at from kids_champ_whatsapp_config kcwace1_0 where kcwace1_0.id=?
2026-08-17T16:07:18.020+05:30 DEBUG 15732 --- [aplus-kids-api] [   scheduling-1] org.hibernate.SQL                        : select kcwace1_0.id,kcwace1_0.access_token_encrypted,kcwace1_0.business_account_id,kcwace1_0.graph_api_version,kcwace1_0.last_test_message,kcwace1_0.last_test_status,kcwace1_0.last_tested_at,kcwace1_0.phone_number_id,kcwace1_0.updated_at from kids_champ_whatsapp_config kcwace1_0 where kcwace1_0.id=?
2026-08-17T16:07:19.036+05:30 DEBUG 15732 --- [aplus-kids-api] [   scheduling-1] org.hibernate.SQL                        : select kcwace1_0.id,kcwace1_0.access_token_encrypted,kcwace1_0.business_account_id,kcwace1_0.graph_api_version,kcwace1_0.last_test_message,kcwace1_0.last_test_status,kcwace1_0.last_tested_at,kcwace1_0.phone_number_id,kcwace1_0.updated_at from kids_champ_whatsapp_config kcwace1_0 where kcwace1_0.id=?
2026-08-17T16:07:20.053+05:30 DEBUG 15732 --- [aplus-kids-api] [   scheduling-1] org.hibernate.SQL                        : select kcwace1_0.id,kcwace1_0.access_token_encrypted,kcwace1_0.business_account_id,kcwace1_0.graph_api_version,kcwace1_0.last_test_message,kcwace1_0.last_test_status,kcwace1_0.last_tested_at,kcwace1_0.phone_number_id,kcwace1_0.updated_at from kids_champ_whatsapp_config kcwace1_0 where kcwace1_0.id=?
2026-08-17T16:07:21.103+05:30 DEBUG 15732 --- [aplus-kids-api] [   scheduling-1] org.hibernate.SQL                        : select kcwace1_0.id,kcwace1_0.access_token_encrypted,kcwace1_0.business_account_id,kcwace1_0.graph_api_version,kcwace1_0.last_test_message,kcwace1_0.last_test_status,kcwace1_0.last_tested_at,kcwace1_0.phone_number_id,kcwace1_0.updated_at from kids_champ_whatsapp_config kcwace1_0 where kcwace1_0.id=?
2026-08-17T16:07:21.103+05:30 DEBUG 15732 --- [aplus-kids-api] [   scheduling-1] org.hibernate.SQL                        : select kcmre1_0.id,kcmre1_0.attempts,kcmre1_0.campaign_id,kcmre1_0.delivered_at,kcmre1_0.destination,kcmre1_0.failure_reason,kcmre1_0.last_attempt_at,kcmre1_0.next_attempt_at,kcmre1_0.participant_name,kcmre1_0.participant_reference,kcmre1_0.provider_message_id,kcmre1_0.read_at,kcmre1_0.rendered_message,kcmre1_0.sent_at,kcmre1_0.status,kcmre1_0.template_language_code,kcmre1_0.template_name,kcmre1_0.template_parameters from kids_champ_message_recipients kcmre1_0 where kcmre1_0.status=? and kcmre1_0.next_attempt_at<=? order by kcmre1_0.id fetch first ? rows only for no key update of kcmre1_0
2026-08-17T16:07:22.119+05:30 DEBUG 15732 --- [aplus-kids-api] [   scheduling-1] org.hibernate.SQL                        : select kcwace1_0.id,kcwace1_0.access_token_encrypted,kcwace1_0.business_account_id,kcwace1_0.graph_api_version,kcwace1_0.last_test_message,kcwace1_0.last_test_status,kcwace1_0.last_tested_at,kcwace1_0.phone_number_id,kcwace1_0.updated_at from kids_champ_whatsapp_config kcwace1_0 where kcwace1_0.id=?
2026-08-17T16:07:23.136+05:30 DEBUG 15732 --- [aplus-kids-api] [   scheduling-1] org.hibernate.SQL                        : select kcwace1_0.id,kcwace1_0.access_token_encrypted,kcwace1_0.business_account_id,kcwace1_0.graph_api_version,kcwace1_0.last_test_message,kcwace1_0.last_test_status,kcwace1_0.last_tested_at,kcwace1_0.phone_number_id,kcwace1_0.updated_at from kids_champ_whatsapp_config kcwace1_0 where kcwace1_0.id=?
2026-08-17T16:07:24.438+05:30 DEBUG 15732 --- [aplus-kids-api] [   scheduling-1] org.hibernate.SQL                        : select kcwace1_0.id,kcwace1_0.access_token_encrypted,kcwace1_0.business_account_id,kcwace1_0.graph_api_version,kcwace1_0.last_test_message,kcwace1_0.last_test_status,kcwace1_0.last_tested_at,kcwace1_0.phone_number_id,kcwace1_0.updated_at from kids_champ_whatsapp_config kcwace1_0 where kcwace1_0.id=?
2026-08-17T16:07:25.453+05:30 DEBUG 15732 --- [aplus-kids-api] [   scheduling-1] org.hibernate.SQL                        : select kcwace1_0.id,kcwace1_0.access_token_encrypted,kcwace1_0.business_account_id,kcwace1_0.graph_api_version,kcwace1_0.last_test_message,kcwace1_0.last_test_status,kcwace1_0.last_tested_at,kcwace1_0.phone_number_id,kcwace1_0.updated_at from kids_champ_whatsapp_config kcwace1_0 where kcwace1_0.id=?
2026-08-17T16:07:25.453+05:30 DEBUG 15732 --- [aplus-kids-api] [   scheduling-1] org.hibernate.SQL                        : select kcmre1_0.id,kcmre1_0.attempts,kcmre1_0.campaign_id,kcmre1_0.delivered_at,kcmre1_0.destination,kcmre1_0.failure_reason,kcmre1_0.last_attempt_at,kcmre1_0.next_attempt_at,kcmre1_0.participant_name,kcmre1_0.participant_reference,kcmre1_0.provider_message_id,kcmre1_0.read_at,kcmre1_0.rendered_message,kcmre1_0.sent_at,kcmre1_0.status,kcmre1_0.template_language_code,kcmre1_0.template_name,kcmre1_0.template_parameters from kids_champ_message_recipients kcmre1_0 where kcmre1_0.status=? and kcmre1_0.next_attempt_at<=? order by kcmre1_0.id fetch first ? rows only for no key update of kcmre1_0
2026-08-17T16:07:26.469+05:30 DEBUG 15732 --- [aplus-kids-api] [   scheduling-1] org.hibernate.SQL                        : select kcwace1_0.id,kcwace1_0.access_token_encrypted,kcwace1_0.business_account_id,kcwace1_0.graph_api_version,kcwace1_0.last_test_message,kcwace1_0.last_test_status,kcwace1_0.last_tested_at,kcwace1_0.phone_number_id,kcwace1_0.updated_at from kids_champ_whatsapp_config kcwace1_0 where kcwace1_0.id=?
2026-08-17T16:07:27.486+05:30 DEBUG 15732 --- [aplus-kids-api] [   scheduling-1] org.hibernate.SQL                        : select kcwace1_0.id,kcwace1_0.access_token_encrypted,kcwace1_0.business_account_id,kcwace1_0.graph_api_version,kcwace1_0.last_test_message,kcwace1_0.last_test_status,kcwace1_0.last_tested_at,kcwace1_0.phone_number_id,kcwace1_0.updated_at from kids_champ_whatsapp_config kcwace1_0 where kcwace1_0.id=?
2026-08-17T16:07:28.500+05:30 DEBUG 15732 --- [aplus-kids-api] [   scheduling-1] org.hibernate.SQL                        : select kcwace1_0.id,kcwace1_0.access_token_encrypted,kcwace1_0.business_account_id,kcwace1_0.graph_api_version,kcwace1_0.last_test_message,kcwace1_0.last_test_status,kcwace1_0.last_tested_at,kcwace1_0.phone_number_id,kcwace1_0.updated_at from kids_champ_whatsapp_config kcwace1_0 where kcwace1_0.id=?
2026-08-17T16:07:29.536+05:30 DEBUG 15732 --- [aplus-kids-api] [   scheduling-1] org.hibernate.SQL                        : select kcwace1_0.id,kcwace1_0.access_token_encrypted,kcwace1_0.business_account_id,kcwace1_0.graph_api_version,kcwace1_0.last_test_message,kcwace1_0.last_test_status,kcwace1_0.last_tested_at,kcwace1_0.phone_number_id,kcwace1_0.updated_at from kids_champ_whatsapp_config kcwace1_0 where kcwace1_0.id=?
2026-08-17T16:07:29.536+05:30 DEBUG 15732 --- [aplus-kids-api] [   scheduling-1] org.hibernate.SQL                        : select kcmre1_0.id,kcmre1_0.attempts,kcmre1_0.campaign_id,kcmre1_0.delivered_at,kcmre1_0.destination,kcmre1_0.failure_reason,kcmre1_0.last_attempt_at,kcmre1_0.next_attempt_at,kcmre1_0.participant_name,kcmre1_0.participant_reference,kcmre1_0.provider_message_id,kcmre1_0.read_at,kcmre1_0.rendered_message,kcmre1_0.sent_at,kcmre1_0.status,kcmre1_0.template_language_code,kcmre1_0.template_name,kcmre1_0.template_parameters from kids_champ_message_recipients kcmre1_0 where kcmre1_0.status=? and kcmre1_0.next_attempt_at<=? order by kcmre1_0.id fetch first ? rows only for no key update of kcmre1_0
2026-08-17T16:07:30.552+05:30 DEBUG 15732 --- [aplus-kids-api] [   scheduling-1] org.hibernate.SQL                        : select kcwace1_0.id,kcwace1_0.access_token_encrypted,kcwace1_0.business_account_id,kcwace1_0.graph_api_version,kcwace1_0.last_test_message,kcwace1_0.last_test_status,kcwace1_0.last_tested_at,kcwace1_0.phone_number_id,kcwace1_0.updated_at from kids_champ_whatsapp_config kcwace1_0 where kcwace1_0.id=?
2026-08-17T16:07:31.568+05:30 DEBUG 15732 --- [aplus-kids-api] [   scheduling-1] org.hibernate.SQL                        : select kcwace1_0.id,kcwace1_0.access_token_encrypted,kcwace1_0.business_account_id,kcwace1_0.graph_api_version,kcwace1_0.last_test_message,kcwace1_0.last_test_status,kcwace1_0.last_tested_at,kcwace1_0.phone_number_id,kcwace1_0.updated_at from kids_champ_whatsapp_config kcwace1_0 where kcwace1_0.id=?
2026-08-17T16:07:32.584+05:30 DEBUG 15732 --- [aplus-kids-api] [   scheduling-1] org.hibernate.SQL                        : select kcwace1_0.id,kcwace1_0.access_token_encrypted,kcwace1_0.business_account_id,kcwace1_0.graph_api_version,kcwace1_0.last_test_message,kcwace1_0.last_test_status,kcwace1_0.last_tested_at,kcwace1_0.phone_number_id,kcwace1_0.updated_at from kids_champ_whatsapp_config kcwace1_0 where kcwace1_0.id=?
2026-08-17T16:07:33.669+05:30 DEBUG 15732 --- [aplus-kids-api] [   scheduling-1] org.hibernate.SQL                        : select kcwace1_0.id,kcwace1_0.access_token_encrypted,kcwace1_0.business_account_id,kcwace1_0.graph_api_version,kcwace1_0.last_test_message,kcwace1_0.last_test_status,kcwace1_0.last_tested_at,kcwace1_0.phone_number_id,kcwace1_0.updated_at from kids_champ_whatsapp_config kcwace1_0 where kcwace1_0.id=?
2026-08-17T16:07:34.736+05:30 DEBUG 15732 --- [aplus-kids-api] [   scheduling-1] org.hibernate.SQL                        : select kcwace1_0.id,kcwace1_0.access_token_encrypted,kcwace1_0.business_account_id,kcwace1_0.graph_api_version,kcwace1_0.last_test_message,kcwace1_0.last_test_status,kcwace1_0.last_tested_at,kcwace1_0.phone_number_id,kcwace1_0.updated_at from kids_champ_whatsapp_config kcwace1_0 where kcwace1_0.id=?
2026-08-17T16:07:34.919+05:30 DEBUG 15732 --- [aplus-kids-api] [   scheduling-1] org.hibernate.SQL                        : select kcmre1_0.id,kcmre1_0.attempts,kcmre1_0.campaign_id,kcmre1_0.delivered_at,kcmre1_0.destination,kcmre1_0.failure_reason,kcmre1_0.last_attempt_at,kcmre1_0.next_attempt_at,kcmre1_0.participant_name,kcmre1_0.participant_reference,kcmre1_0.provider_message_id,kcmre1_0.read_at,kcmre1_0.rendered_message,kcmre1_0.sent_at,kcmre1_0.status,kcmre1_0.template_language_code,kcmre1_0.template_name,kcmre1_0.template_parameters from kids_champ_message_recipients kcmre1_0 where kcmre1_0.status=? and kcmre1_0.last_attempt_at<?
2026-08-17T16:07:35.753+05:30 DEBUG 15732 --- [aplus-kids-api] [   scheduling-1] org.hibernate.SQL                        : select kcwace1_0.id,kcwace1_0.access_token_encrypted,kcwace1_0.business_account_id,kcwace1_0.graph_api_version,kcwace1_0.last_test_message,kcwace1_0.last_test_status,kcwace1_0.last_tested_at,kcwace1_0.phone_number_id,kcwace1_0.updated_at from kids_champ_whatsapp_config kcwace1_0 where kcwace1_0.id=?
2026-08-17T16:07:35.753+05:30 DEBUG 15732 --- [aplus-kids-api] [   scheduling-1] org.hibernate.SQL                        : select kcmre1_0.id,kcmre1_0.attempts,kcmre1_0.campaign_id,kcmre1_0.delivered_at,kcmre1_0.destination,kcmre1_0.failure_reason,kcmre1_0.last_attempt_at,kcmre1_0.next_attempt_at,kcmre1_0.participant_name,kcmre1_0.participant_reference,kcmre1_0.provider_message_id,kcmre1_0.read_at,kcmre1_0.rendered_message,kcmre1_0.sent_at,kcmre1_0.status,kcmre1_0.template_language_code,kcmre1_0.template_name,kcmre1_0.template_parameters from kids_champ_message_recipients kcmre1_0 where kcmre1_0.status=? and kcmre1_0.next_attempt_at<=? order by kcmre1_0.id fetch first ? rows only for no key update of kcmre1_0
2026-08-17T16:07:36.769+05:30 DEBUG 15732 --- [aplus-kids-api] [   scheduling-1] org.hibernate.SQL                        : select kcwace1_0.id,kcwace1_0.access_token_encrypted,kcwace1_0.business_account_id,kcwace1_0.graph_api_version,kcwace1_0.last_test_message,kcwace1_0.last_test_status,kcwace1_0.last_tested_at,kcwace1_0.phone_number_id,kcwace1_0.updated_at from kids_champ_whatsapp_config kcwace1_0 where kcwace1_0.id=?
2026-08-17T16:07:37.836+05:30 DEBUG 15732 --- [aplus-kids-api] [   scheduling-1] org.hibernate.SQL                        : select kcwace1_0.id,kcwace1_0.access_token_encrypted,kcwace1_0.business_account_id,kcwace1_0.graph_api_version,kcwace1_0.last_test_message,kcwace1_0.last_test_status,kcwace1_0.last_tested_at,kcwace1_0.phone_number_id,kcwace1_0.updated_at from kids_champ_whatsapp_config kcwace1_0 where kcwace1_0.id=?
2026-08-17T16:07:38.902+05:30 DEBUG 15732 --- [aplus-kids-api] [   scheduling-1] org.hibernate.SQL                        : select kcwace1_0.id,kcwace1_0.access_token_encrypted,kcwace1_0.business_account_id,kcwace1_0.graph_api_version,kcwace1_0.last_test_message,kcwace1_0.last_test_status,kcwace1_0.last_tested_at,kcwace1_0.phone_number_id,kcwace1_0.updated_at from kids_champ_whatsapp_config kcwace1_0 where kcwace1_0.id=?
2026-08-17T16:07:39.969+05:30 DEBUG 15732 --- [aplus-kids-api] [   scheduling-1] org.hibernate.SQL                        : select kcwace1_0.id,kcwace1_0.access_token_encrypted,kcwace1_0.business_account_id,kcwace1_0.graph_api_version,kcwace1_0.last_test_message,kcwace1_0.last_test_status,kcwace1_0.last_tested_at,kcwace1_0.phone_number_id,kcwace1_0.updated_at from kids_champ_whatsapp_config kcwace1_0 where kcwace1_0.id=?
2026-08-17T16:07:40.986+05:30 DEBUG 15732 --- [aplus-kids-api] [   scheduling-1] org.hibernate.SQL                        : select kcwace1_0.id,kcwace1_0.access_token_encrypted,kcwace1_0.business_account_id,kcwace1_0.graph_api_version,kcwace1_0.last_test_message,kcwace1_0.last_test_status,kcwace1_0.last_tested_at,kcwace1_0.phone_number_id,kcwace1_0.updated_at from kids_champ_whatsapp_config kcwace1_0 where kcwace1_0.id=?
2026-08-17T16:07:42.004+05:30 DEBUG 15732 --- [aplus-kids-api] [   scheduling-1] org.hibernate.SQL                        : select kcwace1_0.id,kcwace1_0.access_token_encrypted,kcwace1_0.business_account_id,kcwace1_0.graph_api_version,kcwace1_0.last_test_message,kcwace1_0.last_test_status,kcwace1_0.last_tested_at,kcwace1_0.phone_number_id,kcwace1_0.updated_at from kids_champ_whatsapp_config kcwace1_0 where kcwace1_0.id=?
2026-08-17T16:07:42.004+05:30 DEBUG 15732 --- [aplus-kids-api] [   scheduling-1] org.hibernate.SQL                        : select kcmre1_0.id,kcmre1_0.attempts,kcmre1_0.campaign_id,kcmre1_0.delivered_at,kcmre1_0.destination,kcmre1_0.failure_reason,kcmre1_0.last_attempt_at,kcmre1_0.next_attempt_at,kcmre1_0.participant_name,kcmre1_0.participant_reference,kcmre1_0.provider_message_id,kcmre1_0.read_at,kcmre1_0.rendered_message,kcmre1_0.sent_at,kcmre1_0.status,kcmre1_0.template_language_code,kcmre1_0.template_name,kcmre1_0.template_parameters from kids_champ_message_recipients kcmre1_0 where kcmre1_0.status=? and kcmre1_0.next_attempt_at<=? order by kcmre1_0.id fetch first ? rows only for no key update of kcmre1_0
2026-08-17T16:07:43.020+05:30 DEBUG 15732 --- [aplus-kids-api] [   scheduling-1] org.hibernate.SQL                        : select kcwace1_0.id,kcwace1_0.access_token_encrypted,kcwace1_0.business_account_id,kcwace1_0.graph_api_version,kcwace1_0.last_test_message,kcwace1_0.last_test_status,kcwace1_0.last_tested_at,kcwace1_0.phone_number_id,kcwace1_0.updated_at from kids_champ_whatsapp_config kcwace1_0 where kcwace1_0.id=?
2026-08-17T16:07:44.036+05:30 DEBUG 15732 --- [aplus-kids-api] [   scheduling-1] org.hibernate.SQL                        : select kcwace1_0.id,kcwace1_0.access_token_encrypted,kcwace1_0.business_account_id,kcwace1_0.graph_api_version,kcwace1_0.last_test_message,kcwace1_0.last_test_status,kcwace1_0.last_tested_at,kcwace1_0.phone_number_id,kcwace1_0.updated_at from kids_champ_whatsapp_config kcwace1_0 where kcwace1_0.id=?
2026-08-17T16:07:45.068+05:30 DEBUG 15732 --- [aplus-kids-api] [   scheduling-1] org.hibernate.SQL                        : select kcwace1_0.id,kcwace1_0.access_token_encrypted,kcwace1_0.business_account_id,kcwace1_0.graph_api_version,kcwace1_0.last_test_message,kcwace1_0.last_test_status,kcwace1_0.last_tested_at,kcwace1_0.phone_number_id,kcwace1_0.updated_at from kids_champ_whatsapp_config kcwace1_0 where kcwace1_0.id=?
2026-08-17T16:07:46.270+05:30 DEBUG 15732 --- [aplus-kids-api] [   scheduling-1] org.hibernate.SQL                        : select kcwace1_0.id,kcwace1_0.access_token_encrypted,kcwace1_0.business_account_id,kcwace1_0.graph_api_version,kcwace1_0.last_test_message,kcwace1_0.last_test_status,kcwace1_0.last_tested_at,kcwace1_0.phone_number_id,kcwace1_0.updated_at from kids_champ_whatsapp_config kcwace1_0 where kcwace1_0.id=?
2026-08-17T16:07:47.385+05:30 DEBUG 15732 --- [aplus-kids-api] [   scheduling-1] org.hibernate.SQL                        : select kcwace1_0.id,kcwace1_0.access_token_encrypted,kcwace1_0.business_account_id,kcwace1_0.graph_api_version,kcwace1_0.last_test_message,kcwace1_0.last_test_status,kcwace1_0.last_tested_at,kcwace1_0.phone_number_id,kcwace1_0.updated_at from kids_champ_whatsapp_config kcwace1_0 where kcwace1_0.id=?
2026-08-17T16:07:48.434+05:30 DEBUG 15732 --- [aplus-kids-api] [   scheduling-1] org.hibernate.SQL                        : select kcwace1_0.id,kcwace1_0.access_token_encrypted,kcwace1_0.business_account_id,kcwace1_0.graph_api_version,kcwace1_0.last_test_message,kcwace1_0.last_test_status,kcwace1_0.last_tested_at,kcwace1_0.phone_number_id,kcwace1_0.updated_at from kids_champ_whatsapp_config kcwace1_0 where kcwace1_0.id=?
2026-08-17T16:07:49.455+05:30 DEBUG 15732 --- [aplus-kids-api] [   scheduling-1] org.hibernate.SQL                        : select kcwace1_0.id,kcwace1_0.access_token_encrypted,kcwace1_0.business_account_id,kcwace1_0.graph_api_version,kcwace1_0.last_test_message,kcwace1_0.last_test_status,kcwace1_0.last_tested_at,kcwace1_0.phone_number_id,kcwace1_0.updated_at from kids_champ_whatsapp_config kcwace1_0 where kcwace1_0.id=?
2026-08-17T16:07:50.487+05:30 DEBUG 15732 --- [aplus-kids-api] [   scheduling-1] org.hibernate.SQL                        : select kcwace1_0.id,kcwace1_0.access_token_encrypted,kcwace1_0.business_account_id,kcwace1_0.graph_api_version,kcwace1_0.last_test_message,kcwace1_0.last_test_status,kcwace1_0.last_tested_at,kcwace1_0.phone_number_id,kcwace1_0.updated_at from kids_champ_whatsapp_config kcwace1_0 where kcwace1_0.id=?
2026-08-17T16:07:51.500+05:30 DEBUG 15732 --- [aplus-kids-api] [   scheduling-1] org.hibernate.SQL                        : select kcwace1_0.id,kcwace1_0.access_token_encrypted,kcwace1_0.business_account_id,kcwace1_0.graph_api_version,kcwace1_0.last_test_message,kcwace1_0.last_test_status,kcwace1_0.last_tested_at,kcwace1_0.phone_number_id,kcwace1_0.updated_at from kids_champ_whatsapp_config kcwace1_0 where kcwace1_0.id=?
2026-08-17T16:07:51.531+05:30 DEBUG 15732 --- [aplus-kids-api] [   scheduling-1] org.hibernate.SQL                        : select kcmre1_0.id,kcmre1_0.attempts,kcmre1_0.campaign_id,kcmre1_0.delivered_at,kcmre1_0.destination,kcmre1_0.failure_reason,kcmre1_0.last_attempt_at,kcmre1_0.next_attempt_at,kcmre1_0.participant_name,kcmre1_0.participant_reference,kcmre1_0.provider_message_id,kcmre1_0.read_at,kcmre1_0.rendered_message,kcmre1_0.sent_at,kcmre1_0.status,kcmre1_0.template_language_code,kcmre1_0.template_name,kcmre1_0.template_parameters from kids_champ_message_recipients kcmre1_0 where kcmre1_0.status=? and kcmre1_0.next_attempt_at<=? order by kcmre1_0.id fetch first ? rows only for no key update of kcmre1_0
2026-08-17T16:07:52.542+05:30 DEBUG 15732 --- [aplus-kids-api] [   scheduling-1] org.hibernate.SQL                        : select kcwace1_0.id,kcwace1_0.access_token_encrypted,kcwace1_0.business_account_id,kcwace1_0.graph_api_version,kcwace1_0.last_test_message,kcwace1_0.last_test_status,kcwace1_0.last_tested_at,kcwace1_0.phone_number_id,kcwace1_0.updated_at from kids_champ_whatsapp_config kcwace1_0 where kcwace1_0.id=?
2026-08-17T16:07:53.606+05:30 DEBUG 15732 --- [aplus-kids-api] [   scheduling-1] org.hibernate.SQL                        : select kcwace1_0.id,kcwace1_0.access_token_encrypted,kcwace1_0.business_account_id,kcwace1_0.graph_api_version,kcwace1_0.last_test_message,kcwace1_0.last_test_status,kcwace1_0.last_tested_at,kcwace1_0.phone_number_id,kcwace1_0.updated_at from kids_champ_whatsapp_config kcwace1_0 where kcwace1_0.id=?
2026-08-17T16:07:54.694+05:30 DEBUG 15732 --- [aplus-kids-api] [   scheduling-1] org.hibernate.SQL                        : select kcwace1_0.id,kcwace1_0.access_token_encrypted,kcwace1_0.business_account_id,kcwace1_0.graph_api_version,kcwace1_0.last_test_message,kcwace1_0.last_test_status,kcwace1_0.last_tested_at,kcwace1_0.phone_number_id,kcwace1_0.updated_at from kids_champ_whatsapp_config kcwace1_0 where kcwace1_0.id=?
2026-08-17T16:07:55.852+05:30 DEBUG 15732 --- [aplus-kids-api] [   scheduling-1] org.hibernate.SQL                        : select kcwace1_0.id,kcwace1_0.access_token_encrypted,kcwace1_0.business_account_id,kcwace1_0.graph_api_version,kcwace1_0.last_test_message,kcwace1_0.last_test_status,kcwace1_0.last_tested_at,kcwace1_0.phone_number_id,kcwace1_0.updated_at from kids_champ_whatsapp_config kcwace1_0 where kcwace1_0.id=?
2026-08-17T16:07:55.953+05:30 DEBUG 15732 --- [aplus-kids-api] [   scheduling-1] org.hibernate.SQL                        : select kcmre1_0.id,kcmre1_0.attempts,kcmre1_0.campaign_id,kcmre1_0.delivered_at,kcmre1_0.destination,kcmre1_0.failure_reason,kcmre1_0.last_attempt_at,kcmre1_0.next_attempt_at,kcmre1_0.participant_name,kcmre1_0.participant_reference,kcmre1_0.provider_message_id,kcmre1_0.read_at,kcmre1_0.rendered_message,kcmre1_0.sent_at,kcmre1_0.status,kcmre1_0.template_language_code,kcmre1_0.template_name,kcmre1_0.template_parameters from kids_champ_message_recipients kcmre1_0 where kcmre1_0.status=? and kcmre1_0.next_attempt_at<=? order by kcmre1_0.id fetch first ? rows only for no key update of kcmre1_0
2026-08-17T16:07:56.972+05:30 DEBUG 15732 --- [aplus-kids-api] [   scheduling-1] org.hibernate.SQL                        : select kcwace1_0.id,kcwace1_0.access_token_encrypted,kcwace1_0.business_account_id,kcwace1_0.graph_api_version,kcwace1_0.last_test_message,kcwace1_0.last_test_status,kcwace1_0.last_tested_at,kcwace1_0.phone_number_id,kcwace1_0.updated_at from kids_champ_whatsapp_config kcwace1_0 where kcwace1_0.id=?
2026-08-17T16:07:58.003+05:30 DEBUG 15732 --- [aplus-kids-api] [   scheduling-1] org.hibernate.SQL                        : select kcwace1_0.id,kcwace1_0.access_token_encrypted,kcwace1_0.business_account_id,kcwace1_0.graph_api_version,kcwace1_0.last_test_message,kcwace1_0.last_test_status,kcwace1_0.last_tested_at,kcwace1_0.phone_number_id,kcwace1_0.updated_at from kids_champ_whatsapp_config kcwace1_0 where kcwace1_0.id=?
2026-08-17T16:07:58.037+05:30 DEBUG 15732 --- [aplus-kids-api] [   scheduling-1] org.hibernate.SQL                        : select kcmre1_0.id,kcmre1_0.attempts,kcmre1_0.campaign_id,kcmre1_0.delivered_at,kcmre1_0.destination,kcmre1_0.failure_reason,kcmre1_0.last_attempt_at,kcmre1_0.next_attempt_at,kcmre1_0.participant_name,kcmre1_0.participant_reference,kcmre1_0.provider_message_id,kcmre1_0.read_at,kcmre1_0.rendered_message,kcmre1_0.sent_at,kcmre1_0.status,kcmre1_0.template_language_code,kcmre1_0.template_name,kcmre1_0.template_parameters from kids_champ_message_recipients kcmre1_0 where kcmre1_0.status=? and kcmre1_0.next_attempt_at<=? order by kcmre1_0.id fetch first ? rows only for no key update of kcmre1_0
2026-08-17T16:07:59.220+05:30 DEBUG 15732 --- [aplus-kids-api] [   scheduling-1] org.hibernate.SQL                        : select kcwace1_0.id,kcwace1_0.access_token_encrypted,kcwace1_0.business_account_id,kcwace1_0.graph_api_version,kcwace1_0.last_test_message,kcwace1_0.last_test_status,kcwace1_0.last_tested_at,kcwace1_0.phone_number_id,kcwace1_0.updated_at from kids_champ_whatsapp_config kcwace1_0 where kcwace1_0.id=?
2026-08-17T16:08:00.236+05:30 DEBUG 15732 --- [aplus-kids-api] [   scheduling-1] org.hibernate.SQL                        : select kcwace1_0.id,kcwace1_0.access_token_encrypted,kcwace1_0.business_account_id,kcwace1_0.graph_api_version,kcwace1_0.last_test_message,kcwace1_0.last_test_status,kcwace1_0.last_tested_at,kcwace1_0.phone_number_id,kcwace1_0.updated_at from kids_champ_whatsapp_config kcwace1_0 where kcwace1_0.id=?
2026-08-17T16:08:01.268+05:30 DEBUG 15732 --- [aplus-kids-api] [   scheduling-1] org.hibernate.SQL                        : select kcwace1_0.id,kcwace1_0.access_token_encrypted,kcwace1_0.business_account_id,kcwace1_0.graph_api_version,kcwace1_0.last_test_message,kcwace1_0.last_test_status,kcwace1_0.last_tested_at,kcwace1_0.phone_number_id,kcwace1_0.updated_at from kids_champ_whatsapp_config kcwace1_0 where kcwace1_0.id=?
2026-08-17T16:08:02.341+05:30 DEBUG 15732 --- [aplus-kids-api] [   scheduling-1] org.hibernate.SQL                        : select kcwace1_0.id,kcwace1_0.access_token_encrypted,kcwace1_0.business_account_id,kcwace1_0.graph_api_version,kcwace1_0.last_test_message,kcwace1_0.last_test_status,kcwace1_0.last_tested_at,kcwace1_0.phone_number_id,kcwace1_0.updated_at from kids_champ_whatsapp_config kcwace1_0 where kcwace1_0.id=?
2026-08-17T16:08:03.355+05:30 DEBUG 15732 --- [aplus-kids-api] [   scheduling-1] org.hibernate.SQL                        : select kcwace1_0.id,kcwace1_0.access_token_encrypted,kcwace1_0.business_account_id,kcwace1_0.graph_api_version,kcwace1_0.last_test_message,kcwace1_0.last_test_status,kcwace1_0.last_tested_at,kcwace1_0.phone_number_id,kcwace1_0.updated_at from kids_champ_whatsapp_config kcwace1_0 where kcwace1_0.id=?
2026-08-17T16:08:04.363+05:30 DEBUG 15732 --- [aplus-kids-api] [   scheduling-1] org.hibernate.SQL                        : select kcwace1_0.id,kcwace1_0.access_token_encrypted,kcwace1_0.business_account_id,kcwace1_0.graph_api_version,kcwace1_0.last_test_message,kcwace1_0.last_test_status,kcwace1_0.last_tested_at,kcwace1_0.phone_number_id,kcwace1_0.updated_at from kids_champ_whatsapp_config kcwace1_0 where kcwace1_0.id=?
2026-08-17T16:08:05.367+05:30 DEBUG 15732 --- [aplus-kids-api] [   scheduling-1] org.hibernate.SQL                        : select kcwace1_0.id,kcwace1_0.access_token_encrypted,kcwace1_0.business_account_id,kcwace1_0.graph_api_version,kcwace1_0.last_test_message,kcwace1_0.last_test_status,kcwace1_0.last_tested_at,kcwace1_0.phone_number_id,kcwace1_0.updated_at from kids_champ_whatsapp_config kcwace1_0 where kcwace1_0.id=?
2026-08-17T16:08:06.385+05:30 DEBUG 15732 --- [aplus-kids-api] [   scheduling-1] org.hibernate.SQL                        : select kcwace1_0.id,kcwace1_0.access_token_encrypted,kcwace1_0.business_account_id,kcwace1_0.graph_api_version,kcwace1_0.last_test_message,kcwace1_0.last_test_status,kcwace1_0.last_tested_at,kcwace1_0.phone_number_id,kcwace1_0.updated_at from kids_champ_whatsapp_config kcwace1_0 where kcwace1_0.id=?
2026-08-17T16:08:06.385+05:30 DEBUG 15732 --- [aplus-kids-api] [   scheduling-1] org.hibernate.SQL                        : select kcmre1_0.id,kcmre1_0.attempts,kcmre1_0.campaign_id,kcmre1_0.delivered_at,kcmre1_0.destination,kcmre1_0.failure_reason,kcmre1_0.last_attempt_at,kcmre1_0.next_attempt_at,kcmre1_0.participant_name,kcmre1_0.participant_reference,kcmre1_0.provider_message_id,kcmre1_0.read_at,kcmre1_0.rendered_message,kcmre1_0.sent_at,kcmre1_0.status,kcmre1_0.template_language_code,kcmre1_0.template_name,kcmre1_0.template_parameters from kids_champ_message_recipients kcmre1_0 where kcmre1_0.status=? and kcmre1_0.next_attempt_at<=? order by kcmre1_0.id fetch first ? rows only for no key update of kcmre1_0
2026-08-17T16:08:07.395+05:30 DEBUG 15732 --- [aplus-kids-api] [   scheduling-1] org.hibernate.SQL                        : select kcwace1_0.id,kcwace1_0.access_token_encrypted,kcwace1_0.business_account_id,kcwace1_0.graph_api_version,kcwace1_0.last_test_message,kcwace1_0.last_test_status,kcwace1_0.last_tested_at,kcwace1_0.phone_number_id,kcwace1_0.updated_at from kids_champ_whatsapp_config kcwace1_0 where kcwace1_0.id=?
2026-08-17T16:08:08.411+05:30 DEBUG 15732 --- [aplus-kids-api] [   scheduling-1] org.hibernate.SQL                        : select kcwace1_0.id,kcwace1_0.access_token_encrypted,kcwace1_0.business_account_id,kcwace1_0.graph_api_version,kcwace1_0.last_test_message,kcwace1_0.last_test_status,kcwace1_0.last_tested_at,kcwace1_0.phone_number_id,kcwace1_0.updated_at from kids_champ_whatsapp_config kcwace1_0 where kcwace1_0.id=?
2026-08-17T16:08:09.419+05:30 DEBUG 15732 --- [aplus-kids-api] [   scheduling-1] org.hibernate.SQL                        : select kcwace1_0.id,kcwace1_0.access_token_encrypted,kcwace1_0.business_account_id,kcwace1_0.graph_api_version,kcwace1_0.last_test_message,kcwace1_0.last_test_status,kcwace1_0.last_tested_at,kcwace1_0.phone_number_id,kcwace1_0.updated_at from kids_champ_whatsapp_config kcwace1_0 where kcwace1_0.id=?
2026-08-17T16:08:10.423+05:30 DEBUG 15732 --- [aplus-kids-api] [   scheduling-1] org.hibernate.SQL                        : select kcwace1_0.id,kcwace1_0.access_token_encrypted,kcwace1_0.business_account_id,kcwace1_0.graph_api_version,kcwace1_0.last_test_message,kcwace1_0.last_test_status,kcwace1_0.last_tested_at,kcwace1_0.phone_number_id,kcwace1_0.updated_at from kids_champ_whatsapp_config kcwace1_0 where kcwace1_0.id=?
2026-08-17T16:08:11.433+05:30 DEBUG 15732 --- [aplus-kids-api] [   scheduling-1] org.hibernate.SQL                        : select kcwace1_0.id,kcwace1_0.access_token_encrypted,kcwace1_0.business_account_id,kcwace1_0.graph_api_version,kcwace1_0.last_test_message,kcwace1_0.last_test_status,kcwace1_0.last_tested_at,kcwace1_0.phone_number_id,kcwace1_0.updated_at from kids_champ_whatsapp_config kcwace1_0 where kcwace1_0.id=?
2026-08-17T16:08:12.469+05:30 DEBUG 15732 --- [aplus-kids-api] [   scheduling-1] org.hibernate.SQL                        : select kcwace1_0.id,kcwace1_0.access_token_encrypted,kcwace1_0.business_account_id,kcwace1_0.graph_api_version,kcwace1_0.last_test_message,kcwace1_0.last_test_status,kcwace1_0.last_tested_at,kcwace1_0.phone_number_id,kcwace1_0.updated_at from kids_champ_whatsapp_config kcwace1_0 where kcwace1_0.id=?
2026-08-17T16:08:12.652+05:30 DEBUG 15732 --- [aplus-kids-api] [   scheduling-1] org.hibernate.SQL                        : select kcmre1_0.id,kcmre1_0.attempts,kcmre1_0.campaign_id,kcmre1_0.delivered_at,kcmre1_0.destination,kcmre1_0.failure_reason,kcmre1_0.last_attempt_at,kcmre1_0.next_attempt_at,kcmre1_0.participant_name,kcmre1_0.participant_reference,kcmre1_0.provider_message_id,kcmre1_0.read_at,kcmre1_0.rendered_message,kcmre1_0.sent_at,kcmre1_0.status,kcmre1_0.template_language_code,kcmre1_0.template_name,kcmre1_0.template_parameters from kids_champ_message_recipients kcmre1_0 where kcmre1_0.status=? and kcmre1_0.next_attempt_at<=? order by kcmre1_0.id fetch first ? rows only for no key update of kcmre1_0
2026-08-17T16:08:13.668+05:30 DEBUG 15732 --- [aplus-kids-api] [   scheduling-1] org.hibernate.SQL                        : select kcwace1_0.id,kcwace1_0.access_token_encrypted,kcwace1_0.business_account_id,kcwace1_0.graph_api_version,kcwace1_0.last_test_message,kcwace1_0.last_test_status,kcwace1_0.last_tested_at,kcwace1_0.phone_number_id,kcwace1_0.updated_at from kids_champ_whatsapp_config kcwace1_0 where kcwace1_0.id=?
2026-08-17T16:08:14.687+05:30 DEBUG 15732 --- [aplus-kids-api] [   scheduling-1] org.hibernate.SQL                        : select kcwace1_0.id,kcwace1_0.access_token_encrypted,kcwace1_0.business_account_id,kcwace1_0.graph_api_version,kcwace1_0.last_test_message,kcwace1_0.last_test_status,kcwace1_0.last_tested_at,kcwace1_0.phone_number_id,kcwace1_0.updated_at from kids_champ_whatsapp_config kcwace1_0 where kcwace1_0.id=?
2026-08-17T16:08:15.719+05:30 DEBUG 15732 --- [aplus-kids-api] [   scheduling-1] org.hibernate.SQL                        : select kcwace1_0.id,kcwace1_0.access_token_encrypted,kcwace1_0.business_account_id,kcwace1_0.graph_api_version,kcwace1_0.last_test_message,kcwace1_0.last_test_status,kcwace1_0.last_tested_at,kcwace1_0.phone_number_id,kcwace1_0.updated_at from kids_champ_whatsapp_config kcwace1_0 where kcwace1_0.id=?
2026-08-17T16:08:16.728+05:30 DEBUG 15732 --- [aplus-kids-api] [   scheduling-1] org.hibernate.SQL                        : select kcwace1_0.id,kcwace1_0.access_token_encrypted,kcwace1_0.business_account_id,kcwace1_0.graph_api_version,kcwace1_0.last_test_message,kcwace1_0.last_test_status,kcwace1_0.last_tested_at,kcwace1_0.phone_number_id,kcwace1_0.updated_at from kids_champ_whatsapp_config kcwace1_0 where kcwace1_0.id=?
2026-08-17T16:08:17.765+05:30 DEBUG 15732 --- [aplus-kids-api] [   scheduling-1] org.hibernate.SQL                        : select kcwace1_0.id,kcwace1_0.access_token_encrypted,kcwace1_0.business_account_id,kcwace1_0.graph_api_version,kcwace1_0.last_test_message,kcwace1_0.last_test_status,kcwace1_0.last_tested_at,kcwace1_0.phone_number_id,kcwace1_0.updated_at from kids_champ_whatsapp_config kcwace1_0 where kcwace1_0.id=?
2026-08-17T16:08:18.786+05:30 DEBUG 15732 --- [aplus-kids-api] [   scheduling-1] org.hibernate.SQL                        : select kcwace1_0.id,kcwace1_0.access_token_encrypted,kcwace1_0.business_account_id,kcwace1_0.graph_api_version,kcwace1_0.last_test_message,kcwace1_0.last_test_status,kcwace1_0.last_tested_at,kcwace1_0.phone_number_id,kcwace1_0.updated_at from kids_champ_whatsapp_config kcwace1_0 where kcwace1_0.id=?
2026-08-17T16:08:18.789+05:30 DEBUG 15732 --- [aplus-kids-api] [   scheduling-1] org.hibernate.SQL                        : select kcmre1_0.id,kcmre1_0.attempts,kcmre1_0.campaign_id,kcmre1_0.delivered_at,kcmre1_0.destination,kcmre1_0.failure_reason,kcmre1_0.last_attempt_at,kcmre1_0.next_attempt_at,kcmre1_0.participant_name,kcmre1_0.participant_reference,kcmre1_0.provider_message_id,kcmre1_0.read_at,kcmre1_0.rendered_message,kcmre1_0.sent_at,kcmre1_0.status,kcmre1_0.template_language_code,kcmre1_0.template_name,kcmre1_0.template_parameters from kids_champ_message_recipients kcmre1_0 where kcmre1_0.status=? and kcmre1_0.next_attempt_at<=? order by kcmre1_0.id fetch first ? rows only for no key update of kcmre1_0
2026-08-17T16:08:19.802+05:30 DEBUG 15732 --- [aplus-kids-api] [   scheduling-1] org.hibernate.SQL                        : select kcwace1_0.id,kcwace1_0.access_token_encrypted,kcwace1_0.business_account_id,kcwace1_0.graph_api_version,kcwace1_0.last_test_message,kcwace1_0.last_test_status,kcwace1_0.last_tested_at,kcwace1_0.phone_number_id,kcwace1_0.updated_at from kids_champ_whatsapp_config kcwace1_0 where kcwace1_0.id=?
2026-08-17T16:08:20.818+05:30 DEBUG 15732 --- [aplus-kids-api] [   scheduling-1] org.hibernate.SQL                        : select kcwace1_0.id,kcwace1_0.access_token_encrypted,kcwace1_0.business_account_id,kcwace1_0.graph_api_version,kcwace1_0.last_test_message,kcwace1_0.last_test_status,kcwace1_0.last_tested_at,kcwace1_0.phone_number_id,kcwace1_0.updated_at from kids_champ_whatsapp_config kcwace1_0 where kcwace1_0.id=?
2026-08-17T16:08:20.818+05:30 DEBUG 15732 --- [aplus-kids-api] [   scheduling-1] org.hibernate.SQL                        : select kcmre1_0.id,kcmre1_0.attempts,kcmre1_0.campaign_id,kcmre1_0.delivered_at,kcmre1_0.destination,kcmre1_0.failure_reason,kcmre1_0.last_attempt_at,kcmre1_0.next_attempt_at,kcmre1_0.participant_name,kcmre1_0.participant_reference,kcmre1_0.provider_message_id,kcmre1_0.read_at,kcmre1_0.rendered_message,kcmre1_0.sent_at,kcmre1_0.status,kcmre1_0.template_language_code,kcmre1_0.template_name,kcmre1_0.template_parameters from kids_champ_message_recipients kcmre1_0 where kcmre1_0.status=? and kcmre1_0.next_attempt_at<=? order by kcmre1_0.id fetch first ? rows only for no key update of kcmre1_0
2026-08-17T16:08:21.838+05:30 DEBUG 15732 --- [aplus-kids-api] [   scheduling-1] org.hibernate.SQL                        : select kcwace1_0.id,kcwace1_0.access_token_encrypted,kcwace1_0.business_account_id,kcwace1_0.graph_api_version,kcwace1_0.last_test_message,kcwace1_0.last_test_status,kcwace1_0.last_tested_at,kcwace1_0.phone_number_id,kcwace1_0.updated_at from kids_champ_whatsapp_config kcwace1_0 where kcwace1_0.id=?
2026-08-17T16:08:22.854+05:30 DEBUG 15732 --- [aplus-kids-api] [   scheduling-1] org.hibernate.SQL                        : select kcwace1_0.id,kcwace1_0.access_token_encrypted,kcwace1_0.business_account_id,kcwace1_0.graph_api_version,kcwace1_0.last_test_message,kcwace1_0.last_test_status,kcwace1_0.last_tested_at,kcwace1_0.phone_number_id,kcwace1_0.updated_at from kids_champ_whatsapp_config kcwace1_0 where kcwace1_0.id=?
2026-08-17T16:08:23.869+05:30 DEBUG 15732 --- [aplus-kids-api] [   scheduling-1] org.hibernate.SQL                        : select kcwace1_0.id,kcwace1_0.access_token_encrypted,kcwace1_0.business_account_id,kcwace1_0.graph_api_version,kcwace1_0.last_test_message,kcwace1_0.last_test_status,kcwace1_0.last_tested_at,kcwace1_0.phone_number_id,kcwace1_0.updated_at from kids_champ_whatsapp_config kcwace1_0 where kcwace1_0.id=?
2026-08-17T16:08:23.869+05:30 DEBUG 15732 --- [aplus-kids-api] [   scheduling-1] org.hibernate.SQL                        : select kcmre1_0.id,kcmre1_0.attempts,kcmre1_0.campaign_id,kcmre1_0.delivered_at,kcmre1_0.destination,kcmre1_0.failure_reason,kcmre1_0.last_attempt_at,kcmre1_0.next_attempt_at,kcmre1_0.participant_name,kcmre1_0.participant_reference,kcmre1_0.provider_message_id,kcmre1_0.read_at,kcmre1_0.rendered_message,kcmre1_0.sent_at,kcmre1_0.status,kcmre1_0.template_language_code,kcmre1_0.template_name,kcmre1_0.template_parameters from kids_champ_message_recipients kcmre1_0 where kcmre1_0.status=? and kcmre1_0.next_attempt_at<=? order by kcmre1_0.id fetch first ? rows only for no key update of kcmre1_0
2026-08-17T16:08:24.887+05:30 DEBUG 15732 --- [aplus-kids-api] [   scheduling-1] org.hibernate.SQL                        : select kcwace1_0.id,kcwace1_0.access_token_encrypted,kcwace1_0.business_account_id,kcwace1_0.graph_api_version,kcwace1_0.last_test_message,kcwace1_0.last_test_status,kcwace1_0.last_tested_at,kcwace1_0.phone_number_id,kcwace1_0.updated_at from kids_champ_whatsapp_config kcwace1_0 where kcwace1_0.id=?
2026-08-17T16:08:25.907+05:30 DEBUG 15732 --- [aplus-kids-api] [   scheduling-1] org.hibernate.SQL                        : select kcwace1_0.id,kcwace1_0.access_token_encrypted,kcwace1_0.business_account_id,kcwace1_0.graph_api_version,kcwace1_0.last_test_message,kcwace1_0.last_test_status,kcwace1_0.last_tested_at,kcwace1_0.phone_number_id,kcwace1_0.updated_at from kids_champ_whatsapp_config kcwace1_0 where kcwace1_0.id=?
2026-08-17T16:08:26.919+05:30 DEBUG 15732 --- [aplus-kids-api] [   scheduling-1] org.hibernate.SQL                        : select kcwace1_0.id,kcwace1_0.access_token_encrypted,kcwace1_0.business_account_id,kcwace1_0.graph_api_version,kcwace1_0.last_test_message,kcwace1_0.last_test_status,kcwace1_0.last_tested_at,kcwace1_0.phone_number_id,kcwace1_0.updated_at from kids_champ_whatsapp_config kcwace1_0 where kcwace1_0.id=?
2026-08-17T16:08:27.936+05:30 DEBUG 15732 --- [aplus-kids-api] [   scheduling-1] org.hibernate.SQL                        : select kcwace1_0.id,kcwace1_0.access_token_encrypted,kcwace1_0.business_account_id,kcwace1_0.graph_api_version,kcwace1_0.last_test_message,kcwace1_0.last_test_status,kcwace1_0.last_tested_at,kcwace1_0.phone_number_id,kcwace1_0.updated_at from kids_champ_whatsapp_config kcwace1_0 where kcwace1_0.id=?
2026-08-17T16:08:28.955+05:30 DEBUG 15732 --- [aplus-kids-api] [   scheduling-1] org.hibernate.SQL                        : select kcwace1_0.id,kcwace1_0.access_token_encrypted,kcwace1_0.business_account_id,kcwace1_0.graph_api_version,kcwace1_0.last_test_message,kcwace1_0.last_test_status,kcwace1_0.last_tested_at,kcwace1_0.phone_number_id,kcwace1_0.updated_at from kids_champ_whatsapp_config kcwace1_0 where kcwace1_0.id=?
2026-08-17T16:08:29.970+05:30 DEBUG 15732 --- [aplus-kids-api] [   scheduling-1] org.hibernate.SQL                        : select kcwace1_0.id,kcwace1_0.access_token_encrypted,kcwace1_0.business_account_id,kcwace1_0.graph_api_version,kcwace1_0.last_test_message,kcwace1_0.last_test_status,kcwace1_0.last_tested_at,kcwace1_0.phone_number_id,kcwace1_0.updated_at from kids_champ_whatsapp_config kcwace1_0 where kcwace1_0.id=?
2026-08-17T16:08:30.990+05:30 DEBUG 15732 --- [aplus-kids-api] [   scheduling-1] org.hibernate.SQL                        : select kcwace1_0.id,kcwace1_0.access_token_encrypted,kcwace1_0.business_account_id,kcwace1_0.graph_api_version,kcwace1_0.last_test_message,kcwace1_0.last_test_status,kcwace1_0.last_tested_at,kcwace1_0.phone_number_id,kcwace1_0.updated_at from kids_champ_whatsapp_config kcwace1_0 where kcwace1_0.id=?
2026-08-17T16:08:32.005+05:30 DEBUG 15732 --- [aplus-kids-api] [   scheduling-1] org.hibernate.SQL                        : select kcwace1_0.id,kcwace1_0.access_token_encrypted,kcwace1_0.business_account_id,kcwace1_0.graph_api_version,kcwace1_0.last_test_message,kcwace1_0.last_test_status,kcwace1_0.last_tested_at,kcwace1_0.phone_number_id,kcwace1_0.updated_at from kids_champ_whatsapp_config kcwace1_0 where kcwace1_0.id=?
2026-08-17T16:08:33.020+05:30 DEBUG 15732 --- [aplus-kids-api] [   scheduling-1] org.hibernate.SQL                        : select kcwace1_0.id,kcwace1_0.access_token_encrypted,kcwace1_0.business_account_id,kcwace1_0.graph_api_version,kcwace1_0.last_test_message,kcwace1_0.last_test_status,kcwace1_0.last_tested_at,kcwace1_0.phone_number_id,kcwace1_0.updated_at from kids_champ_whatsapp_config kcwace1_0 where kcwace1_0.id=?
2026-08-17T16:08:34.038+05:30 DEBUG 15732 --- [aplus-kids-api] [   scheduling-1] org.hibernate.SQL                        : select kcwace1_0.id,kcwace1_0.access_token_encrypted,kcwace1_0.business_account_id,kcwace1_0.graph_api_version,kcwace1_0.last_test_message,kcwace1_0.last_test_status,kcwace1_0.last_tested_at,kcwace1_0.phone_number_id,kcwace1_0.updated_at from kids_champ_whatsapp_config kcwace1_0 where kcwace1_0.id=?
2026-08-17T16:08:34.038+05:30 DEBUG 15732 --- [aplus-kids-api] [   scheduling-1] org.hibernate.SQL                        : select kcmre1_0.id,kcmre1_0.attempts,kcmre1_0.campaign_id,kcmre1_0.delivered_at,kcmre1_0.destination,kcmre1_0.failure_reason,kcmre1_0.last_attempt_at,kcmre1_0.next_attempt_at,kcmre1_0.participant_name,kcmre1_0.participant_reference,kcmre1_0.provider_message_id,kcmre1_0.read_at,kcmre1_0.rendered_message,kcmre1_0.sent_at,kcmre1_0.status,kcmre1_0.template_language_code,kcmre1_0.template_name,kcmre1_0.template_parameters from kids_champ_message_recipients kcmre1_0 where kcmre1_0.status=? and kcmre1_0.next_attempt_at<=? order by kcmre1_0.id fetch first ? rows only for no key update of kcmre1_0
2026-08-17T16:08:34.926+05:30 DEBUG 15732 --- [aplus-kids-api] [   scheduling-1] org.hibernate.SQL                        : select kcmre1_0.id,kcmre1_0.attempts,kcmre1_0.campaign_id,kcmre1_0.delivered_at,kcmre1_0.destination,kcmre1_0.failure_reason,kcmre1_0.last_attempt_at,kcmre1_0.next_attempt_at,kcmre1_0.participant_name,kcmre1_0.participant_reference,kcmre1_0.provider_message_id,kcmre1_0.read_at,kcmre1_0.rendered_message,kcmre1_0.sent_at,kcmre1_0.status,kcmre1_0.template_language_code,kcmre1_0.template_name,kcmre1_0.template_parameters from kids_champ_message_recipients kcmre1_0 where kcmre1_0.status=? and kcmre1_0.last_attempt_at<?
2026-08-17T16:08:35.056+05:30 DEBUG 15732 --- [aplus-kids-api] [   scheduling-1] org.hibernate.SQL                        : select kcwace1_0.id,kcwace1_0.access_token_encrypted,kcwace1_0.business_account_id,kcwace1_0.graph_api_version,kcwace1_0.last_test_message,kcwace1_0.last_test_status,kcwace1_0.last_tested_at,kcwace1_0.phone_number_id,kcwace1_0.updated_at from kids_champ_whatsapp_config kcwace1_0 where kcwace1_0.id=?
2026-08-17T16:08:36.071+05:30 DEBUG 15732 --- [aplus-kids-api] [   scheduling-1] org.hibernate.SQL                        : select kcwace1_0.id,kcwace1_0.access_token_encrypted,kcwace1_0.business_account_id,kcwace1_0.graph_api_version,kcwace1_0.last_test_message,kcwace1_0.last_test_status,kcwace1_0.last_tested_at,kcwace1_0.phone_number_id,kcwace1_0.updated_at from kids_champ_whatsapp_config kcwace1_0 where kcwace1_0.id=?
2026-08-17T16:08:37.089+05:30 DEBUG 15732 --- [aplus-kids-api] [   scheduling-1] org.hibernate.SQL                        : select kcwace1_0.id,kcwace1_0.access_token_encrypted,kcwace1_0.business_account_id,kcwace1_0.graph_api_version,kcwace1_0.last_test_message,kcwace1_0.last_test_status,kcwace1_0.last_tested_at,kcwace1_0.phone_number_id,kcwace1_0.updated_at from kids_champ_whatsapp_config kcwace1_0 where kcwace1_0.id=?
2026-08-17T16:08:38.107+05:30 DEBUG 15732 --- [aplus-kids-api] [   scheduling-1] org.hibernate.SQL                        : select kcwace1_0.id,kcwace1_0.access_token_encrypted,kcwace1_0.business_account_id,kcwace1_0.graph_api_version,kcwace1_0.last_test_message,kcwace1_0.last_test_status,kcwace1_0.last_tested_at,kcwace1_0.phone_number_id,kcwace1_0.updated_at from kids_champ_whatsapp_config kcwace1_0 where kcwace1_0.id=?
2026-08-17T16:08:39.141+05:30 DEBUG 15732 --- [aplus-kids-api] [   scheduling-1] org.hibernate.SQL                        : select kcwace1_0.id,kcwace1_0.access_token_encrypted,kcwace1_0.business_account_id,kcwace1_0.graph_api_version,kcwace1_0.last_test_message,kcwace1_0.last_test_status,kcwace1_0.last_tested_at,kcwace1_0.phone_number_id,kcwace1_0.updated_at from kids_champ_whatsapp_config kcwace1_0 where kcwace1_0.id=?
2026-08-17T16:08:40.189+05:30 DEBUG 15732 --- [aplus-kids-api] [   scheduling-1] org.hibernate.SQL                        : select kcwace1_0.id,kcwace1_0.access_token_encrypted,kcwace1_0.business_account_id,kcwace1_0.graph_api_version,kcwace1_0.last_test_message,kcwace1_0.last_test_status,kcwace1_0.last_tested_at,kcwace1_0.phone_number_id,kcwace1_0.updated_at from kids_champ_whatsapp_config kcwace1_0 where kcwace1_0.id=?
2026-08-17T16:08:41.362+05:30 DEBUG 15732 --- [aplus-kids-api] [   scheduling-1] org.hibernate.SQL                        : select kcwace1_0.id,kcwace1_0.access_token_encrypted,kcwace1_0.business_account_id,kcwace1_0.graph_api_version,kcwace1_0.last_test_message,kcwace1_0.last_test_status,kcwace1_0.last_tested_at,kcwace1_0.phone_number_id,kcwace1_0.updated_at from kids_champ_whatsapp_config kcwace1_0 where kcwace1_0.id=?
2026-08-17T16:08:42.396+05:30 DEBUG 15732 --- [aplus-kids-api] [   scheduling-1] org.hibernate.SQL                        : select kcwace1_0.id,kcwace1_0.access_token_encrypted,kcwace1_0.business_account_id,kcwace1_0.graph_api_version,kcwace1_0.last_test_message,kcwace1_0.last_test_status,kcwace1_0.last_tested_at,kcwace1_0.phone_number_id,kcwace1_0.updated_at from kids_champ_whatsapp_config kcwace1_0 where kcwace1_0.id=?
[ERROR] Failed to execute goal org.springframework.boot:spring-boot-maven-plugin:4.1.0:run (default-cli) on project aplus-kids-api: Process terminated with exit code: -1 -> [Help 1]
[ERROR] 
[ERROR] To see the full stack trace of the errors, re-run Maven with the -e switch.
[ERROR] Re-run Maven using the -X switch to enable full debug logging.
[ERROR] 
[ERROR] For more information about the errors and possible solutions, please read the following articles:
[ERROR] [Help 1] http://cwiki.apache.org/confluence/display/MAVEN/MojoExecutionException
