
  .   ____          _            __ _ _
 /\\ / ___'_ __ _ _(_)_ __  __ _ \ \ \ \
( ( )\___ | '_ | '_| | '_ \/ _` | \ \ \ \
 \\/  ___)| |_)| | | | | || (_| |  ) ) ) )
  '  |____| .__|_| |_|_| |_\__, | / / / /
 =========|_|==============|___/=/_/_/_/

 :: Spring Boot ::                (v4.1.0)

2026-08-17T17:37:10.447+05:30  INFO 22496 --- [aplus-kids-api] [           main] l.a.platform.AplusKidsApiApplication     : Starting AplusKidsApiApplication using Java 21.0.11 with PID 22496 (D:\2026\apluskids\aplus_kids_api\target\classes started by slshe in D:\2026\apluskids\aplus_kids_api)
2026-08-17T17:37:10.529+05:30  INFO 22496 --- [aplus-kids-api] [           main] l.a.platform.AplusKidsApiApplication     : No active profile set, falling back to 1 default profile: "default"
2026-08-17T17:37:10.533+05:30 DEBUG 22496 --- [aplus-kids-api] [           main] o.s.boot.SpringApplication               : Loading source class lk.apluskids.platform.AplusKidsApiApplication
2026-08-17T17:37:10.566+05:30 DEBUG 22496 --- [aplus-kids-api] [           main] ConfigServletWebServerApplicationContext : Refreshing org.springframework.boot.web.server.servlet.context.AnnotationConfigServletWebServerApplicationContext@5644dc81
2026-08-17T17:37:11.200+05:30  INFO 22496 --- [aplus-kids-api] [           main] .s.d.r.c.RepositoryConfigurationDelegate : Bootstrapping Spring Data JPA repositories in DEFAULT mode.
2026-08-17T17:37:11.216+05:30 DEBUG 22496 --- [aplus-kids-api] [           main] o.s.b.a.AutoConfigurationPackages        : @EnableAutoConfiguration was declared on a class in the package 'lk.apluskids.platform'. Automatic @Repository and @Entity scanning is enabled.
2026-08-17T17:37:11.311+05:30  INFO 22496 --- [aplus-kids-api] [           main] .s.d.r.c.RepositoryConfigurationDelegate : Finished Spring Data repository scanning in 102 ms. Found 24 JPA repository interfaces.
2026-08-17T17:37:11.913+05:30 DEBUG 22496 --- [aplus-kids-api] [           main] o.s.b.t.s.TomcatServletWebServerFactory  : Code archive: C:\Users\slshe\.m2\repository\org\springframework\boot\spring-boot-web-server\4.1.0\spring-boot-web-server-4.1.0.jar
2026-08-17T17:37:11.934+05:30 DEBUG 22496 --- [aplus-kids-api] [           main] o.s.b.t.s.TomcatServletWebServerFactory  : Code archive: C:\Users\slshe\.m2\repository\org\springframework\boot\spring-boot-web-server\4.1.0\spring-boot-web-server-4.1.0.jar
2026-08-17T17:37:11.935+05:30 DEBUG 22496 --- [aplus-kids-api] [           main] o.s.b.t.s.TomcatServletWebServerFactory  : None of the document roots [src/main/webapp, public, static] point to a directory and will be ignored.
2026-08-17T17:37:11.975+05:30  INFO 22496 --- [aplus-kids-api] [           main] o.s.boot.tomcat.TomcatWebServer          : Tomcat initialized with port 8081 (http)
2026-08-17T17:37:12.012+05:30  INFO 22496 --- [aplus-kids-api] [           main] o.apache.catalina.core.StandardService   : Starting service [Tomcat]
2026-08-17T17:37:12.013+05:30  INFO 22496 --- [aplus-kids-api] [           main] o.apache.catalina.core.StandardEngine    : Starting Servlet engine: [Apache Tomcat/11.0.22]
2026-08-17T17:37:12.119+05:30 DEBUG 22496 --- [aplus-kids-api] [           main] b.w.c.s.WebApplicationContextInitializer : Published root WebApplicationContext as ServletContext attribute with name [org.springframework.web.context.WebApplicationContext.ROOT]
2026-08-17T17:37:12.119+05:30  INFO 22496 --- [aplus-kids-api] [           main] b.w.c.s.WebApplicationContextInitializer : Root WebApplicationContext: initialization completed in 1553 ms
2026-08-17T17:37:12.168+05:30 DEBUG 22496 --- [aplus-kids-api] [           main] o.s.b.w.s.ServletContextInitializerBeans : Mapping filters: forwardedHeaderFilter urls=[/*] order=-2147483648, springSecurityFilterChain urls=[/*] order=-100, characterEncodingFilter urls=[/*] order=-2147483648, formContentFilter urls=[/*] order=-9900, requestContextFilter urls=[/*] order=-105
2026-08-17T17:37:12.183+05:30 DEBUG 22496 --- [aplus-kids-api] [           main] o.s.b.w.s.ServletContextInitializerBeans : Mapping servlets: dispatcherServlet urls=[/]
2026-08-17T17:37:12.218+05:30 DEBUG 22496 --- [aplus-kids-api] [           main] o.s.b.s.f.OrderedRequestContextFilter    : Filter 'requestContextFilter' configured for use
2026-08-17T17:37:12.218+05:30 DEBUG 22496 --- [aplus-kids-api] [           main] o.s.web.filter.ForwardedHeaderFilter     : Filter 'forwardedHeaderFilter' configured for use
2026-08-17T17:37:12.218+05:30 DEBUG 22496 --- [aplus-kids-api] [           main] o.s.b.s.f.OrderedCharacterEncodingFilter : Filter 'characterEncodingFilter' configured for use
2026-08-17T17:37:12.218+05:30 DEBUG 22496 --- [aplus-kids-api] [           main] .DelegatingFilterProxyRegistrationBean$1 : Filter 'springSecurityFilterChain' configured for use
2026-08-17T17:37:12.218+05:30 DEBUG 22496 --- [aplus-kids-api] [           main] o.s.b.s.filter.OrderedFormContentFilter  : Filter 'formContentFilter' configured for use
2026-08-17T17:37:12.585+05:30  INFO 22496 --- [aplus-kids-api] [           main] com.zaxxer.hikari.HikariDataSource       : HikariPool-1 - Starting...
2026-08-17T17:37:13.017+05:30  INFO 22496 --- [aplus-kids-api] [           main] com.zaxxer.hikari.pool.HikariPool        : HikariPool-1 - Added connection org.postgresql.jdbc.PgConnection@65e4cb84
2026-08-17T17:37:13.034+05:30  INFO 22496 --- [aplus-kids-api] [           main] com.zaxxer.hikari.HikariDataSource       : HikariPool-1 - Start completed.
2026-08-17T17:37:13.084+05:30  INFO 22496 --- [aplus-kids-api] [           main] org.flywaydb.core.FlywayExecutor         : Database: jdbc:postgresql://localhost:5432/aplus_kids (PostgreSQL 18.4)
2026-08-17T17:37:13.227+05:30  INFO 22496 --- [aplus-kids-api] [           main] o.f.core.internal.command.DbValidate     : Successfully validated 42 migrations (execution time 00:00.059s)
2026-08-17T17:37:13.304+05:30  INFO 22496 --- [aplus-kids-api] [           main] o.f.core.internal.command.DbMigrate      : Current version of schema "public": 41
2026-08-17T17:37:13.350+05:30  INFO 22496 --- [aplus-kids-api] [           main] o.f.core.internal.command.DbMigrate      : Schema "public" is up to date. No migration necessary.
2026-08-17T17:37:13.557+05:30  INFO 22496 --- [aplus-kids-api] [           main] org.hibernate.orm.jpa                    : HHH008540: Processing PersistenceUnitInfo [name: default]
2026-08-17T17:37:13.663+05:30  INFO 22496 --- [aplus-kids-api] [           main] org.hibernate.orm.core                   : HHH000001: Hibernate ORM core version 7.4.1.Final
2026-08-17T17:37:14.235+05:30  INFO 22496 --- [aplus-kids-api] [           main] o.s.o.j.p.SpringPersistenceUnitInfo      : No LoadTimeWeaver setup: ignoring JPA class transformer
2026-08-17T17:37:14.395+05:30  INFO 22496 --- [aplus-kids-api] [           main] org.hibernate.orm.connections.pooling    : HHH10001005: Database info:
	Database JDBC URL [jdbc:postgresql://localhost:5432/aplus_kids]
	Database driver: PostgreSQL JDBC Driver
	Database dialect: PostgreSQLDialect
	Database version: 18.4
	Default catalog/schema: aplus_kids/public
	Autocommit mode: undefined/unknown
	Isolation level: READ_COMMITTED [default READ_COMMITTED]
	JDBC fetch size: none
	Pool: DataSourceConnectionProvider
	Minimum pool size: undefined/unknown
	Maximum pool size: undefined/unknown
2026-08-17T17:37:16.732+05:30  INFO 22496 --- [aplus-kids-api] [           main] org.hibernate.orm.core                   : HHH000489: No JTA platform available (set 'hibernate.transaction.jta.platform' to enable JTA platform integration)
2026-08-17T17:37:16.840+05:30  INFO 22496 --- [aplus-kids-api] [           main] j.LocalContainerEntityManagerFactoryBean : Initialized JPA EntityManagerFactory for persistence unit 'default'
2026-08-17T17:37:16.984+05:30  INFO 22496 --- [aplus-kids-api] [           main] o.s.d.j.r.query.QueryEnhancerFactories   : Hibernate is in classpath; If applicable, HQL parser will be used.
2026-08-17T17:37:20.720+05:30 DEBUG 22496 --- [aplus-kids-api] [           main] s.w.s.m.m.a.RequestMappingHandlerMapping : 108 mappings in 'requestMappingHandlerMapping'
2026-08-17T17:37:20.783+05:30 DEBUG 22496 --- [aplus-kids-api] [           main] o.s.w.s.handler.SimpleUrlHandlerMapping  : Patterns [/webjars/**, /**] in 'resourceHandlerMapping'
2026-08-17T17:37:20.850+05:30 DEBUG 22496 --- [aplus-kids-api] [           main] s.w.s.m.m.a.RequestMappingHandlerAdapter : ControllerAdvice beans: 0 @ModelAttribute, 0 @InitBinder, 2 RequestBodyAdvice, 1 ResponseBodyAdvice
2026-08-17T17:37:20.948+05:30 DEBUG 22496 --- [aplus-kids-api] [           main] .m.m.a.ExceptionHandlerExceptionResolver : ControllerAdvice beans: 1 @ExceptionHandler, 1 ResponseBodyAdvice
2026-08-17T17:37:21.231+05:30  INFO 22496 --- [aplus-kids-api] [           main] o.s.boot.tomcat.TomcatWebServer          : Tomcat started on port 8081 (http) with context path '/'
2026-08-17T17:37:21.247+05:30 DEBUG 22496 --- [aplus-kids-api] [           main] .s.b.a.l.ConditionEvaluationReportLogger : 


============================
CONDITIONS EVALUATION REPORT
============================


Positive matches:
-----------------

   AopAutoConfiguration matched:
      - @ConditionalOnBooleanProperty (spring.aop.auto=true) matched (OnPropertyCondition)

   AopAutoConfiguration.AspectJAutoProxyingConfiguration matched:
      - @ConditionalOnClass found required class 'org.aspectj.weaver.Advice' (OnClassCondition)

   AopAutoConfiguration.AspectJAutoProxyingConfiguration.CglibAutoProxyConfiguration matched:
      - @ConditionalOnBooleanProperty (spring.aop.proxy-target-class=true) matched (OnPropertyCondition)

   ApplicationAvailabilityAutoConfiguration#applicationAvailability matched:
      - @ConditionalOnMissingBean (types: org.springframework.boot.availability.ApplicationAvailability; SearchStrategy: all) did not find any beans (OnBeanCondition)

   DataJpaRepositoriesAutoConfiguration matched:
      - @ConditionalOnClass found required class 'org.springframework.data.jpa.repository.JpaRepository' (OnClassCondition)
      - @ConditionalOnBooleanProperty (spring.data.jpa.repositories.enabled=true) matched (OnPropertyCondition)
      - @ConditionalOnBean (types: javax.sql.DataSource; SearchStrategy: all) found bean 'dataSource'; @ConditionalOnMissingBean (types: org.springframework.data.jpa.repository.support.JpaRepositoryFactoryBean,org.springframework.data.jpa.repository.config.JpaRepositoryConfigExtension; SearchStrategy: all) did not find any beans (OnBeanCondition)

   DataSourceAutoConfiguration matched:
      - @ConditionalOnClass found required classes 'javax.sql.DataSource', 'org.springframework.jdbc.datasource.embedded.EmbeddedDatabaseType' (OnClassCondition)
      - @ConditionalOnMissingBean (types: io.r2dbc.spi.ConnectionFactory; SearchStrategy: all) did not find any beans (OnBeanCondition)

   DataSourceAutoConfiguration.PooledDataSourceConfiguration matched:
      - AnyNestedCondition 1 matched 1 did not; NestedCondition on DataSourceAutoConfiguration.PooledDataSourceCondition.PooledDataSourceAvailable PooledDataSource found supported DataSource; NestedCondition on DataSourceAutoConfiguration.PooledDataSourceCondition.ExplicitType @ConditionalOnProperty (spring.datasource.type) did not find property 'spring.datasource.type' (DataSourceAutoConfiguration.PooledDataSourceCondition)
      - @ConditionalOnMissingBean (types: javax.sql.DataSource,javax.sql.XADataSource; SearchStrategy: all) did not find any beans (OnBeanCondition)

   DataSourceAutoConfiguration.PooledDataSourceConfiguration#jdbcConnectionDetails matched:
      - @ConditionalOnMissingBean (types: org.springframework.boot.jdbc.autoconfigure.JdbcConnectionDetails; SearchStrategy: all) did not find any beans (OnBeanCondition)

   DataSourceConfiguration.Hikari matched:
      - @ConditionalOnClass found required class 'com.zaxxer.hikari.HikariDataSource' (OnClassCondition)
      - @ConditionalOnProperty (spring.datasource.type=com.zaxxer.hikari.HikariDataSource) matched (OnPropertyCondition)
      - @ConditionalOnMissingBean (types: javax.sql.DataSource; SearchStrategy: all) did not find any beans (OnBeanCondition)

   DataSourceInitializationAutoConfiguration matched:
      - @ConditionalOnClass found required class 'org.springframework.jdbc.datasource.init.DatabasePopulator' (OnClassCondition)
      - SQL InitializationDatabase Initialization default value is EMBEDDED (OnSqlInitializationCondition)
      - @ConditionalOnSingleCandidate (types: javax.sql.DataSource; SearchStrategy: all) found a single bean 'dataSource'; @ConditionalOnMissingBean (types: org.springframework.boot.sql.autoconfigure.init.ApplicationScriptDatabaseInitializer; SearchStrategy: all) did not find any beans (OnBeanCondition)

   DataSourcePoolMetadataProvidersConfiguration.HikariPoolDataSourceMetadataProviderConfiguration matched:
      - @ConditionalOnClass found required class 'com.zaxxer.hikari.HikariDataSource' (OnClassCondition)

   DataSourceTransactionManagerAutoConfiguration matched:
      - @ConditionalOnClass found required classes 'javax.sql.DataSource', 'org.springframework.jdbc.core.JdbcTemplate', 'org.springframework.transaction.TransactionManager' (OnClassCondition)

   DataSourceTransactionManagerAutoConfiguration.JdbcTransactionManagerConfiguration matched:
      - @ConditionalOnSingleCandidate (types: javax.sql.DataSource; SearchStrategy: all) found a single bean 'dataSource' (OnBeanCondition)

   DataWebAutoConfiguration matched:
      - @ConditionalOnClass found required classes 'org.springframework.data.web.PageableHandlerMethodArgumentResolver', 'org.springframework.web.servlet.config.annotation.WebMvcConfigurer' (OnClassCondition)
      - found 'session' scope (OnWebApplicationCondition)
      - @ConditionalOnMissingBean (types: org.springframework.data.web.PageableHandlerMethodArgumentResolver; SearchStrategy: all) did not find any beans (OnBeanCondition)

   DataWebAutoConfiguration#pageableCustomizer matched:
      - @ConditionalOnMissingBean (types: org.springframework.data.web.config.PageableHandlerMethodArgumentResolverCustomizer; SearchStrategy: all) did not find any beans (OnBeanCondition)

   DataWebAutoConfiguration#sortCustomizer matched:
      - @ConditionalOnMissingBean (types: org.springframework.data.web.config.SortHandlerMethodArgumentResolverCustomizer; SearchStrategy: all) did not find any beans (OnBeanCondition)

   DataWebAutoConfiguration#springDataWebSettings matched:
      - @ConditionalOnMissingBean (types: org.springframework.data.web.config.SpringDataWebSettings; SearchStrategy: all) did not find any beans (OnBeanCondition)

   DefaultTaskSchedulerConfiguration matched:
      - @ConditionalOnMissingBean (names: taskScheduler; SearchStrategy: all) did not find any beans (OnBeanCondition)

   DefaultTaskSchedulerConfiguration#taskScheduler matched:
      - @ConditionalOnBean (types: org.springframework.boot.task.ThreadPoolTaskSchedulerBuilder; SearchStrategy: all) found bean 'threadPoolTaskSchedulerBuilder' (OnBeanCondition)
      - @ConditionalOnThreading found PLATFORM (OnThreadingCondition)

   DispatcherServletAutoConfiguration matched:
      - @ConditionalOnClass found required class 'org.springframework.web.servlet.DispatcherServlet' (OnClassCondition)
      - found 'session' scope (OnWebApplicationCondition)

   DispatcherServletAutoConfiguration.DispatcherServletConfiguration matched:
      - @ConditionalOnClass found required class 'jakarta.servlet.ServletRegistration' (OnClassCondition)
      - Default DispatcherServlet did not find dispatcher servlet beans (DispatcherServletAutoConfiguration.DefaultDispatcherServletCondition)

   DispatcherServletAutoConfiguration.DispatcherServletRegistrationConfiguration matched:
      - @ConditionalOnClass found required class 'jakarta.servlet.ServletRegistration' (OnClassCondition)
      - DispatcherServlet Registration did not find servlet registration bean (DispatcherServletAutoConfiguration.DispatcherServletRegistrationCondition)

   DispatcherServletAutoConfiguration.DispatcherServletRegistrationConfiguration#dispatcherServletRegistration matched:
      - @ConditionalOnBean (names: dispatcherServlet types: org.springframework.web.servlet.DispatcherServlet; SearchStrategy: all) found bean 'dispatcherServlet' (OnBeanCondition)

   ErrorMvcAutoConfiguration matched:
      - @ConditionalOnClass found required classes 'jakarta.servlet.Servlet', 'org.springframework.web.servlet.DispatcherServlet' (OnClassCondition)
      - found 'session' scope (OnWebApplicationCondition)

   ErrorMvcAutoConfiguration#basicErrorController matched:
      - @ConditionalOnMissingBean (types: org.springframework.boot.webmvc.error.ErrorController; SearchStrategy: current) did not find any beans (OnBeanCondition)

   ErrorMvcAutoConfiguration#errorAttributes matched:
      - @ConditionalOnMissingBean (types: org.springframework.boot.webmvc.error.ErrorAttributes; SearchStrategy: current) did not find any beans (OnBeanCondition)

   ErrorMvcAutoConfiguration.DefaultErrorViewResolverConfiguration#conventionErrorViewResolver matched:
      - @ConditionalOnBean (types: org.springframework.web.servlet.DispatcherServlet; SearchStrategy: all) found bean 'dispatcherServlet'; @ConditionalOnMissingBean (types: org.springframework.boot.webmvc.autoconfigure.error.ErrorViewResolver; SearchStrategy: all) did not find any beans (OnBeanCondition)

   ErrorMvcAutoConfiguration.WhitelabelErrorViewConfiguration matched:
      - @ConditionalOnBooleanProperty (spring.web.error.whitelabel.enabled=true) matched (OnPropertyCondition)
      - ErrorTemplate Missing did not find error template view (ErrorMvcAutoConfiguration.ErrorTemplateMissingCondition)

   ErrorMvcAutoConfiguration.WhitelabelErrorViewConfiguration#beanNameViewResolver matched:
      - @ConditionalOnMissingBean (types: org.springframework.web.servlet.view.BeanNameViewResolver; SearchStrategy: all) did not find any beans (OnBeanCondition)

   ErrorMvcAutoConfiguration.WhitelabelErrorViewConfiguration#defaultErrorView matched:
      - @ConditionalOnMissingBean (names: error; SearchStrategy: all) did not find any beans (OnBeanCondition)

   FlywayAutoConfiguration matched:
      - @ConditionalOnClass found required class 'org.flywaydb.core.Flyway' (OnClassCondition)
      - @ConditionalOnBooleanProperty (spring.flyway.enabled=true) matched (OnPropertyCondition)
      - AnyNestedCondition 2 matched 1 did not; NestedCondition on FlywayAutoConfiguration.FlywayDataSourceCondition.FlywayUrlCondition @ConditionalOnProperty (spring.flyway.url) did not find property 'spring.flyway.url'; NestedCondition on FlywayAutoConfiguration.FlywayDataSourceCondition.JdbcConnectionDetailsCondition @ConditionalOnBean (types: org.springframework.boot.jdbc.autoconfigure.JdbcConnectionDetails; SearchStrategy: all) found bean 'jdbcConnectionDetails'; NestedCondition on FlywayAutoConfiguration.FlywayDataSourceCondition.DataSourceBeanCondition @ConditionalOnBean (types: javax.sql.DataSource; SearchStrategy: all) found bean 'dataSource' (FlywayAutoConfiguration.FlywayDataSourceCondition)

   FlywayAutoConfiguration.FlywayConfiguration matched:
      - @ConditionalOnClass found required class 'org.springframework.jdbc.support.JdbcUtils' (OnClassCondition)
      - @ConditionalOnMissingBean (types: org.flywaydb.core.Flyway; SearchStrategy: all) did not find any beans (OnBeanCondition)

   FlywayAutoConfiguration.FlywayConfiguration#flywayConnectionDetails matched:
      - @ConditionalOnMissingBean (types: org.springframework.boot.flyway.autoconfigure.FlywayConnectionDetails; SearchStrategy: all) did not find any beans (OnBeanCondition)

   FlywayAutoConfiguration.FlywayConfiguration#flywayInitializer matched:
      - @ConditionalOnMissingBean (types: org.springframework.boot.flyway.autoconfigure.FlywayMigrationInitializer; SearchStrategy: all) did not find any beans (OnBeanCondition)

   FlywayAutoConfiguration.FlywayConfiguration.PostgresqlConfiguration matched:
      - @ConditionalOnClass found required class 'org.flywaydb.database.postgresql.PostgreSQLConfigurationExtension' (OnClassCondition)

   HibernateJpaAutoConfiguration matched:
      - @ConditionalOnClass found required classes 'org.springframework.orm.jpa.LocalContainerEntityManagerFactoryBean', 'jakarta.persistence.EntityManager', 'org.hibernate.engine.spi.SessionImplementor' (OnClassCondition)

   HibernateJpaConfiguration matched:
      - @ConditionalOnSingleCandidate (types: javax.sql.DataSource; SearchStrategy: all) found a single bean 'dataSource' (OnBeanCondition)

   HttpEncodingAutoConfiguration matched:
      - @ConditionalOnClass found required class 'org.springframework.web.filter.CharacterEncodingFilter' (OnClassCondition)
      - found 'session' scope (OnWebApplicationCondition)
      - @ConditionalOnBooleanProperty (spring.servlet.encoding.enabled=true) matched (OnPropertyCondition)

   HttpEncodingAutoConfiguration#characterEncodingFilter matched:
      - @ConditionalOnMissingBean (types: org.springframework.web.filter.CharacterEncodingFilter; SearchStrategy: all) did not find any beans (OnBeanCondition)

   HttpMessageConvertersAutoConfiguration matched:
      - @ConditionalOnClass found required class 'org.springframework.http.converter.HttpMessageConverter' (OnClassCondition)
      - NoneNestedConditions 0 matched 1 did not; NestedCondition on HttpMessageConvertersAutoConfiguration.NotReactiveWebApplicationCondition.ReactiveWebApplication did not find reactive web application classes (HttpMessageConvertersAutoConfiguration.NotReactiveWebApplicationCondition)

   HttpMessageConvertersAutoConfiguration.StringHttpMessageConverterConfiguration#stringHttpMessageConvertersCustomizer matched:
      - @ConditionalOnMissingBean (types: org.springframework.http.converter.StringHttpMessageConverter; SearchStrategy: all) did not find any beans (OnBeanCondition)

   JacksonAutoConfiguration matched:
      - @ConditionalOnClass found required class 'tools.jackson.databind.json.JsonMapper' (OnClassCondition)

   JacksonAutoConfiguration#jacksonJsonMapper matched:
      - @ConditionalOnMissingBean (types: tools.jackson.databind.json.JsonMapper; SearchStrategy: all) did not find any beans (OnBeanCondition)

   JacksonAutoConfiguration#jsonFactory matched:
      - @ConditionalOnMissingBean (types: tools.jackson.core.json.JsonFactory; SearchStrategy: all) did not find any beans (OnBeanCondition)

   JacksonAutoConfiguration#jsonMapperBuilder matched:
      - @ConditionalOnMissingBean (types: tools.jackson.databind.json.JsonMapper$Builder; SearchStrategy: all) did not find any beans (OnBeanCondition)

   JacksonAutoConfiguration.JsonProblemDetailsConfiguration matched:
      - @ConditionalOnClass found required class 'org.springframework.http.ProblemDetail' (OnClassCondition)

   JacksonHttpMessageConvertersConfiguration.JacksonJsonHttpMessageConverterConfiguration matched:
      - @ConditionalOnClass found required class 'tools.jackson.databind.json.JsonMapper' (OnClassCondition)
      - @ConditionalOnProperty (spring.http.converters.preferred-json-mapper=jackson) matched (OnPropertyCondition)
      - @ConditionalOnBean (types: tools.jackson.databind.json.JsonMapper; SearchStrategy: all) found bean 'jacksonJsonMapper' (OnBeanCondition)

   JacksonHttpMessageConvertersConfiguration.JacksonJsonHttpMessageConverterConfiguration#jacksonJsonHttpMessageConvertersCustomizer matched:
      - @ConditionalOnMissingBean (types: org.springframework.http.converter.json.JacksonJsonHttpMessageConverter ignored: org.springframework.hateoas.server.mvc.TypeConstrainedJacksonJsonHttpMessageConverter,org.springframework.data.rest.webmvc.alps.AlpsJacksonJsonHttpMessageConverter; SearchStrategy: all) did not find any beans (OnBeanCondition)

   JdbcClientAutoConfiguration matched:
      - @ConditionalOnSingleCandidate (types: org.springframework.jdbc.core.namedparam.NamedParameterJdbcTemplate; SearchStrategy: all) found a single bean 'namedParameterJdbcTemplate'; @ConditionalOnMissingBean (types: org.springframework.jdbc.core.simple.JdbcClient; SearchStrategy: all) did not find any beans (OnBeanCondition)

   JdbcTemplateAutoConfiguration matched:
      - @ConditionalOnClass found required classes 'javax.sql.DataSource', 'org.springframework.jdbc.core.JdbcTemplate' (OnClassCondition)
      - @ConditionalOnSingleCandidate (types: javax.sql.DataSource; SearchStrategy: all) found a single bean 'dataSource' (OnBeanCondition)

   JdbcTemplateConfiguration matched:
      - @ConditionalOnMissingBean (types: org.springframework.jdbc.core.JdbcOperations; SearchStrategy: all) did not find any beans (OnBeanCondition)

   JpaBaseConfiguration#entityManagerFactory matched:
      - @ConditionalOnMissingBean (types: org.springframework.orm.jpa.LocalContainerEntityManagerFactoryBean,jakarta.persistence.EntityManagerFactory; SearchStrategy: all) did not find any beans (OnBeanCondition)

   JpaBaseConfiguration#entityManagerFactoryBuilder matched:
      - @ConditionalOnMissingBean (types: org.springframework.boot.jpa.EntityManagerFactoryBuilder; SearchStrategy: all) did not find any beans (OnBeanCondition)

   JpaBaseConfiguration#jpaVendorAdapter matched:
      - @ConditionalOnMissingBean (types: org.springframework.orm.jpa.JpaVendorAdapter; SearchStrategy: all) did not find any beans (OnBeanCondition)

   JpaBaseConfiguration#transactionManager matched:
      - @ConditionalOnMissingBean (types: org.springframework.transaction.TransactionManager; SearchStrategy: all) did not find any beans (OnBeanCondition)

   JpaBaseConfiguration.PersistenceManagedTypesConfiguration matched:
      - @ConditionalOnMissingBean (types: org.springframework.orm.jpa.LocalContainerEntityManagerFactoryBean,jakarta.persistence.EntityManagerFactory; SearchStrategy: all) did not find any beans (OnBeanCondition)

   JpaBaseConfiguration.PersistenceManagedTypesConfiguration#persistenceManagedTypes matched:
      - @ConditionalOnMissingBean (types: org.springframework.orm.jpa.persistenceunit.PersistenceManagedTypes; SearchStrategy: all) did not find any beans (OnBeanCondition)

   JtaAutoConfiguration matched:
      - @ConditionalOnClass found required class 'jakarta.transaction.Transaction' (OnClassCondition)
      - @ConditionalOnBooleanProperty (spring.jta.enabled=true) matched (OnPropertyCondition)

   LifecycleAutoConfiguration#defaultLifecycleProcessor matched:
      - @ConditionalOnMissingBean (names: lifecycleProcessor; SearchStrategy: current) did not find any beans (OnBeanCondition)

   MailSenderAutoConfiguration matched:
      - @ConditionalOnClass found required classes 'jakarta.mail.internet.MimeMessage', 'jakarta.activation.MimeType', 'org.springframework.mail.MailSender' (OnClassCondition)
      - AnyNestedCondition 1 matched 1 did not; NestedCondition on MailSenderAutoConfiguration.MailSenderCondition.JndiNameProperty @ConditionalOnProperty (spring.mail.jndi-name) did not find property 'spring.mail.jndi-name'; NestedCondition on MailSenderAutoConfiguration.MailSenderCondition.HostProperty @ConditionalOnProperty (spring.mail.host) matched (MailSenderAutoConfiguration.MailSenderCondition)
      - @ConditionalOnMissingBean (types: org.springframework.mail.MailSender; SearchStrategy: all) did not find any beans (OnBeanCondition)

   MailSenderPropertiesConfiguration matched:
      - @ConditionalOnProperty (spring.mail.host) matched (OnPropertyCondition)

   MailSenderPropertiesConfiguration#mailSender matched:
      - @ConditionalOnMissingBean (types: org.springframework.mail.javamail.JavaMailSender; SearchStrategy: all) did not find any beans (OnBeanCondition)

   MultipartAutoConfiguration matched:
      - @ConditionalOnClass found required classes 'jakarta.servlet.Servlet', 'org.springframework.web.multipart.support.StandardServletMultipartResolver', 'jakarta.servlet.MultipartConfigElement' (OnClassCondition)
      - found 'session' scope (OnWebApplicationCondition)
      - @ConditionalOnBooleanProperty (spring.servlet.multipart.enabled=true) matched (OnPropertyCondition)

   MultipartAutoConfiguration#multipartConfigElement matched:
      - @ConditionalOnMissingBean (types: jakarta.servlet.MultipartConfigElement; SearchStrategy: all) did not find any beans (OnBeanCondition)

   MultipartAutoConfiguration#multipartResolver matched:
      - @ConditionalOnMissingBean (types: org.springframework.web.multipart.MultipartResolver; SearchStrategy: all) did not find any beans (OnBeanCondition)

   NamedParameterJdbcTemplateConfiguration matched:
      - @ConditionalOnSingleCandidate (types: org.springframework.jdbc.core.JdbcTemplate; SearchStrategy: all) found a single bean 'jdbcTemplate'; @ConditionalOnMissingBean (types: org.springframework.jdbc.core.namedparam.NamedParameterJdbcOperations; SearchStrategy: all) did not find any beans (OnBeanCondition)

   OAuth2ResourceServerAutoConfiguration matched:
      - @ConditionalOnClass found required class 'org.springframework.security.oauth2.server.resource.authentication.BearerTokenAuthenticationToken' (OnClassCondition)

   OpaqueTokenIntrospectionConfiguration matched:
      - @ConditionalOnMissingBean (types: org.springframework.security.oauth2.server.resource.introspection.OpaqueTokenIntrospector; SearchStrategy: all) did not find any beans (OnBeanCondition)

   PersistenceExceptionTranslationAutoConfiguration matched:
      - @ConditionalOnClass found required class 'org.springframework.dao.annotation.PersistenceExceptionTranslationPostProcessor' (OnClassCondition)

   PersistenceExceptionTranslationAutoConfiguration#persistenceExceptionTranslationPostProcessor matched:
      - @ConditionalOnBooleanProperty (spring.persistence.exceptiontranslation.enabled=true) matched (OnPropertyCondition)
      - @ConditionalOnMissingBean (types: org.springframework.dao.annotation.PersistenceExceptionTranslationPostProcessor; SearchStrategy: all) did not find any beans (OnBeanCondition)

   PropertyPlaceholderAutoConfiguration#propertySourcesPlaceholderConfigurer matched:
      - @ConditionalOnMissingBean (types: org.springframework.context.support.PropertySourcesPlaceholderConfigurer; SearchStrategy: current) did not find any beans (OnBeanCondition)

   SecurityAutoConfiguration matched:
      - @ConditionalOnClass found required class 'org.springframework.security.authentication.DefaultAuthenticationEventPublisher' (OnClassCondition)

   SecurityAutoConfiguration#authenticationEventPublisher matched:
      - @ConditionalOnMissingBean (types: org.springframework.security.authentication.AuthenticationEventPublisher; SearchStrategy: all) did not find any beans (OnBeanCondition)

   SecurityFilterAutoConfiguration matched:
      - @ConditionalOnClass found required classes 'org.springframework.security.web.context.AbstractSecurityWebApplicationInitializer', 'org.springframework.security.config.http.SessionCreationPolicy' (OnClassCondition)
      - found 'session' scope (OnWebApplicationCondition)

   SecurityFilterAutoConfiguration#securityFilterChainRegistration matched:
      - @ConditionalOnBean (names: springSecurityFilterChain; SearchStrategy: all) found bean 'springSecurityFilterChain' (OnBeanCondition)

   ServletWebSecurityAutoConfiguration matched:
      - @ConditionalOnClass found required class 'org.springframework.security.config.annotation.web.configuration.EnableWebSecurity' (OnClassCondition)
      - found 'session' scope (OnWebApplicationCondition)

   ServletWebSecurityAutoConfiguration.EnableWebSecurityConfiguration matched:
      - @ConditionalOnClass found required class 'org.springframework.security.config.annotation.web.configuration.EnableWebSecurity' (OnClassCondition)
      - @ConditionalOnMissingBean (names: springSecurityFilterChain; SearchStrategy: all) did not find any beans (OnBeanCondition)

   ServletWebSecurityAutoConfiguration.PathPatternRequestMatcherBuilderConfiguration matched:
      - @ConditionalOnClass found required class 'org.springframework.boot.webmvc.autoconfigure.DispatcherServletPath' (OnClassCondition)
      - @ConditionalOnBean (types: org.springframework.boot.webmvc.autoconfigure.DispatcherServletPath; SearchStrategy: all) found bean 'dispatcherServletRegistration' (OnBeanCondition)

   ServletWebSecurityAutoConfiguration.PathPatternRequestMatcherBuilderConfiguration#pathPatternRequestMatcherBuilder matched:
      - @ConditionalOnMissingBean (types: org.springframework.security.web.servlet.util.matcher.PathPatternRequestMatcher$Builder; SearchStrategy: all) did not find any beans (OnBeanCondition)

   ServletWebServerConfiguration#forwardedHeaderFilter matched:
      - @ConditionalOnProperty (server.forward-headers-strategy=framework) matched (OnPropertyCondition)
      - @ConditionalOnMissingBean (types: org.springframework.web.filter.ForwardedHeaderFilter; SearchStrategy: all) did not find any beans (OnBeanCondition)

   SslAutoConfiguration#sslBundleRegistry matched:
      - @ConditionalOnMissingBean (types: org.springframework.boot.ssl.SslBundleRegistry,org.springframework.boot.ssl.SslBundles; SearchStrategy: all) did not find any beans (OnBeanCondition)

   TaskExecutionAutoConfiguration matched:
      - @ConditionalOnClass found required class 'org.springframework.scheduling.concurrent.ThreadPoolTaskExecutor' (OnClassCondition)

   TaskExecutorConfigurations.AsyncConfigurerConfiguration matched:
      - @ConditionalOnMissingBean (types: org.springframework.scheduling.annotation.AsyncConfigurer; SearchStrategy: all) did not find any beans (OnBeanCondition)

   TaskExecutorConfigurations.SimpleAsyncTaskExecutorBuilderConfiguration#simpleAsyncTaskExecutorBuilder matched:
      - @ConditionalOnMissingBean (types: org.springframework.boot.task.SimpleAsyncTaskExecutorBuilder; SearchStrategy: all) did not find any beans (OnBeanCondition)
      - @ConditionalOnThreading found PLATFORM (OnThreadingCondition)

   TaskExecutorConfigurations.TaskExecutorConfiguration matched:
      - AnyNestedCondition 1 matched 1 did not; NestedCondition on TaskExecutorConfigurations.OnExecutorCondition.ModelCondition @ConditionalOnProperty (spring.task.execution.mode=force) did not find property 'spring.task.execution.mode'; NestedCondition on TaskExecutorConfigurations.OnExecutorCondition.ExecutorBeanCondition @ConditionalOnMissingBean (types: java.util.concurrent.Executor; SearchStrategy: all) did not find any beans (TaskExecutorConfigurations.OnExecutorCondition)

   TaskExecutorConfigurations.TaskExecutorConfiguration#applicationTaskExecutor matched:
      - @ConditionalOnThreading found PLATFORM (OnThreadingCondition)

   TaskExecutorConfigurations.ThreadPoolTaskExecutorBuilderConfiguration#threadPoolTaskExecutorBuilder matched:
      - @ConditionalOnMissingBean (types: org.springframework.boot.task.ThreadPoolTaskExecutorBuilder; SearchStrategy: all) did not find any beans (OnBeanCondition)

   TaskSchedulingAutoConfiguration matched:
      - @ConditionalOnClass found required class 'org.springframework.scheduling.concurrent.ThreadPoolTaskScheduler' (OnClassCondition)

   TaskSchedulingAutoConfiguration#scheduledBeanLazyInitializationExcludeFilter matched:
      - @ConditionalOnBean (names: org.springframework.scheduling.config.internalScheduledAnnotationProcessor; SearchStrategy: all) found bean 'org.springframework.scheduling.config.internalScheduledAnnotationProcessor' (OnBeanCondition)

   TaskSchedulingConfigurations.SimpleAsyncTaskSchedulerBuilderConfiguration#simpleAsyncTaskSchedulerBuilder matched:
      - @ConditionalOnMissingBean (types: org.springframework.boot.task.SimpleAsyncTaskSchedulerBuilder; SearchStrategy: all) did not find any beans (OnBeanCondition)
      - @ConditionalOnThreading found PLATFORM (OnThreadingCondition)

   TaskSchedulingConfigurations.TaskSchedulerConfiguration matched:
      - @ConditionalOnBean (names: org.springframework.scheduling.config.internalScheduledAnnotationProcessor; SearchStrategy: all) found bean 'org.springframework.scheduling.config.internalScheduledAnnotationProcessor'; @ConditionalOnMissingBean (types: org.springframework.scheduling.TaskScheduler,java.util.concurrent.ScheduledExecutorService; SearchStrategy: all) did not find any beans (OnBeanCondition)

   TaskSchedulingConfigurations.ThreadPoolTaskSchedulerBuilderConfiguration#threadPoolTaskSchedulerBuilder matched:
      - @ConditionalOnMissingBean (types: org.springframework.boot.task.ThreadPoolTaskSchedulerBuilder; SearchStrategy: all) did not find any beans (OnBeanCondition)

   TomcatServletWebServerAutoConfiguration matched:
      - @ConditionalOnClass found required classes 'jakarta.servlet.ServletRequest', 'org.apache.catalina.startup.Tomcat', 'org.apache.coyote.UpgradeProtocol', 'org.springframework.boot.tomcat.servlet.TomcatServletWebServerFactory' (OnClassCondition)
      - found 'session' scope (OnWebApplicationCondition)

   TomcatServletWebServerAutoConfiguration#tomcatForwardedHeaderFilterCustomizer matched:
      - @ConditionalOnProperty (server.forward-headers-strategy=framework) matched (OnPropertyCondition)

   TomcatServletWebServerAutoConfiguration#tomcatServletWebServerFactory matched:
      - @ConditionalOnMissingBean (types: org.springframework.boot.web.server.servlet.ServletWebServerFactory; SearchStrategy: current) did not find any beans (OnBeanCondition)

   TomcatWebServerConfiguration matched:
      - @ConditionalOnWarDeployment the application is not deployed as a WAR file. (OnWarDeploymentCondition)

   TomcatWebServerConfiguration.TomcatWebSocketConfiguration matched:
      - @ConditionalOnClass found required class 'org.apache.tomcat.websocket.server.WsSci' (OnClassCondition)

   TransactionAutoConfiguration matched:
      - @ConditionalOnClass found required class 'org.springframework.transaction.PlatformTransactionManager' (OnClassCondition)

   TransactionAutoConfiguration.EnableTransactionManagementConfiguration matched:
      - @ConditionalOnBean (types: org.springframework.transaction.TransactionManager; SearchStrategy: all) found bean 'transactionManager'; @ConditionalOnMissingBean (types: org.springframework.transaction.annotation.AbstractTransactionManagementConfiguration; SearchStrategy: all) did not find any beans (OnBeanCondition)

   TransactionAutoConfiguration.EnableTransactionManagementConfiguration.CglibAutoProxyConfiguration matched:
      - @ConditionalOnBooleanProperty (spring.aop.proxy-target-class=true) matched (OnPropertyCondition)

   TransactionAutoConfiguration.TransactionTemplateConfiguration matched:
      - @ConditionalOnSingleCandidate (types: org.springframework.transaction.PlatformTransactionManager; SearchStrategy: all) found a single bean 'transactionManager' (OnBeanCondition)

   TransactionAutoConfiguration.TransactionTemplateConfiguration#transactionTemplate matched:
      - @ConditionalOnMissingBean (types: org.springframework.transaction.support.TransactionOperations; SearchStrategy: all) did not find any beans (OnBeanCondition)

   TransactionManagerCustomizationAutoConfiguration matched:
      - @ConditionalOnClass found required class 'org.springframework.transaction.PlatformTransactionManager' (OnClassCondition)

   TransactionManagerCustomizationAutoConfiguration#platformTransactionManagerCustomizers matched:
      - @ConditionalOnMissingBean (types: org.springframework.boot.transaction.autoconfigure.TransactionManagerCustomizers; SearchStrategy: all) did not find any beans (OnBeanCondition)

   ValidationAutoConfiguration matched:
      - @ConditionalOnClass found required class 'jakarta.validation.executable.ExecutableValidator' (OnClassCondition)
      - @ConditionalOnResource found location classpath:META-INF/services/jakarta.validation.spi.ValidationProvider (OnResourceCondition)

   ValidationAutoConfiguration#defaultValidator matched:
      - @ConditionalOnMissingBean (types: jakarta.validation.Validator; SearchStrategy: all) did not find any beans (OnBeanCondition)

   ValidationAutoConfiguration#methodValidationPostProcessor matched:
      - @ConditionalOnMissingBean (types: org.springframework.validation.beanvalidation.MethodValidationPostProcessor; SearchStrategy: current) did not find any beans (OnBeanCondition)

   WebMvcAutoConfiguration matched:
      - @ConditionalOnClass found required classes 'jakarta.servlet.Servlet', 'org.springframework.web.servlet.DispatcherServlet', 'org.springframework.web.servlet.config.annotation.WebMvcConfigurer' (OnClassCondition)
      - found 'session' scope (OnWebApplicationCondition)
      - @ConditionalOnMissingBean (types: org.springframework.web.servlet.config.annotation.WebMvcConfigurationSupport; SearchStrategy: all) did not find any beans (OnBeanCondition)

   WebMvcAutoConfiguration#formContentFilter matched:
      - @ConditionalOnBooleanProperty (spring.mvc.formcontent.filter.enabled=true) matched (OnPropertyCondition)
      - @ConditionalOnMissingBean (types: org.springframework.web.filter.FormContentFilter; SearchStrategy: all) did not find any beans (OnBeanCondition)

   WebMvcAutoConfiguration.EnableWebMvcConfiguration#flashMapManager matched:
      - @ConditionalOnMissingBean (names: flashMapManager; SearchStrategy: all) did not find any beans (OnBeanCondition)

   WebMvcAutoConfiguration.EnableWebMvcConfiguration#localeResolver matched:
      - @ConditionalOnMissingBean (names: localeResolver; SearchStrategy: all) did not find any beans (OnBeanCondition)

   WebMvcAutoConfiguration.EnableWebMvcConfiguration#viewNameTranslator matched:
      - @ConditionalOnMissingBean (names: viewNameTranslator; SearchStrategy: all) did not find any beans (OnBeanCondition)

   WebMvcAutoConfiguration.WebMvcAutoConfigurationAdapter#defaultViewResolver matched:
      - @ConditionalOnMissingBean (types: org.springframework.web.servlet.view.InternalResourceViewResolver; SearchStrategy: all) did not find any beans (OnBeanCondition)

   WebMvcAutoConfiguration.WebMvcAutoConfigurationAdapter#requestContextFilter matched:
      - @ConditionalOnMissingBean (types: org.springframework.web.context.request.RequestContextListener,org.springframework.web.filter.RequestContextFilter; SearchStrategy: all) did not find any beans (OnBeanCondition)

   WebMvcAutoConfiguration.WebMvcAutoConfigurationAdapter#viewResolver matched:
      - @ConditionalOnBean (types: org.springframework.web.servlet.ViewResolver; SearchStrategy: all) found beans 'defaultViewResolver', 'beanNameViewResolver', 'mvcViewResolver'; @ConditionalOnMissingBean (names: viewResolver types: org.springframework.web.servlet.view.ContentNegotiatingViewResolver; SearchStrategy: all) did not find any beans (OnBeanCondition)


Negative matches:
-----------------

   AopAutoConfiguration.AspectJAutoProxyingConfiguration.JdkDynamicAutoProxyConfiguration:
      Did not match:
         - @ConditionalOnBooleanProperty (spring.aop.proxy-target-class=false) did not find property 'spring.aop.proxy-target-class' (OnPropertyCondition)

   AopAutoConfiguration.ClassProxyingConfiguration:
      Did not match:
         - @ConditionalOnMissingClass found unwanted class 'org.aspectj.weaver.Advice' (OnClassCondition)

   DataJpaRepositoriesAutoConfiguration#entityManagerFactoryBootstrapExecutorCustomizer:
      Did not match:
         - @ConditionalOnProperty (spring.data.jpa.repositories.bootstrap-mode=deferred) did not find property 'spring.data.jpa.repositories.bootstrap-mode' (OnPropertyCondition)

   DataRepositoryMetricsAutoConfiguration:
      Did not match:
         - @ConditionalOnBean did not find required type 'io.micrometer.core.instrument.MeterRegistry' (OnBeanCondition)

   DataSourceAutoConfiguration.EmbeddedDatabaseConfiguration:
      Did not match:
         - EmbeddedDataSource spring.datasource.url is set (DataSourceAutoConfiguration.EmbeddedDatabaseCondition)

   DataSourceCheckpointRestoreConfiguration:
      Did not match:
         - @ConditionalOnClass did not find required class 'org.crac.Resource' (OnClassCondition)

   DataSourceConfiguration.Dbcp2:
      Did not match:
         - @ConditionalOnClass did not find required class 'org.apache.commons.dbcp2.BasicDataSource' (OnClassCondition)

   DataSourceConfiguration.Generic:
      Did not match:
         - @ConditionalOnProperty (spring.datasource.type) did not find property 'spring.datasource.type' (OnPropertyCondition)

   DataSourceConfiguration.OracleUcp:
      Did not match:
         - @ConditionalOnClass did not find required classes 'oracle.ucp.jdbc.PoolDataSourceImpl', 'oracle.jdbc.OracleConnection' (OnClassCondition)

   DataSourceConfiguration.Tomcat:
      Did not match:
         - @ConditionalOnClass did not find required class 'org.apache.tomcat.jdbc.pool.DataSource' (OnClassCondition)

   DataSourceHealthContributorAutoConfiguration:
      Did not match:
         - @ConditionalOnClass did not find required class 'org.springframework.boot.health.autoconfigure.contributor.ConditionalOnEnabledHealthIndicator' (OnClassCondition)

   DataSourceJmxConfiguration:
      Did not match:
         - @ConditionalOnBooleanProperty (spring.jmx.enabled=true) did not find property 'spring.jmx.enabled' (OnPropertyCondition)

   DataSourcePoolMetadataProvidersConfiguration.CommonsDbcp2PoolDataSourceMetadataProviderConfiguration:
      Did not match:
         - @ConditionalOnClass did not find required class 'org.apache.commons.dbcp2.BasicDataSource' (OnClassCondition)

   DataSourcePoolMetadataProvidersConfiguration.OracleUcpPoolDataSourceMetadataProviderConfiguration:
      Did not match:
         - @ConditionalOnClass did not find required classes 'oracle.ucp.jdbc.PoolDataSource', 'oracle.jdbc.OracleConnection' (OnClassCondition)

   DataSourcePoolMetadataProvidersConfiguration.TomcatDataSourcePoolMetadataProviderConfiguration:
      Did not match:
         - @ConditionalOnClass did not find required class 'org.apache.tomcat.jdbc.pool.DataSource' (OnClassCondition)

   DataSourcePoolMetricsAutoConfiguration:
      Did not match:
         - @ConditionalOnClass did not find required class 'io.micrometer.core.instrument.MeterRegistry' (OnClassCondition)

   DataSourceTransactionManagerAutoConfiguration.JdbcTransactionManagerConfiguration#transactionManager:
      Did not match:
         - @ConditionalOnMissingBean (types: org.springframework.transaction.TransactionManager; SearchStrategy: all) found beans of type 'org.springframework.transaction.TransactionManager' transactionManager (OnBeanCondition)

   DefaultTaskSchedulerConfiguration#taskSchedulerVirtualThreads:
      Did not match:
         - @ConditionalOnThreading did not find VIRTUAL (OnThreadingCondition)
      Matched:
         - @ConditionalOnBean (types: org.springframework.boot.task.SimpleAsyncTaskSchedulerBuilder; SearchStrategy: all) found bean 'simpleAsyncTaskSchedulerBuilder' (OnBeanCondition)

   DispatcherServletAutoConfiguration.DispatcherServletConfiguration#multipartResolver:
      Did not match:
         - @ConditionalOnBean (types: org.springframework.web.multipart.MultipartResolver; SearchStrategy: all) did not find any beans of type org.springframework.web.multipart.MultipartResolver (OnBeanCondition)

   FlywayAutoConfiguration.FlywayConfiguration.OracleConfiguration:
      Did not match:
         - @ConditionalOnClass did not find required class 'org.flywaydb.database.oracle.OracleConfigurationExtension' (OnClassCondition)

   FlywayAutoConfiguration.FlywayConfiguration.SqlServerConfiguration:
      Did not match:
         - @ConditionalOnClass did not find required class 'org.flywaydb.database.sqlserver.SQLServerConfigurationExtension' (OnClassCondition)

   FlywayEndpointAutoConfiguration:
      Did not match:
         - @ConditionalOnClass did not find required class 'org.springframework.boot.actuate.autoconfigure.endpoint.condition.ConditionalOnAvailableEndpoint' (OnClassCondition)

   GsonHttpMessageConvertersConfiguration:
      Did not match:
         - @ConditionalOnClass did not find required class 'com.google.gson.Gson' (OnClassCondition)

   HibernateMetricsAutoConfiguration:
      Did not match:
         - @ConditionalOnClass did not find required class 'io.micrometer.core.instrument.MeterRegistry' (OnClassCondition)

   Jackson2HttpMessageConvertersConfiguration.MappingJackson2HttpMessageConverterConfiguration:
      Did not match:
         - AnyNestedCondition 0 matched 2 did not; NestedCondition on Jackson2HttpMessageConvertersConfiguration.PreferJackson2OrJacksonUnavailableCondition.JacksonUnavailable @ConditionalOnMissingBean (types: org.springframework.boot.http.converter.autoconfigure.JacksonHttpMessageConvertersConfiguration$JacksonJsonHttpMessageConvertersCustomizer; SearchStrategy: all) found beans of type 'org.springframework.boot.http.converter.autoconfigure.JacksonHttpMessageConvertersConfiguration$JacksonJsonHttpMessageConvertersCustomizer' jacksonJsonHttpMessageConvertersCustomizer; NestedCondition on Jackson2HttpMessageConvertersConfiguration.PreferJackson2OrJacksonUnavailableCondition.Jackson2Preferred @ConditionalOnProperty (spring.http.converters.preferred-json-mapper=jackson2) did not find property 'spring.http.converters.preferred-json-mapper' (Jackson2HttpMessageConvertersConfiguration.PreferJackson2OrJacksonUnavailableCondition)
      Matched:
         - @ConditionalOnClass found required class 'com.fasterxml.jackson.databind.ObjectMapper' (OnClassCondition)

   Jackson2HttpMessageConvertersConfiguration.MappingJackson2XmlHttpMessageConverterConfiguration:
      Did not match:
         - @ConditionalOnClass did not find required class 'com.fasterxml.jackson.dataformat.xml.XmlMapper' (OnClassCondition)

   JacksonAutoConfiguration.CborConfiguration:
      Did not match:
         - @ConditionalOnClass did not find required class 'tools.jackson.dataformat.cbor.CBORMapper' (OnClassCondition)

   JacksonAutoConfiguration.XmlConfiguration:
      Did not match:
         - @ConditionalOnClass did not find required class 'tools.jackson.dataformat.xml.XmlMapper' (OnClassCondition)

   JacksonHttpMessageConvertersConfiguration.JacksonXmlHttpMessageConverterConfiguration:
      Did not match:
         - @ConditionalOnClass did not find required class 'tools.jackson.dataformat.xml.XmlMapper' (OnClassCondition)

   JmxAutoConfiguration:
      Did not match:
         - @ConditionalOnBooleanProperty (spring.jmx.enabled=true) did not find property 'spring.jmx.enabled' (OnPropertyCondition)
      Matched:
         - @ConditionalOnClass found required class 'org.springframework.jmx.export.MBeanExporter' (OnClassCondition)

   JndiDataSourceAutoConfiguration:
      Did not match:
         - @ConditionalOnProperty (spring.datasource.jndi-name) did not find property 'spring.datasource.jndi-name' (OnPropertyCondition)
      Matched:
         - @ConditionalOnClass found required classes 'javax.sql.DataSource', 'org.springframework.jdbc.datasource.embedded.EmbeddedDatabaseType' (OnClassCondition)

   JndiJtaConfiguration:
      Did not match:
         - @ConditionalOnJndi JNDI environment is not available (OnJndiCondition)
      Matched:
         - @ConditionalOnClass found required class 'org.springframework.transaction.jta.JtaTransactionManager' (OnClassCondition)

   JpaBaseConfiguration.JpaWebConfiguration:
      Did not match:
         - @ConditionalOnBooleanProperty (spring.jpa.open-in-view=true) found different value in property 'spring.jpa.open-in-view' (OnPropertyCondition)
      Matched:
         - @ConditionalOnClass found required class 'org.springframework.web.servlet.config.annotation.WebMvcConfigurer' (OnClassCondition)
         - found 'session' scope (OnWebApplicationCondition)

   JsonbHttpMessageConvertersConfiguration:
      Did not match:
         - @ConditionalOnClass did not find required class 'jakarta.json.bind.Jsonb' (OnClassCondition)

   JwtConverterConfiguration:
      Did not match:
         - AnyNestedCondition 0 matched 4 did not; NestedCondition on JwtConverterConfiguration.PropertiesCondition.OnAuthoritiesExpressions Authorities claim expressions did not find property spring.security.oauth2.resourceserver.jwt.authorities-claim-expressions; NestedCondition on JwtConverterConfiguration.PropertiesCondition.OnAuthoritiesClaimName @ConditionalOnProperty (spring.security.oauth2.resourceserver.jwt.authorities-claim-name) did not find property 'spring.security.oauth2.resourceserver.jwt.authorities-claim-name'; NestedCondition on JwtConverterConfiguration.PropertiesCondition.OnPrincipalClaimName @ConditionalOnProperty (spring.security.oauth2.resourceserver.jwt.principal-claim-name) did not find property 'spring.security.oauth2.resourceserver.jwt.principal-claim-name'; NestedCondition on JwtConverterConfiguration.PropertiesCondition.OnAuthorityPrefix @ConditionalOnProperty (spring.security.oauth2.resourceserver.jwt.authority-prefix) did not find property 'spring.security.oauth2.resourceserver.jwt.authority-prefix' (JwtConverterConfiguration.PropertiesCondition)
      Matched:
         - @ConditionalOnClass found required class 'org.springframework.security.oauth2.jwt.JwtDecoder' (OnClassCondition)

   JwtDecoderConfiguration:
      Did not match:
         - @ConditionalOnMissingBean (types: org.springframework.security.oauth2.jwt.JwtDecoder; SearchStrategy: all) found beans of type 'org.springframework.security.oauth2.jwt.JwtDecoder' jwtDecoder (OnBeanCondition)
      Matched:
         - @ConditionalOnClass found required class 'org.springframework.security.oauth2.jwt.JwtDecoder' (OnClassCondition)

   KotlinSerializationHttpMessageConvertersConfiguration:
      Did not match:
         - @ConditionalOnClass did not find required classes 'kotlinx.serialization.Serializable', 'kotlinx.serialization.json.Json' (OnClassCondition)

   LazyConnectionDataSourceConfiguration:
      Did not match:
         - @ConditionalOnProperty (spring.datasource.connection-fetch=lazy) did not find property 'spring.datasource.connection-fetch' (OnPropertyCondition)

   MailHealthContributorAutoConfiguration:
      Did not match:
         - @ConditionalOnClass did not find required class 'org.springframework.boot.health.autoconfigure.contributor.ConditionalOnEnabledHealthIndicator' (OnClassCondition)

   MailSenderJndiConfiguration:
      Did not match:
         - @ConditionalOnProperty (spring.mail.jndi-name) did not find property 'spring.mail.jndi-name' (OnPropertyCondition)
      Matched:
         - @ConditionalOnClass found required class 'jakarta.mail.Session' (OnClassCondition)

   MailSenderValidatorAutoConfiguration:
      Did not match:
         - @ConditionalOnBooleanProperty (spring.mail.test-connection=true) did not find property 'spring.mail.test-connection' (OnPropertyCondition)

   ManagementWebSecurityAutoConfiguration:
      Did not match:
         - @ConditionalOnClass did not find required class 'org.springframework.boot.actuate.autoconfigure.endpoint.web.WebEndpointAutoConfiguration' (OnClassCondition)

   MessageSourceAutoConfiguration:
      Did not match:
         - ResourceBundle did not find bundle with basename messages (MessageSourceAutoConfiguration.ResourceBundleCondition)

   OAuth2ResourceServerWebSecurityAutoConfiguration:
      Did not match:
         - AllNestedConditions 1 matched 1 did not; NestedCondition on DefaultWebSecurityCondition.Beans @ConditionalOnMissingBean (types: org.springframework.security.web.SecurityFilterChain; SearchStrategy: all) found beans of type 'org.springframework.security.web.SecurityFilterChain' securityFilterChain; NestedCondition on DefaultWebSecurityCondition.Classes @ConditionalOnClass found required classes 'org.springframework.security.web.SecurityFilterChain', 'org.springframework.security.config.annotation.web.builders.HttpSecurity' (DefaultWebSecurityCondition)
      Matched:
         - found 'session' scope (OnWebApplicationCondition)

   OpaqueTokenIntrospectionConfiguration#opaqueTokenIntrospector:
      Did not match:
         - @ConditionalOnProperty (spring.security.oauth2.resourceserver.opaquetoken.introspection-uri) did not find property 'spring.security.oauth2.resourceserver.opaquetoken.introspection-uri' (OnPropertyCondition)

   ProjectInfoAutoConfiguration#buildProperties:
      Did not match:
         - @ConditionalOnResource did not find resource '${spring.info.build.location:classpath:META-INF/build-info.properties}' (OnResourceCondition)

   ProjectInfoAutoConfiguration#gitProperties:
      Did not match:
         - GitResource did not find git info at classpath:git.properties (ProjectInfoAutoConfiguration.GitResourceAvailableCondition)

   RSocketSecurityAutoConfiguration:
      Did not match:
         - @ConditionalOnClass did not find required class 'org.springframework.boot.rsocket.server.RSocketServerCustomizer' (OnClassCondition)

   ReactiveManagementWebSecurityAutoConfiguration:
      Did not match:
         - @ConditionalOnClass did not find required class 'org.springframework.boot.actuate.autoconfigure.endpoint.web.WebEndpointAutoConfiguration' (OnClassCondition)

   ReactiveOAuth2ResourceServerAutoConfiguration:
      Did not match:
         - @ConditionalOnClass did not find required class 'reactor.core.publisher.Mono' (OnClassCondition)

   ReactiveOAuth2ResourceServerWebSecurityAutoConfiguration:
      Did not match:
         - @ConditionalOnWebApplication did not find reactive web application classes (OnWebApplicationCondition)

   ReactiveUserDetailsServiceAutoConfiguration:
      Did not match:
         - AnyNestedCondition 0 matched 3 did not; NestedCondition on MissingAlternativeUserDetailsManagerOrUserPropertiesConfigured.PasswordConfigured @ConditionalOnProperty (spring.security.user.password) did not find property 'spring.security.user.password'; NestedCondition on MissingAlternativeUserDetailsManagerOrUserPropertiesConfigured.NameConfigured @ConditionalOnProperty (spring.security.user.name) did not find property 'spring.security.user.name'; NestedCondition on MissingAlternativeUserDetailsManagerOrUserPropertiesConfigured.MissingAlternative @ConditionalOnMissingClass found unwanted class 'org.springframework.security.oauth2.server.resource.introspection.OpaqueTokenIntrospector' (MissingAlternativeUserDetailsManagerOrUserPropertiesConfigured)
      Matched:
         - @ConditionalOnClass found required class 'org.springframework.security.authentication.ReactiveAuthenticationManager' (OnClassCondition)

   ReactiveWebSecurityAutoConfiguration:
      Did not match:
         - @ConditionalOnClass did not find required class 'reactor.core.publisher.Flux' (OnClassCondition)

   SecurityAutoConfiguration.SecurityDataConfiguration:
      Did not match:
         - @ConditionalOnClass did not find required class 'org.springframework.security.data.repository.query.SecurityEvaluationContextExtension' (OnClassCondition)

   ServletHttpExchangesAutoConfiguration:
      Did not match:
         - @ConditionalOnBean did not find required type 'org.springframework.boot.actuate.web.exchanges.HttpExchangeRepository' (OnBeanCondition)

   ServletManagementContextAutoConfiguration:
      Did not match:
         - @ConditionalOnClass did not find required class 'org.springframework.boot.actuate.autoconfigure.endpoint.web.WebEndpointProperties' (OnClassCondition)

   ServletMappingsAutoConfiguration:
      Did not match:
         - @ConditionalOnClass did not find required class 'org.springframework.boot.actuate.autoconfigure.endpoint.condition.ConditionalOnAvailableEndpoint' (OnClassCondition)

   ServletWebSecurityAutoConfiguration.SecurityFilterChainConfiguration:
      Did not match:
         - AllNestedConditions 1 matched 1 did not; NestedCondition on DefaultWebSecurityCondition.Beans @ConditionalOnMissingBean (types: org.springframework.security.web.SecurityFilterChain; SearchStrategy: all) found beans of type 'org.springframework.security.web.SecurityFilterChain' securityFilterChain; NestedCondition on DefaultWebSecurityCondition.Classes @ConditionalOnClass found required classes 'org.springframework.security.web.SecurityFilterChain', 'org.springframework.security.config.annotation.web.builders.HttpSecurity' (DefaultWebSecurityCondition)

   SpringApplicationAdminJmxAutoConfiguration:
      Did not match:
         - @ConditionalOnBooleanProperty (spring.application.admin.enabled=true) did not find property 'spring.application.admin.enabled' (OnPropertyCondition)

   TaskExecutorConfigurations.AsyncConfigurerWrapperConfiguration:
      Did not match:
         - @ConditionalOnBean (types: org.springframework.scheduling.annotation.AsyncConfigurer; SearchStrategy: all) did not find any beans of type org.springframework.scheduling.annotation.AsyncConfigurer (OnBeanCondition)

   TaskExecutorConfigurations.SimpleAsyncTaskExecutorBuilderConfiguration#simpleAsyncTaskExecutorBuilderVirtualThreads:
      Did not match:
         - @ConditionalOnMissingBean (types: org.springframework.boot.task.SimpleAsyncTaskExecutorBuilder; SearchStrategy: all) found beans of type 'org.springframework.boot.task.SimpleAsyncTaskExecutorBuilder' simpleAsyncTaskExecutorBuilder (OnBeanCondition)

   TaskExecutorConfigurations.TaskExecutorConfiguration#applicationTaskExecutorVirtualThreads:
      Did not match:
         - @ConditionalOnThreading did not find VIRTUAL (OnThreadingCondition)

   TaskExecutorConfigurations.TaskExecutorContextPropagationConfiguration:
      Did not match:
         - @ConditionalOnClass did not find required class 'io.micrometer.context.ContextSnapshot' (OnClassCondition)

   TaskSchedulingConfigurations.SimpleAsyncTaskSchedulerBuilderConfiguration#simpleAsyncTaskSchedulerBuilderVirtualThreads:
      Did not match:
         - @ConditionalOnMissingBean (types: org.springframework.boot.task.SimpleAsyncTaskSchedulerBuilder; SearchStrategy: all) found beans of type 'org.springframework.boot.task.SimpleAsyncTaskSchedulerBuilder' simpleAsyncTaskSchedulerBuilder (OnBeanCondition)

   TomcatMetricsAutoConfiguration:
      Did not match:
         - @ConditionalOnClass did not find required class 'io.micrometer.core.instrument.binder.tomcat.TomcatMetrics' (OnClassCondition)

   TomcatReactiveManagementContextAutoConfiguration:
      Did not match:
         - @ConditionalOnClass did not find required class 'org.springframework.boot.actuate.autoconfigure.web.server.ManagementContextFactory' (OnClassCondition)

   TomcatReactiveWebServerAutoConfiguration:
      Did not match:
         - @ConditionalOnWebApplication did not find reactive web application classes (OnWebApplicationCondition)

   TomcatServletManagementContextAutoConfiguration:
      Did not match:
         - @ConditionalOnClass did not find required class 'org.springframework.boot.actuate.autoconfigure.web.server.ManagementContextFactory' (OnClassCondition)

   TomcatWebServerConfiguration#tomcatVirtualThreadsProtocolHandlerCustomizer:
      Did not match:
         - @ConditionalOnThreading did not find VIRTUAL (OnThreadingCondition)

   TransactionAutoConfiguration#transactionalOperator:
      Did not match:
         - @ConditionalOnSingleCandidate (types: org.springframework.transaction.ReactiveTransactionManager; SearchStrategy: all) did not find any beans (OnBeanCondition)

   TransactionAutoConfiguration.AspectJTransactionManagementConfiguration:
      Did not match:
         - @ConditionalOnBean (types: org.springframework.transaction.aspectj.AbstractTransactionAspect; SearchStrategy: all) did not find any beans of type org.springframework.transaction.aspectj.AbstractTransactionAspect (OnBeanCondition)

   TransactionAutoConfiguration.EnableTransactionManagementConfiguration.JdkDynamicAutoProxyConfiguration:
      Did not match:
         - @ConditionalOnBooleanProperty (spring.aop.proxy-target-class=false) did not find property 'spring.aop.proxy-target-class' (OnPropertyCondition)

   UserDetailsServiceAutoConfiguration:
      Did not match:
         - AnyNestedCondition 0 matched 3 did not; NestedCondition on MissingAlternativeUserDetailsManagerOrUserPropertiesConfigured.PasswordConfigured @ConditionalOnProperty (spring.security.user.password) did not find property 'spring.security.user.password'; NestedCondition on MissingAlternativeUserDetailsManagerOrUserPropertiesConfigured.NameConfigured @ConditionalOnProperty (spring.security.user.name) did not find property 'spring.security.user.name'; NestedCondition on MissingAlternativeUserDetailsManagerOrUserPropertiesConfigured.MissingAlternative @ConditionalOnMissingClass found unwanted class 'org.springframework.security.oauth2.server.resource.introspection.OpaqueTokenIntrospector' (MissingAlternativeUserDetailsManagerOrUserPropertiesConfigured)
      Matched:
         - @ConditionalOnClass found required class 'org.springframework.security.authentication.AuthenticationManager' (OnClassCondition)
         - found 'session' scope (OnWebApplicationCondition)

   WebMvcAutoConfiguration#hiddenHttpMethodFilter:
      Did not match:
         - @ConditionalOnBooleanProperty (spring.mvc.hiddenmethod.filter.enabled=true) did not find property 'spring.mvc.hiddenmethod.filter.enabled' (OnPropertyCondition)

   WebMvcAutoConfiguration.ProblemDetailsErrorHandlingConfiguration:
      Did not match:
         - @ConditionalOnBooleanProperty (spring.mvc.problemdetails.enabled=true) did not find property 'spring.mvc.problemdetails.enabled' (OnPropertyCondition)

   WebMvcAutoConfiguration.ResourceChainCustomizerConfiguration:
      Did not match:
         - @ConditionalOnEnabledResourceChain did not find class org.webjars.WebJarVersionLocator (OnEnabledResourceChainCondition)

   WebMvcAutoConfiguration.WebMvcAutoConfigurationAdapter#beanNameViewResolver:
      Did not match:
         - @ConditionalOnMissingBean (types: org.springframework.web.servlet.view.BeanNameViewResolver; SearchStrategy: all) found beans of type 'org.springframework.web.servlet.view.BeanNameViewResolver' beanNameViewResolver (OnBeanCondition)

   WebMvcHealthEndpointExtensionAutoConfiguration:
      Did not match:
         - @ConditionalOnClass did not find required class 'org.springframework.boot.health.actuate.endpoint.HealthEndpoint' (OnClassCondition)

   WebMvcMappingsAutoConfiguration:
      Did not match:
         - @ConditionalOnClass did not find required class 'org.springframework.boot.actuate.autoconfigure.endpoint.condition.ConditionalOnAvailableEndpoint' (OnClassCondition)

   WebMvcObservationAutoConfiguration:
      Did not match:
         - @ConditionalOnClass did not find required class 'org.springframework.boot.micrometer.observation.autoconfigure.ObservationProperties' (OnClassCondition)

   XADataSourceAutoConfiguration:
      Did not match:
         - @ConditionalOnBean (types: org.springframework.boot.jdbc.XADataSourceWrapper; SearchStrategy: all) did not find any beans of type org.springframework.boot.jdbc.XADataSourceWrapper (OnBeanCondition)
      Matched:
         - @ConditionalOnClass found required classes 'javax.sql.DataSource', 'jakarta.transaction.TransactionManager', 'org.springframework.jdbc.datasource.embedded.EmbeddedDatabaseType' (OnClassCondition)


Exclusions:
-----------

    None


Unconditional classes:
----------------------

    org.springframework.boot.autoconfigure.context.ConfigurationPropertiesAutoConfiguration

    org.springframework.boot.autoconfigure.ssl.SslAutoConfiguration

    org.springframework.boot.autoconfigure.context.LifecycleAutoConfiguration

    org.springframework.boot.autoconfigure.context.PropertyPlaceholderAutoConfiguration

    org.springframework.boot.autoconfigure.availability.ApplicationAvailabilityAutoConfiguration

    org.springframework.boot.autoconfigure.info.ProjectInfoAutoConfiguration



2026-08-17T17:37:21.247+05:30  INFO 22496 --- [aplus-kids-api] [           main] l.a.platform.AplusKidsApiApplication     : Started AplusKidsApiApplication in 11.964 seconds (process running for 12.463)
2026-08-17T17:37:21.263+05:30 DEBUG 22496 --- [aplus-kids-api] [           main] o.s.b.a.ApplicationAvailabilityBean      : Application availability state LivenessState changed to CORRECT
2026-08-17T17:37:21.374+05:30 DEBUG 22496 --- [aplus-kids-api] [   scheduling-1] org.hibernate.SQL                        : select ue1_0.id,ue1_0.account_holder_name,ue1_0.created_at,ue1_0.credentials_changed_at,ue1_0.deleted_at,ue1_0.email,ue1_0.email_verified_at,ue1_0.failed_login_count,ue1_0.last_login_at,ue1_0.locked_until,ue1_0.password_hash,ue1_0.phone_e164,ue1_0.phone_verified_at,ue1_0.public_id,ue1_0.status,ue1_0.updated_at,ue1_0.version from users ue1_0
2026-08-17T17:37:21.374+05:30 DEBUG 22496 --- [aplus-kids-api] [           main] org.hibernate.SQL                        : select ue1_0.id,ue1_0.account_holder_name,ue1_0.created_at,ue1_0.credentials_changed_at,ue1_0.deleted_at,ue1_0.email,ue1_0.email_verified_at,ue1_0.failed_login_count,ue1_0.last_login_at,ue1_0.locked_until,ue1_0.password_hash,ue1_0.phone_e164,ue1_0.phone_verified_at,ue1_0.public_id,ue1_0.status,ue1_0.updated_at,ue1_0.version from users ue1_0
2026-08-17T17:37:21.470+05:30 DEBUG 22496 --- [aplus-kids-api] [           main] org.hibernate.SQL                        : select r1_0.user_id,r1_1.id,r1_1.created_at,r1_1.description,r1_1.name from user_roles r1_0 join roles r1_1 on r1_1.id=r1_0.role_id where r1_0.user_id=?
2026-08-17T17:37:21.470+05:30 DEBUG 22496 --- [aplus-kids-api] [   scheduling-1] org.hibernate.SQL                        : select r1_0.user_id,r1_1.id,r1_1.created_at,r1_1.description,r1_1.name from user_roles r1_0 join roles r1_1 on r1_1.id=r1_0.role_id where r1_0.user_id=?
2026-08-17T17:37:21.488+05:30 DEBUG 22496 --- [aplus-kids-api] [           main] org.hibernate.SQL                        : select r1_0.user_id,r1_1.id,r1_1.created_at,r1_1.description,r1_1.name from user_roles r1_0 join roles r1_1 on r1_1.id=r1_0.role_id where r1_0.user_id=?
2026-08-17T17:37:21.488+05:30 DEBUG 22496 --- [aplus-kids-api] [   scheduling-1] org.hibernate.SQL                        : select r1_0.user_id,r1_1.id,r1_1.created_at,r1_1.description,r1_1.name from user_roles r1_0 join roles r1_1 on r1_1.id=r1_0.role_id where r1_0.user_id=?
2026-08-17T17:37:21.488+05:30 DEBUG 22496 --- [aplus-kids-api] [           main] org.hibernate.SQL                        : select r1_0.user_id,r1_1.id,r1_1.created_at,r1_1.description,r1_1.name from user_roles r1_0 join roles r1_1 on r1_1.id=r1_0.role_id where r1_0.user_id=?
2026-08-17T17:37:21.488+05:30 DEBUG 22496 --- [aplus-kids-api] [   scheduling-1] org.hibernate.SQL                        : select r1_0.user_id,r1_1.id,r1_1.created_at,r1_1.description,r1_1.name from user_roles r1_0 join roles r1_1 on r1_1.id=r1_0.role_id where r1_0.user_id=?
2026-08-17T17:37:21.488+05:30 DEBUG 22496 --- [aplus-kids-api] [           main] org.hibernate.SQL                        : select r1_0.user_id,r1_1.id,r1_1.created_at,r1_1.description,r1_1.name from user_roles r1_0 join roles r1_1 on r1_1.id=r1_0.role_id where r1_0.user_id=?
2026-08-17T17:37:21.488+05:30 DEBUG 22496 --- [aplus-kids-api] [   scheduling-1] org.hibernate.SQL                        : select r1_0.user_id,r1_1.id,r1_1.created_at,r1_1.description,r1_1.name from user_roles r1_0 join roles r1_1 on r1_1.id=r1_0.role_id where r1_0.user_id=?
2026-08-17T17:37:21.488+05:30 DEBUG 22496 --- [aplus-kids-api] [           main] org.hibernate.SQL                        : select r1_0.user_id,r1_1.id,r1_1.created_at,r1_1.description,r1_1.name from user_roles r1_0 join roles r1_1 on r1_1.id=r1_0.role_id where r1_0.user_id=?
2026-08-17T17:37:21.488+05:30 DEBUG 22496 --- [aplus-kids-api] [   scheduling-1] org.hibernate.SQL                        : select r1_0.user_id,r1_1.id,r1_1.created_at,r1_1.description,r1_1.name from user_roles r1_0 join roles r1_1 on r1_1.id=r1_0.role_id where r1_0.user_id=?
2026-08-17T17:37:21.500+05:30 DEBUG 22496 --- [aplus-kids-api] [           main] org.hibernate.SQL                        : select r1_0.user_id,r1_1.id,r1_1.created_at,r1_1.description,r1_1.name from user_roles r1_0 join roles r1_1 on r1_1.id=r1_0.role_id where r1_0.user_id=?
2026-08-17T17:37:21.500+05:30 DEBUG 22496 --- [aplus-kids-api] [   scheduling-1] org.hibernate.SQL                        : select r1_0.user_id,r1_1.id,r1_1.created_at,r1_1.description,r1_1.name from user_roles r1_0 join roles r1_1 on r1_1.id=r1_0.role_id where r1_0.user_id=?
2026-08-17T17:37:21.500+05:30 DEBUG 22496 --- [aplus-kids-api] [           main] org.hibernate.SQL                        : select r1_0.user_id,r1_1.id,r1_1.created_at,r1_1.description,r1_1.name from user_roles r1_0 join roles r1_1 on r1_1.id=r1_0.role_id where r1_0.user_id=?
2026-08-17T17:37:21.503+05:30 DEBUG 22496 --- [aplus-kids-api] [   scheduling-1] org.hibernate.SQL                        : select r1_0.user_id,r1_1.id,r1_1.created_at,r1_1.description,r1_1.name from user_roles r1_0 join roles r1_1 on r1_1.id=r1_0.role_id where r1_0.user_id=?
2026-08-17T17:37:21.503+05:30 DEBUG 22496 --- [aplus-kids-api] [           main] org.hibernate.SQL                        : select r1_0.user_id,r1_1.id,r1_1.created_at,r1_1.description,r1_1.name from user_roles r1_0 join roles r1_1 on r1_1.id=r1_0.role_id where r1_0.user_id=?
2026-08-17T17:37:21.503+05:30 DEBUG 22496 --- [aplus-kids-api] [   scheduling-1] org.hibernate.SQL                        : select r1_0.user_id,r1_1.id,r1_1.created_at,r1_1.description,r1_1.name from user_roles r1_0 join roles r1_1 on r1_1.id=r1_0.role_id where r1_0.user_id=?
2026-08-17T17:37:21.582+05:30 DEBUG 22496 --- [aplus-kids-api] [           main] org.hibernate.SQL                        : select kcse1_0.id,kcse1_0.active_zip_started_at,kcse1_0.active_zip_target_size,kcse1_0.allowed_file_types,kcse1_0.campaign_limit,kcse1_0.categories,kcse1_0.daily_telecast_limit,kcse1_0.default_message,kcse1_0.default_telecast_time,kcse1_0.frequent_participant_threshold,kcse1_0.max_file_size_mb,kcse1_0.maximum_age,kcse1_0.minimum_age,kcse1_0.require_whatsapp_consent,kcse1_0.updated_at,kcse1_0.updated_by_user_id,kcse1_0.zip_batch_size,kcse1_0.zip_expiry_days,kcse1_0.zip_warning_days from kids_champ_settings kcse1_0 where kcse1_0.id=? for no key update of kcse1_0
2026-08-17T17:37:21.582+05:30 DEBUG 22496 --- [aplus-kids-api] [   scheduling-1] org.hibernate.SQL                        : select kcse1_0.id,kcse1_0.active_zip_started_at,kcse1_0.active_zip_target_size,kcse1_0.allowed_file_types,kcse1_0.campaign_limit,kcse1_0.categories,kcse1_0.daily_telecast_limit,kcse1_0.default_message,kcse1_0.default_telecast_time,kcse1_0.frequent_participant_threshold,kcse1_0.max_file_size_mb,kcse1_0.maximum_age,kcse1_0.minimum_age,kcse1_0.require_whatsapp_consent,kcse1_0.updated_at,kcse1_0.updated_by_user_id,kcse1_0.zip_batch_size,kcse1_0.zip_expiry_days,kcse1_0.zip_warning_days from kids_champ_settings kcse1_0 where kcse1_0.id=? for no key update of kcse1_0
2026-08-17T17:37:21.664+05:30 DEBUG 22496 --- [aplus-kids-api] [           main] org.hibernate.SQL                        : select kcse1_0.id,kcse1_0.age_at_submission,kcse1_0.assigned_reviewer_user_id,kcse1_0.batch_id,kcse1_0.category,kcse1_0.child_name,kcse1_0.child_profile_id,kcse1_0.consent_accepted_at,kcse1_0.country_code,kcse1_0.date_of_birth,kcse1_0.deleted_at,kcse1_0.deleted_by_user_id,kcse1_0.email,kcse1_0.file_size,kcse1_0.file_status,kcse1_0.guest_contact_id,kcse1_0.guest_participant_id,kcse1_0.hometown,kcse1_0.internal_note,kcse1_0.media_type,kcse1_0.original_filename,kcse1_0.parent_name,kcse1_0.phone_e164,kcse1_0.photo_deleted_at,kcse1_0.previewed_at,kcse1_0.province,kcse1_0.public_id,kcse1_0.rejection_reason,kcse1_0.review_status,kcse1_0.reviewed_at,kcse1_0.reviewed_by_user_id,kcse1_0.stored_filename,kcse1_0.submitted_at,kcse1_0.telecast_status,kcse1_0.tracking_code,kcse1_0.user_id,kcse1_0.version,kcse1_0.whatsapp_consent_at,kcse1_0.work_description,kcse1_0.work_title from kids_champ_submissions kcse1_0 where kcse1_0.review_status=? and kcse1_0.batch_id is null and kcse1_0.photo_deleted_at is null and kcse1_0.stored_filename is not null order by kcse1_0.submitted_at,kcse1_0.id fetch first ? rows only
2026-08-17T17:37:21.726+05:30 DEBUG 22496 --- [aplus-kids-api] [           main] org.hibernate.SQL                        : select kcse1_0.id,kcse1_0.age_at_submission,kcse1_0.assigned_reviewer_user_id,kcse1_0.batch_id,kcse1_0.category,kcse1_0.child_name,kcse1_0.child_profile_id,kcse1_0.consent_accepted_at,kcse1_0.country_code,kcse1_0.date_of_birth,kcse1_0.deleted_at,kcse1_0.deleted_by_user_id,kcse1_0.email,kcse1_0.file_size,kcse1_0.file_status,kcse1_0.guest_contact_id,kcse1_0.guest_participant_id,kcse1_0.hometown,kcse1_0.internal_note,kcse1_0.media_type,kcse1_0.original_filename,kcse1_0.parent_name,kcse1_0.phone_e164,kcse1_0.photo_deleted_at,kcse1_0.previewed_at,kcse1_0.province,kcse1_0.public_id,kcse1_0.rejection_reason,kcse1_0.review_status,kcse1_0.reviewed_at,kcse1_0.reviewed_by_user_id,kcse1_0.stored_filename,kcse1_0.submitted_at,kcse1_0.telecast_status,kcse1_0.tracking_code,kcse1_0.user_id,kcse1_0.version,kcse1_0.whatsapp_consent_at,kcse1_0.work_description,kcse1_0.work_title from kids_champ_submissions kcse1_0 where kcse1_0.review_status=? and kcse1_0.batch_id is null and kcse1_0.photo_deleted_at is null and kcse1_0.stored_filename is not null order by kcse1_0.submitted_at,kcse1_0.id fetch first ? rows only
2026-08-17T17:37:21.863+05:30  INFO 22496 --- [aplus-kids-api] [nio-8081-exec-1] o.a.c.c.C.[Tomcat].[localhost].[/]       : Initializing Spring DispatcherServlet 'dispatcherServlet'
2026-08-17T17:37:21.870+05:30  INFO 22496 --- [aplus-kids-api] [nio-8081-exec-1] o.s.web.servlet.DispatcherServlet        : Initializing Servlet 'dispatcherServlet'
2026-08-17T17:37:21.870+05:30 DEBUG 22496 --- [aplus-kids-api] [nio-8081-exec-1] o.s.web.servlet.DispatcherServlet        : Detected StandardServletMultipartResolver
2026-08-17T17:37:21.870+05:30 DEBUG 22496 --- [aplus-kids-api] [nio-8081-exec-1] o.s.web.servlet.DispatcherServlet        : Detected AcceptHeaderLocaleResolver
2026-08-17T17:37:21.870+05:30 DEBUG 22496 --- [aplus-kids-api] [nio-8081-exec-1] o.s.web.servlet.DispatcherServlet        : Detected org.springframework.web.servlet.view.DefaultRequestToViewNameTranslator@6549ac6d
2026-08-17T17:37:21.886+05:30 DEBUG 22496 --- [aplus-kids-api] [nio-8081-exec-1] o.s.web.servlet.DispatcherServlet        : Detected org.springframework.web.servlet.support.SessionFlashMapManager@6910e725
2026-08-17T17:37:21.886+05:30 DEBUG 22496 --- [aplus-kids-api] [nio-8081-exec-1] o.s.web.servlet.DispatcherServlet        : enableLoggingRequestDetails='false': request parameters and headers will be masked to prevent unsafe logging of potentially sensitive data
2026-08-17T17:37:21.889+05:30  INFO 22496 --- [aplus-kids-api] [nio-8081-exec-1] o.s.web.servlet.DispatcherServlet        : Completed initialization in 19 ms
2026-08-17T17:37:21.917+05:30 DEBUG 22496 --- [aplus-kids-api] [nio-8081-exec-1] o.s.web.servlet.DispatcherServlet        : GET "/api/v1/health", parameters={}
2026-08-17T17:37:21.932+05:30 DEBUG 22496 --- [aplus-kids-api] [nio-8081-exec-1] s.w.s.m.m.a.RequestMappingHandlerMapping : Mapped to lk.apluskids.platform.common.DatabaseHealthController#health()
2026-08-17T17:37:21.950+05:30 DEBUG 22496 --- [aplus-kids-api] [nio-8081-exec-1] o.s.jdbc.core.JdbcTemplate               : Executing SQL query [SELECT 1]
2026-08-17T17:37:21.974+05:30 DEBUG 22496 --- [aplus-kids-api] [nio-8081-exec-1] m.m.a.RequestResponseBodyMethodProcessor : Using 'application/json', given [*/*] and supported [application/json, application/*+json]
2026-08-17T17:37:21.987+05:30 DEBUG 22496 --- [aplus-kids-api] [nio-8081-exec-1] m.m.a.RequestResponseBodyMethodProcessor : Writing [HealthResponse[status=UP]]
2026-08-17T17:37:21.995+05:30 DEBUG 22496 --- [aplus-kids-api] [nio-8081-exec-1] o.s.web.servlet.DispatcherServlet        : Completed 200 OK
2026-08-17T17:37:22.001+05:30 DEBUG 22496 --- [aplus-kids-api] [           main] org.hibernate.SQL                        : select kcbe1_0.id from kids_champ_batches kcbe1_0 where kcbe1_0.batch_code=? fetch first ? rows only
2026-08-17T17:37:22.011+05:30 DEBUG 22496 --- [aplus-kids-api] [           main] org.hibernate.SQL                        : insert into kids_champ_batches (alternate_telecast_date,archive_path,batch_code,created_by_user_id,delete_after,deleted_at,deleted_by_user_id,edited_at,first_downloaded_at,photo_count,public_id,purged_at,retention_days,status,telecast_completed_at,telecast_date,warning_days) values (?,?,?,?,?,?,?,?,?,?,?,?,?,?,?,?,?)
2026-08-17T17:37:22.034+05:30 DEBUG 22496 --- [aplus-kids-api] [   scheduling-1] org.hibernate.SQL                        : select kcse1_0.id,kcse1_0.age_at_submission,kcse1_0.assigned_reviewer_user_id,kcse1_0.batch_id,kcse1_0.category,kcse1_0.child_name,kcse1_0.child_profile_id,kcse1_0.consent_accepted_at,kcse1_0.country_code,kcse1_0.date_of_birth,kcse1_0.deleted_at,kcse1_0.deleted_by_user_id,kcse1_0.email,kcse1_0.file_size,kcse1_0.file_status,kcse1_0.guest_contact_id,kcse1_0.guest_participant_id,kcse1_0.hometown,kcse1_0.internal_note,kcse1_0.media_type,kcse1_0.original_filename,kcse1_0.parent_name,kcse1_0.phone_e164,kcse1_0.photo_deleted_at,kcse1_0.previewed_at,kcse1_0.province,kcse1_0.public_id,kcse1_0.rejection_reason,kcse1_0.review_status,kcse1_0.reviewed_at,kcse1_0.reviewed_by_user_id,kcse1_0.stored_filename,kcse1_0.submitted_at,kcse1_0.telecast_status,kcse1_0.tracking_code,kcse1_0.user_id,kcse1_0.version,kcse1_0.whatsapp_consent_at,kcse1_0.work_description,kcse1_0.work_title from kids_champ_submissions kcse1_0 where kcse1_0.review_status=? and kcse1_0.batch_id is null and kcse1_0.photo_deleted_at is null and kcse1_0.stored_filename is not null order by kcse1_0.submitted_at,kcse1_0.id fetch first ? rows only
2026-08-17T17:37:22.038+05:30  WARN 22496 --- [aplus-kids-api] [           main] org.hibernate.orm.jdbc.error             : HHH000247: ErrorCode: 0, SQLState: 23502
2026-08-17T17:37:22.042+05:30  WARN 22496 --- [aplus-kids-api] [           main] org.hibernate.orm.jdbc.error             : ERROR: null value in column "version" of relation "kids_champ_batches" violates not-null constraint
  Detail: Failing row contains (407, 698e5a1b-07e7-400e-9246-a0869a64f1e7, KCZIP-20260817-C2D7D3, READY, 2, null, null, null, null, null, 85, 2026-08-17 17:37:21.379793+05:30, null, null, null, null, null, 14, null, f, 0, null, 2).
2026-08-17T17:37:22.047+05:30 DEBUG 22496 --- [aplus-kids-api] [   scheduling-1] org.hibernate.SQL                        : select kcse1_0.id,kcse1_0.age_at_submission,kcse1_0.assigned_reviewer_user_id,kcse1_0.batch_id,kcse1_0.category,kcse1_0.child_name,kcse1_0.child_profile_id,kcse1_0.consent_accepted_at,kcse1_0.country_code,kcse1_0.date_of_birth,kcse1_0.deleted_at,kcse1_0.deleted_by_user_id,kcse1_0.email,kcse1_0.file_size,kcse1_0.file_status,kcse1_0.guest_contact_id,kcse1_0.guest_participant_id,kcse1_0.hometown,kcse1_0.internal_note,kcse1_0.media_type,kcse1_0.original_filename,kcse1_0.parent_name,kcse1_0.phone_e164,kcse1_0.photo_deleted_at,kcse1_0.previewed_at,kcse1_0.province,kcse1_0.public_id,kcse1_0.rejection_reason,kcse1_0.review_status,kcse1_0.reviewed_at,kcse1_0.reviewed_by_user_id,kcse1_0.stored_filename,kcse1_0.submitted_at,kcse1_0.telecast_status,kcse1_0.tracking_code,kcse1_0.user_id,kcse1_0.version,kcse1_0.whatsapp_consent_at,kcse1_0.work_description,kcse1_0.work_title from kids_champ_submissions kcse1_0 where kcse1_0.review_status=? and kcse1_0.batch_id is null and kcse1_0.photo_deleted_at is null and kcse1_0.stored_filename is not null order by kcse1_0.submitted_at,kcse1_0.id fetch first ? rows only
2026-08-17T17:37:22.064+05:30 ERROR 22496 --- [aplus-kids-api] [           main] l.a.p.k.KidsChampZipProcessingListener   : Automatic Kids Champ ZIP processing failed. actorId=null

org.springframework.dao.DataIntegrityViolationException: could not execute statement [ERROR: null value in column "version" of relation "kids_champ_batches" violates not-null constraint
  Detail: Failing row contains (407, 698e5a1b-07e7-400e-9246-a0869a64f1e7, KCZIP-20260817-C2D7D3, READY, 2, null, null, null, null, null, 85, 2026-08-17 17:37:21.379793+05:30, null, null, null, null, null, 14, null, f, 0, null, 2).] [insert into kids_champ_batches (alternate_telecast_date,archive_path,batch_code,created_by_user_id,delete_after,deleted_at,deleted_by_user_id,edited_at,first_downloaded_at,photo_count,public_id,purged_at,retention_days,status,telecast_completed_at,telecast_date,warning_days) values (?,?,?,?,?,?,?,?,?,?,?,?,?,?,?,?,?)]; SQL [insert into kids_champ_batches (alternate_telecast_date,archive_path,batch_code,created_by_user_id,delete_after,deleted_at,deleted_by_user_id,edited_at,first_downloaded_at,photo_count,public_id,purged_at,retention_days,status,telecast_completed_at,telecast_date,warning_days) values (?,?,?,?,?,?,?,?,?,?,?,?,?,?,?,?,?)]; constraint [version]
	at org.springframework.orm.jpa.hibernate.HibernateExceptionTranslator.convertHibernateAccessException(HibernateExceptionTranslator.java:169) ~[spring-orm-7.0.8.jar:7.0.8]
	at org.springframework.orm.jpa.hibernate.HibernateExceptionTranslator.convertHibernateAccessException(HibernateExceptionTranslator.java:131) ~[spring-orm-7.0.8.jar:7.0.8]
	at org.springframework.orm.jpa.hibernate.HibernateExceptionTranslator.translateExceptionIfPossible(HibernateExceptionTranslator.java:105) ~[spring-orm-7.0.8.jar:7.0.8]
	at org.springframework.orm.jpa.vendor.HibernateJpaDialect.translateExceptionIfPossible(HibernateJpaDialect.java:223) ~[spring-orm-7.0.8.jar:7.0.8]
	at org.springframework.orm.jpa.AbstractEntityManagerFactoryBean.translateExceptionIfPossible(AbstractEntityManagerFactoryBean.java:577) ~[spring-orm-7.0.8.jar:7.0.8]
	at org.springframework.dao.support.ChainedPersistenceExceptionTranslator.translateExceptionIfPossible(ChainedPersistenceExceptionTranslator.java:61) ~[spring-tx-7.0.8.jar:7.0.8]
	at org.springframework.dao.support.DataAccessUtils.translateIfNecessary(DataAccessUtils.java:346) ~[spring-tx-7.0.8.jar:7.0.8]
	at org.springframework.dao.support.PersistenceExceptionTranslationInterceptor.invoke(PersistenceExceptionTranslationInterceptor.java:157) ~[spring-tx-7.0.8.jar:7.0.8]
	at org.springframework.aop.framework.ReflectiveMethodInvocation.proceed(ReflectiveMethodInvocation.java:179) ~[spring-aop-7.0.8.jar:7.0.8]
	at org.springframework.data.jpa.repository.support.CrudMethodMetadataPostProcessor$CrudMethodMetadataPopulatingMethodInterceptor.invoke(CrudMethodMetadataPostProcessor.java:166) ~[spring-data-jpa-4.1.0.jar:4.1.0]
	at org.springframework.aop.framework.ReflectiveMethodInvocation.proceed(ReflectiveMethodInvocation.java:179) ~[spring-aop-7.0.8.jar:7.0.8]
	at org.springframework.aop.framework.JdkDynamicAopProxy.invoke(JdkDynamicAopProxy.java:222) ~[spring-aop-7.0.8.jar:7.0.8]
	at lk.apluskids.platform.kidschamp.$Proxy158.save(Unknown Source) ~[na:na]
	at lk.apluskids.platform.kidschamp.KidsChampAdminService.buildBatch(KidsChampAdminService.java:553) ~[classes/:na]
	at lk.apluskids.platform.kidschamp.KidsChampAdminService.createAutomaticZips(KidsChampAdminService.java:434) ~[classes/:na]
	at lk.apluskids.platform.kidschamp.KidsChampAdminService.processAutomaticZips(KidsChampAdminService.java:712) ~[classes/:na]
	at java.base/jdk.internal.reflect.DirectMethodHandleAccessor.invoke(DirectMethodHandleAccessor.java:103) ~[na:na]
	at java.base/java.lang.reflect.Method.invoke(Method.java:580) ~[na:na]
	at org.springframework.aop.support.AopUtils.invokeJoinpointUsingReflection(AopUtils.java:359) ~[spring-aop-7.0.8.jar:7.0.8]
	at org.springframework.aop.framework.ReflectiveMethodInvocation.invokeJoinpoint(ReflectiveMethodInvocation.java:190) ~[spring-aop-7.0.8.jar:7.0.8]
	at org.springframework.aop.framework.ReflectiveMethodInvocation.proceed(ReflectiveMethodInvocation.java:158) ~[spring-aop-7.0.8.jar:7.0.8]
	at org.springframework.transaction.interceptor.TransactionInterceptor$1.proceedWithInvocation(TransactionInterceptor.java:133) ~[spring-tx-7.0.8.jar:7.0.8]
	at org.springframework.transaction.interceptor.TransactionAspectSupport.invokeWithinTransaction(TransactionAspectSupport.java:371) ~[spring-tx-7.0.8.jar:7.0.8]
	at org.springframework.transaction.interceptor.TransactionInterceptor.invoke(TransactionInterceptor.java:130) ~[spring-tx-7.0.8.jar:7.0.8]
	at org.springframework.aop.framework.ReflectiveMethodInvocation.proceed(ReflectiveMethodInvocation.java:179) ~[spring-aop-7.0.8.jar:7.0.8]
	at org.springframework.aop.framework.CglibAopProxy$DynamicAdvisedInterceptor.intercept(CglibAopProxy.java:719) ~[spring-aop-7.0.8.jar:7.0.8]
	at lk.apluskids.platform.kidschamp.KidsChampAdminService$$SpringCGLIB$$0.processAutomaticZips(<generated>) ~[classes/:na]
	at lk.apluskids.platform.kidschamp.KidsChampZipProcessingListener.processSafely(KidsChampZipProcessingListener.java:33) ~[classes/:na]
	at lk.apluskids.platform.kidschamp.KidsChampZipProcessingListener.resumeAtStartup(KidsChampZipProcessingListener.java:26) ~[classes/:na]
	at java.base/jdk.internal.reflect.DirectMethodHandleAccessor.invoke(DirectMethodHandleAccessor.java:103) ~[na:na]
	at java.base/java.lang.reflect.Method.invoke(Method.java:580) ~[na:na]
	at org.springframework.context.event.ApplicationListenerMethodAdapter.doInvoke(ApplicationListenerMethodAdapter.java:392) ~[spring-context-7.0.8.jar:7.0.8]
	at org.springframework.context.event.ApplicationListenerMethodAdapter.processEvent(ApplicationListenerMethodAdapter.java:270) ~[spring-context-7.0.8.jar:7.0.8]
	at org.springframework.context.event.ApplicationListenerMethodAdapter.onApplicationEvent(ApplicationListenerMethodAdapter.java:200) ~[spring-context-7.0.8.jar:7.0.8]
	at org.springframework.context.event.SimpleApplicationEventMulticaster.doInvokeListener(SimpleApplicationEventMulticaster.java:180) ~[spring-context-7.0.8.jar:7.0.8]
	at org.springframework.context.event.SimpleApplicationEventMulticaster.invokeListener(SimpleApplicationEventMulticaster.java:173) ~[spring-context-7.0.8.jar:7.0.8]
	at org.springframework.context.event.SimpleApplicationEventMulticaster.multicastEvent(SimpleApplicationEventMulticaster.java:151) ~[spring-context-7.0.8.jar:7.0.8]
	at org.springframework.context.support.AbstractApplicationContext.publishEvent(AbstractApplicationContext.java:448) ~[spring-context-7.0.8.jar:7.0.8]
	at org.springframework.context.support.AbstractApplicationContext.publishEvent(AbstractApplicationContext.java:381) ~[spring-context-7.0.8.jar:7.0.8]
	at org.springframework.boot.context.event.EventPublishingRunListener.ready(EventPublishingRunListener.java:110) ~[spring-boot-4.1.0.jar:4.1.0]
	at org.springframework.boot.SpringApplicationRunListeners.lambda$ready$0(SpringApplicationRunListeners.java:82) ~[spring-boot-4.1.0.jar:4.1.0]
	at java.base/java.lang.Iterable.forEach(Iterable.java:75) ~[na:na]
	at org.springframework.boot.SpringApplicationRunListeners.doWithListeners(SpringApplicationRunListeners.java:123) ~[spring-boot-4.1.0.jar:4.1.0]
	at org.springframework.boot.SpringApplicationRunListeners.doWithListeners(SpringApplicationRunListeners.java:117) ~[spring-boot-4.1.0.jar:4.1.0]
	at org.springframework.boot.SpringApplicationRunListeners.ready(SpringApplicationRunListeners.java:82) ~[spring-boot-4.1.0.jar:4.1.0]
	at org.springframework.boot.SpringApplication.run(SpringApplication.java:335) ~[spring-boot-4.1.0.jar:4.1.0]
	at org.springframework.boot.SpringApplication.run(SpringApplication.java:1365) ~[spring-boot-4.1.0.jar:4.1.0]
	at org.springframework.boot.SpringApplication.run(SpringApplication.java:1354) ~[spring-boot-4.1.0.jar:4.1.0]
	at lk.apluskids.platform.AplusKidsApiApplication.main(AplusKidsApiApplication.java:14) ~[classes/:na]
Caused by: org.hibernate.exception.ConstraintViolationException: could not execute statement [ERROR: null value in column "version" of relation "kids_champ_batches" violates not-null constraint
  Detail: Failing row contains (407, 698e5a1b-07e7-400e-9246-a0869a64f1e7, KCZIP-20260817-C2D7D3, READY, 2, null, null, null, null, null, 85, 2026-08-17 17:37:21.379793+05:30, null, null, null, null, null, 14, null, f, 0, null, 2).] [insert into kids_champ_batches (alternate_telecast_date,archive_path,batch_code,created_by_user_id,delete_after,deleted_at,deleted_by_user_id,edited_at,first_downloaded_at,photo_count,public_id,purged_at,retention_days,status,telecast_completed_at,telecast_date,warning_days) values (?,?,?,?,?,?,?,?,?,?,?,?,?,?,?,?,?)]
	at org.hibernate.exception.internal.SQLStateConversionDelegate.convert(SQLStateConversionDelegate.java:73) ~[hibernate-core-7.4.1.Final.jar:7.4.1.Final]
	at org.hibernate.exception.internal.StandardSQLExceptionConverter.convert(StandardSQLExceptionConverter.java:34) ~[hibernate-core-7.4.1.Final.jar:7.4.1.Final]
	at org.hibernate.engine.jdbc.spi.SqlExceptionHelper.convert(SqlExceptionHelper.java:115) ~[hibernate-core-7.4.1.Final.jar:7.4.1.Final]
	at org.hibernate.engine.jdbc.internal.ResultSetReturnImpl.executeUpdate(ResultSetReturnImpl.java:189) ~[hibernate-core-7.4.1.Final.jar:7.4.1.Final]
	at org.hibernate.id.insert.GetGeneratedKeysDelegate.performMutation(GetGeneratedKeysDelegate.java:96) ~[hibernate-core-7.4.1.Final.jar:7.4.1.Final]
	at org.hibernate.engine.jdbc.mutation.internal.MutationExecutorSingleNonBatched.performNonBatchedOperations(MutationExecutorSingleNonBatched.java:45) ~[hibernate-core-7.4.1.Final.jar:7.4.1.Final]
	at org.hibernate.engine.jdbc.mutation.internal.AbstractMutationExecutor.execute(AbstractMutationExecutor.java:65) ~[hibernate-core-7.4.1.Final.jar:7.4.1.Final]
	at org.hibernate.engine.jdbc.mutation.internal.AbstractMutationExecutor.execute(AbstractMutationExecutor.java:54) ~[hibernate-core-7.4.1.Final.jar:7.4.1.Final]
	at org.hibernate.persister.entity.mutation.InsertCoordinatorStandard.doStaticInserts(InsertCoordinatorStandard.java:183) ~[hibernate-core-7.4.1.Final.jar:7.4.1.Final]
	at org.hibernate.persister.entity.mutation.InsertCoordinatorStandard.coordinateInsert(InsertCoordinatorStandard.java:123) ~[hibernate-core-7.4.1.Final.jar:7.4.1.Final]
	at org.hibernate.persister.entity.mutation.InsertCoordinatorStandard.insert(InsertCoordinatorStandard.java:87) ~[hibernate-core-7.4.1.Final.jar:7.4.1.Final]
	at org.hibernate.action.internal.EntityIdentityInsertAction.execute(EntityIdentityInsertAction.java:87) ~[hibernate-core-7.4.1.Final.jar:7.4.1.Final]
	at org.hibernate.engine.spi.ActionQueue.execute(ActionQueue.java:667) ~[hibernate-core-7.4.1.Final.jar:7.4.1.Final]
	at org.hibernate.engine.spi.ActionQueue.addResolvedEntityInsertAction(ActionQueue.java:291) ~[hibernate-core-7.4.1.Final.jar:7.4.1.Final]
	at org.hibernate.engine.spi.ActionQueue.addInsertAction(ActionQueue.java:270) ~[hibernate-core-7.4.1.Final.jar:7.4.1.Final]
	at org.hibernate.engine.spi.ActionQueue.addAction(ActionQueue.java:322) ~[hibernate-core-7.4.1.Final.jar:7.4.1.Final]
	at org.hibernate.event.internal.AbstractSaveEventListener.addInsertAction(AbstractSaveEventListener.java:384) ~[hibernate-core-7.4.1.Final.jar:7.4.1.Final]
	at org.hibernate.event.internal.AbstractSaveEventListener.performSaveOrReplicate(AbstractSaveEventListener.java:298) ~[hibernate-core-7.4.1.Final.jar:7.4.1.Final]
	at org.hibernate.event.internal.AbstractSaveEventListener.performSave(AbstractSaveEventListener.java:228) ~[hibernate-core-7.4.1.Final.jar:7.4.1.Final]
	at org.hibernate.event.internal.AbstractSaveEventListener.saveWithGeneratedId(AbstractSaveEventListener.java:144) ~[hibernate-core-7.4.1.Final.jar:7.4.1.Final]
	at org.hibernate.event.internal.DefaultPersistEventListener.entityIsTransient(DefaultPersistEventListener.java:144) ~[hibernate-core-7.4.1.Final.jar:7.4.1.Final]
	at org.hibernate.event.internal.DefaultPersistEventListener.persist(DefaultPersistEventListener.java:91) ~[hibernate-core-7.4.1.Final.jar:7.4.1.Final]
	at org.hibernate.event.internal.DefaultPersistEventListener.onPersist(DefaultPersistEventListener.java:75) ~[hibernate-core-7.4.1.Final.jar:7.4.1.Final]
	at org.hibernate.event.internal.DefaultPersistEventListener.onPersist(DefaultPersistEventListener.java:51) ~[hibernate-core-7.4.1.Final.jar:7.4.1.Final]
	at org.hibernate.event.service.internal.EventListenerGroupImpl.fireEventOnEachListener(EventListenerGroupImpl.java:138) ~[hibernate-core-7.4.1.Final.jar:7.4.1.Final]
	at org.hibernate.internal.SessionImpl.firePersist(SessionImpl.java:695) ~[hibernate-core-7.4.1.Final.jar:7.4.1.Final]
	at org.hibernate.internal.SessionImpl.persist(SessionImpl.java:678) ~[hibernate-core-7.4.1.Final.jar:7.4.1.Final]
	at java.base/jdk.internal.reflect.DirectMethodHandleAccessor.invoke(DirectMethodHandleAccessor.java:103) ~[na:na]
	at java.base/java.lang.reflect.Method.invoke(Method.java:580) ~[na:na]
	at org.springframework.orm.jpa.SharedEntityManagerCreator$SharedEntityHandlerInvocationHandler.invokeMethod(SharedEntityManagerCreator.java:239) ~[spring-orm-7.0.8.jar:7.0.8]
	at org.springframework.orm.jpa.SharedEntityManagerCreator$SharedEntityManagerInvocationHandler.invoke(SharedEntityManagerCreator.java:383) ~[spring-orm-7.0.8.jar:7.0.8]
	at jdk.proxy2/jdk.proxy2.$Proxy144.persist(Unknown Source) ~[na:na]
	at org.springframework.data.jpa.repository.support.SimpleJpaRepository.save(SimpleJpaRepository.java:664) ~[spring-data-jpa-4.1.0.jar:4.1.0]
	at java.base/jdk.internal.reflect.DirectMethodHandleAccessor.invoke(DirectMethodHandleAccessor.java:103) ~[na:na]
	at java.base/java.lang.reflect.Method.invoke(Method.java:580) ~[na:na]
	at org.springframework.aop.support.AopUtils.invokeJoinpointUsingReflection(AopUtils.java:359) ~[spring-aop-7.0.8.jar:7.0.8]
	at org.springframework.data.repository.core.support.RepositoryMethodInvoker$RepositoryFragmentMethodInvoker.lambda$new$0(RepositoryMethodInvoker.java:278) ~[spring-data-commons-4.1.0.jar:4.1.0]
	at org.springframework.data.repository.core.support.RepositoryMethodInvoker.doInvoke(RepositoryMethodInvoker.java:169) ~[spring-data-commons-4.1.0.jar:4.1.0]
	at org.springframework.data.repository.core.support.RepositoryMethodInvoker.invoke(RepositoryMethodInvoker.java:158) ~[spring-data-commons-4.1.0.jar:4.1.0]
	at org.springframework.data.repository.core.support.RepositoryComposition$RepositoryFragments.invoke(RepositoryComposition.java:545) ~[spring-data-commons-4.1.0.jar:4.1.0]
	at org.springframework.data.repository.core.support.RepositoryComposition.invoke(RepositoryComposition.java:290) ~[spring-data-commons-4.1.0.jar:4.1.0]
	at org.springframework.data.repository.core.support.RepositoryFactorySupport$ImplementationMethodExecutionInterceptor.invoke(RepositoryFactorySupport.java:690) ~[spring-data-commons-4.1.0.jar:4.1.0]
	at org.springframework.aop.framework.ReflectiveMethodInvocation.proceed(ReflectiveMethodInvocation.java:179) ~[spring-aop-7.0.8.jar:7.0.8]
	at org.springframework.data.repository.core.support.QueryExecutorMethodInterceptor.doInvoke(QueryExecutorMethodInterceptor.java:171) ~[spring-data-commons-4.1.0.jar:4.1.0]
	at org.springframework.data.repository.core.support.QueryExecutorMethodInterceptor.invoke(QueryExecutorMethodInterceptor.java:146) ~[spring-data-commons-4.1.0.jar:4.1.0]
	at org.springframework.aop.framework.ReflectiveMethodInvocation.proceed(ReflectiveMethodInvocation.java:179) ~[spring-aop-7.0.8.jar:7.0.8]
	at org.springframework.data.projection.DefaultMethodInvokingMethodInterceptor.invoke(DefaultMethodInvokingMethodInterceptor.java:69) ~[spring-data-commons-4.1.0.jar:4.1.0]
	at org.springframework.aop.framework.ReflectiveMethodInvocation.proceed(ReflectiveMethodInvocation.java:179) ~[spring-aop-7.0.8.jar:7.0.8]
	at org.springframework.transaction.interceptor.TransactionInterceptor$1.proceedWithInvocation(TransactionInterceptor.java:133) ~[spring-tx-7.0.8.jar:7.0.8]
	at org.springframework.transaction.interceptor.TransactionAspectSupport.invokeWithinTransaction(TransactionAspectSupport.java:371) ~[spring-tx-7.0.8.jar:7.0.8]
	at org.springframework.transaction.interceptor.TransactionInterceptor.invoke(TransactionInterceptor.java:130) ~[spring-tx-7.0.8.jar:7.0.8]
	at org.springframework.aop.framework.ReflectiveMethodInvocation.proceed(ReflectiveMethodInvocation.java:179) ~[spring-aop-7.0.8.jar:7.0.8]
	at org.springframework.dao.support.PersistenceExceptionTranslationInterceptor.invoke(PersistenceExceptionTranslationInterceptor.java:135) ~[spring-tx-7.0.8.jar:7.0.8]
	... 41 common frames omitted
Caused by: org.postgresql.util.PSQLException: ERROR: null value in column "version" of relation "kids_champ_batches" violates not-null constraint
  Detail: Failing row contains (407, 698e5a1b-07e7-400e-9246-a0869a64f1e7, KCZIP-20260817-C2D7D3, READY, 2, null, null, null, null, null, 85, 2026-08-17 17:37:21.379793+05:30, null, null, null, null, null, 14, null, f, 0, null, 2).
	at org.postgresql.core.v3.QueryExecutorImpl.receiveErrorResponse(QueryExecutorImpl.java:2904) ~[postgresql-42.7.11.jar:42.7.11]
	at org.postgresql.core.v3.QueryExecutorImpl.processResults(QueryExecutorImpl.java:2589) ~[postgresql-42.7.11.jar:42.7.11]
	at org.postgresql.core.v3.QueryExecutorImpl.execute(QueryExecutorImpl.java:431) ~[postgresql-42.7.11.jar:42.7.11]
	at org.postgresql.jdbc.PgStatement.executeInternal(PgStatement.java:534) ~[postgresql-42.7.11.jar:42.7.11]
	at org.postgresql.jdbc.PgStatement.execute(PgStatement.java:437) ~[postgresql-42.7.11.jar:42.7.11]
	at org.postgresql.jdbc.PgPreparedStatement.executeWithFlags(PgPreparedStatement.java:196) ~[postgresql-42.7.11.jar:42.7.11]
	at org.postgresql.jdbc.PgPreparedStatement.executeUpdate(PgPreparedStatement.java:157) ~[postgresql-42.7.11.jar:42.7.11]
	at com.zaxxer.hikari.pool.ProxyPreparedStatement.executeUpdate(ProxyPreparedStatement.java:61) ~[HikariCP-7.0.2.jar:na]
	at com.zaxxer.hikari.pool.HikariProxyPreparedStatement.executeUpdate(HikariProxyPreparedStatement.java) ~[HikariCP-7.0.2.jar:na]
	at org.hibernate.engine.jdbc.internal.ResultSetReturnImpl.executeUpdate(ResultSetReturnImpl.java:185) ~[hibernate-core-7.4.1.Final.jar:7.4.1.Final]
	... 90 common frames omitted

2026-08-17T17:37:22.076+05:30 DEBUG 22496 --- [aplus-kids-api] [           main] o.s.b.a.ApplicationAvailabilityBean      : Application availability state ReadinessState changed to ACCEPTING_TRAFFIC
2026-08-17T17:37:22.280+05:30 DEBUG 22496 --- [aplus-kids-api] [   scheduling-1] org.hibernate.SQL                        : select kcbe1_0.id from kids_champ_batches kcbe1_0 where kcbe1_0.batch_code=? fetch first ? rows only
2026-08-17T17:37:22.292+05:30 DEBUG 22496 --- [aplus-kids-api] [   scheduling-1] org.hibernate.SQL                        : insert into kids_champ_batches (alternate_telecast_date,archive_path,batch_code,created_by_user_id,delete_after,deleted_at,deleted_by_user_id,edited_at,first_downloaded_at,photo_count,public_id,purged_at,retention_days,status,telecast_completed_at,telecast_date,warning_days) values (?,?,?,?,?,?,?,?,?,?,?,?,?,?,?,?,?)
2026-08-17T17:37:22.292+05:30  WARN 22496 --- [aplus-kids-api] [   scheduling-1] org.hibernate.orm.jdbc.error             : HHH000247: ErrorCode: 0, SQLState: 23502
2026-08-17T17:37:22.292+05:30  WARN 22496 --- [aplus-kids-api] [   scheduling-1] org.hibernate.orm.jdbc.error             : ERROR: null value in column "version" of relation "kids_champ_batches" violates not-null constraint
  Detail: Failing row contains (408, 3a35c8c2-2e1c-4d83-9447-d46b892d1bbe, KCZIP-20260817-4119AA, READY, 2, null, null, null, null, null, 85, 2026-08-17 17:37:21.379512+05:30, null, null, null, null, null, 14, null, f, 0, null, 2).
2026-08-17T17:37:22.292+05:30 ERROR 22496 --- [aplus-kids-api] [   scheduling-1] l.a.p.k.KidsChampZipProcessingListener   : Automatic Kids Champ ZIP processing failed. actorId=null

org.springframework.dao.DataIntegrityViolationException: could not execute statement [ERROR: null value in column "version" of relation "kids_champ_batches" violates not-null constraint
  Detail: Failing row contains (408, 3a35c8c2-2e1c-4d83-9447-d46b892d1bbe, KCZIP-20260817-4119AA, READY, 2, null, null, null, null, null, 85, 2026-08-17 17:37:21.379512+05:30, null, null, null, null, null, 14, null, f, 0, null, 2).] [insert into kids_champ_batches (alternate_telecast_date,archive_path,batch_code,created_by_user_id,delete_after,deleted_at,deleted_by_user_id,edited_at,first_downloaded_at,photo_count,public_id,purged_at,retention_days,status,telecast_completed_at,telecast_date,warning_days) values (?,?,?,?,?,?,?,?,?,?,?,?,?,?,?,?,?)]; SQL [insert into kids_champ_batches (alternate_telecast_date,archive_path,batch_code,created_by_user_id,delete_after,deleted_at,deleted_by_user_id,edited_at,first_downloaded_at,photo_count,public_id,purged_at,retention_days,status,telecast_completed_at,telecast_date,warning_days) values (?,?,?,?,?,?,?,?,?,?,?,?,?,?,?,?,?)]; constraint [version]
	at org.springframework.orm.jpa.hibernate.HibernateExceptionTranslator.convertHibernateAccessException(HibernateExceptionTranslator.java:169) ~[spring-orm-7.0.8.jar:7.0.8]
	at org.springframework.orm.jpa.hibernate.HibernateExceptionTranslator.convertHibernateAccessException(HibernateExceptionTranslator.java:131) ~[spring-orm-7.0.8.jar:7.0.8]
	at org.springframework.orm.jpa.hibernate.HibernateExceptionTranslator.translateExceptionIfPossible(HibernateExceptionTranslator.java:105) ~[spring-orm-7.0.8.jar:7.0.8]
	at org.springframework.orm.jpa.vendor.HibernateJpaDialect.translateExceptionIfPossible(HibernateJpaDialect.java:223) ~[spring-orm-7.0.8.jar:7.0.8]
	at org.springframework.orm.jpa.AbstractEntityManagerFactoryBean.translateExceptionIfPossible(AbstractEntityManagerFactoryBean.java:577) ~[spring-orm-7.0.8.jar:7.0.8]
	at org.springframework.dao.support.ChainedPersistenceExceptionTranslator.translateExceptionIfPossible(ChainedPersistenceExceptionTranslator.java:61) ~[spring-tx-7.0.8.jar:7.0.8]
	at org.springframework.dao.support.DataAccessUtils.translateIfNecessary(DataAccessUtils.java:346) ~[spring-tx-7.0.8.jar:7.0.8]
	at org.springframework.dao.support.PersistenceExceptionTranslationInterceptor.invoke(PersistenceExceptionTranslationInterceptor.java:157) ~[spring-tx-7.0.8.jar:7.0.8]
	at org.springframework.aop.framework.ReflectiveMethodInvocation.proceed(ReflectiveMethodInvocation.java:179) ~[spring-aop-7.0.8.jar:7.0.8]
	at org.springframework.data.jpa.repository.support.CrudMethodMetadataPostProcessor$CrudMethodMetadataPopulatingMethodInterceptor.invoke(CrudMethodMetadataPostProcessor.java:166) ~[spring-data-jpa-4.1.0.jar:4.1.0]
	at org.springframework.aop.framework.ReflectiveMethodInvocation.proceed(ReflectiveMethodInvocation.java:179) ~[spring-aop-7.0.8.jar:7.0.8]
	at org.springframework.aop.framework.JdkDynamicAopProxy.invoke(JdkDynamicAopProxy.java:222) ~[spring-aop-7.0.8.jar:7.0.8]
	at lk.apluskids.platform.kidschamp.$Proxy158.save(Unknown Source) ~[na:na]
	at lk.apluskids.platform.kidschamp.KidsChampAdminService.buildBatch(KidsChampAdminService.java:553) ~[classes/:na]
	at lk.apluskids.platform.kidschamp.KidsChampAdminService.createAutomaticZips(KidsChampAdminService.java:434) ~[classes/:na]
	at lk.apluskids.platform.kidschamp.KidsChampAdminService.processAutomaticZips(KidsChampAdminService.java:712) ~[classes/:na]
	at java.base/jdk.internal.reflect.DirectMethodHandleAccessor.invoke(DirectMethodHandleAccessor.java:103) ~[na:na]
	at java.base/java.lang.reflect.Method.invoke(Method.java:580) ~[na:na]
	at org.springframework.aop.support.AopUtils.invokeJoinpointUsingReflection(AopUtils.java:359) ~[spring-aop-7.0.8.jar:7.0.8]
	at org.springframework.aop.framework.ReflectiveMethodInvocation.invokeJoinpoint(ReflectiveMethodInvocation.java:190) ~[spring-aop-7.0.8.jar:7.0.8]
	at org.springframework.aop.framework.ReflectiveMethodInvocation.proceed(ReflectiveMethodInvocation.java:158) ~[spring-aop-7.0.8.jar:7.0.8]
	at org.springframework.transaction.interceptor.TransactionInterceptor$1.proceedWithInvocation(TransactionInterceptor.java:133) ~[spring-tx-7.0.8.jar:7.0.8]
	at org.springframework.transaction.interceptor.TransactionAspectSupport.invokeWithinTransaction(TransactionAspectSupport.java:371) ~[spring-tx-7.0.8.jar:7.0.8]
	at org.springframework.transaction.interceptor.TransactionInterceptor.invoke(TransactionInterceptor.java:130) ~[spring-tx-7.0.8.jar:7.0.8]
	at org.springframework.aop.framework.ReflectiveMethodInvocation.proceed(ReflectiveMethodInvocation.java:179) ~[spring-aop-7.0.8.jar:7.0.8]
	at org.springframework.aop.framework.CglibAopProxy$DynamicAdvisedInterceptor.intercept(CglibAopProxy.java:719) ~[spring-aop-7.0.8.jar:7.0.8]
	at lk.apluskids.platform.kidschamp.KidsChampAdminService$$SpringCGLIB$$0.processAutomaticZips(<generated>) ~[classes/:na]
	at lk.apluskids.platform.kidschamp.KidsChampZipProcessingListener.processSafely(KidsChampZipProcessingListener.java:33) ~[classes/:na]
	at lk.apluskids.platform.kidschamp.KidsChampZipProcessingListener.resumePeriodically(KidsChampZipProcessingListener.java:29) ~[classes/:na]
	at java.base/jdk.internal.reflect.DirectMethodHandleAccessor.invoke(DirectMethodHandleAccessor.java:103) ~[na:na]
	at java.base/java.lang.reflect.Method.invoke(Method.java:580) ~[na:na]
	at org.springframework.scheduling.support.ScheduledMethodRunnable.runInternal(ScheduledMethodRunnable.java:128) ~[spring-context-7.0.8.jar:7.0.8]
	at org.springframework.scheduling.support.ScheduledMethodRunnable.lambda$run$1(ScheduledMethodRunnable.java:122) ~[spring-context-7.0.8.jar:7.0.8]
	at io.micrometer.observation.Observation.observe(Observation.java:569) ~[micrometer-observation-1.17.0.jar:1.17.0]
	at org.springframework.scheduling.support.ScheduledMethodRunnable.run(ScheduledMethodRunnable.java:122) ~[spring-context-7.0.8.jar:7.0.8]
	at org.springframework.scheduling.config.Task$OutcomeTrackingRunnable.run(Task.java:88) ~[spring-context-7.0.8.jar:7.0.8]
	at org.springframework.scheduling.support.DelegatingErrorHandlingRunnable.run(DelegatingErrorHandlingRunnable.java:54) ~[spring-context-7.0.8.jar:7.0.8]
	at java.base/java.util.concurrent.Executors$RunnableAdapter.call(Executors.java:572) ~[na:na]
	at java.base/java.util.concurrent.FutureTask.runAndReset(FutureTask.java:358) ~[na:na]
	at java.base/java.util.concurrent.ScheduledThreadPoolExecutor$ScheduledFutureTask.run(ScheduledThreadPoolExecutor.java:305) ~[na:na]
	at java.base/java.util.concurrent.ThreadPoolExecutor.runWorker(ThreadPoolExecutor.java:1144) ~[na:na]
	at java.base/java.util.concurrent.ThreadPoolExecutor$Worker.run(ThreadPoolExecutor.java:642) ~[na:na]
	at java.base/java.lang.Thread.run(Thread.java:1583) ~[na:na]
Caused by: org.hibernate.exception.ConstraintViolationException: could not execute statement [ERROR: null value in column "version" of relation "kids_champ_batches" violates not-null constraint
  Detail: Failing row contains (408, 3a35c8c2-2e1c-4d83-9447-d46b892d1bbe, KCZIP-20260817-4119AA, READY, 2, null, null, null, null, null, 85, 2026-08-17 17:37:21.379512+05:30, null, null, null, null, null, 14, null, f, 0, null, 2).] [insert into kids_champ_batches (alternate_telecast_date,archive_path,batch_code,created_by_user_id,delete_after,deleted_at,deleted_by_user_id,edited_at,first_downloaded_at,photo_count,public_id,purged_at,retention_days,status,telecast_completed_at,telecast_date,warning_days) values (?,?,?,?,?,?,?,?,?,?,?,?,?,?,?,?,?)]
	at org.hibernate.exception.internal.SQLStateConversionDelegate.convert(SQLStateConversionDelegate.java:73) ~[hibernate-core-7.4.1.Final.jar:7.4.1.Final]
	at org.hibernate.exception.internal.StandardSQLExceptionConverter.convert(StandardSQLExceptionConverter.java:34) ~[hibernate-core-7.4.1.Final.jar:7.4.1.Final]
	at org.hibernate.engine.jdbc.spi.SqlExceptionHelper.convert(SqlExceptionHelper.java:115) ~[hibernate-core-7.4.1.Final.jar:7.4.1.Final]
	at org.hibernate.engine.jdbc.internal.ResultSetReturnImpl.executeUpdate(ResultSetReturnImpl.java:189) ~[hibernate-core-7.4.1.Final.jar:7.4.1.Final]
	at org.hibernate.id.insert.GetGeneratedKeysDelegate.performMutation(GetGeneratedKeysDelegate.java:96) ~[hibernate-core-7.4.1.Final.jar:7.4.1.Final]
	at org.hibernate.engine.jdbc.mutation.internal.MutationExecutorSingleNonBatched.performNonBatchedOperations(MutationExecutorSingleNonBatched.java:45) ~[hibernate-core-7.4.1.Final.jar:7.4.1.Final]
	at org.hibernate.engine.jdbc.mutation.internal.AbstractMutationExecutor.execute(AbstractMutationExecutor.java:65) ~[hibernate-core-7.4.1.Final.jar:7.4.1.Final]
	at org.hibernate.engine.jdbc.mutation.internal.AbstractMutationExecutor.execute(AbstractMutationExecutor.java:54) ~[hibernate-core-7.4.1.Final.jar:7.4.1.Final]
	at org.hibernate.persister.entity.mutation.InsertCoordinatorStandard.doStaticInserts(InsertCoordinatorStandard.java:183) ~[hibernate-core-7.4.1.Final.jar:7.4.1.Final]
	at org.hibernate.persister.entity.mutation.InsertCoordinatorStandard.coordinateInsert(InsertCoordinatorStandard.java:123) ~[hibernate-core-7.4.1.Final.jar:7.4.1.Final]
	at org.hibernate.persister.entity.mutation.InsertCoordinatorStandard.insert(InsertCoordinatorStandard.java:87) ~[hibernate-core-7.4.1.Final.jar:7.4.1.Final]
	at org.hibernate.action.internal.EntityIdentityInsertAction.execute(EntityIdentityInsertAction.java:87) ~[hibernate-core-7.4.1.Final.jar:7.4.1.Final]
	at org.hibernate.engine.spi.ActionQueue.execute(ActionQueue.java:667) ~[hibernate-core-7.4.1.Final.jar:7.4.1.Final]
	at org.hibernate.engine.spi.ActionQueue.addResolvedEntityInsertAction(ActionQueue.java:291) ~[hibernate-core-7.4.1.Final.jar:7.4.1.Final]
	at org.hibernate.engine.spi.ActionQueue.addInsertAction(ActionQueue.java:270) ~[hibernate-core-7.4.1.Final.jar:7.4.1.Final]
	at org.hibernate.engine.spi.ActionQueue.addAction(ActionQueue.java:322) ~[hibernate-core-7.4.1.Final.jar:7.4.1.Final]
	at org.hibernate.event.internal.AbstractSaveEventListener.addInsertAction(AbstractSaveEventListener.java:384) ~[hibernate-core-7.4.1.Final.jar:7.4.1.Final]
	at org.hibernate.event.internal.AbstractSaveEventListener.performSaveOrReplicate(AbstractSaveEventListener.java:298) ~[hibernate-core-7.4.1.Final.jar:7.4.1.Final]
	at org.hibernate.event.internal.AbstractSaveEventListener.performSave(AbstractSaveEventListener.java:228) ~[hibernate-core-7.4.1.Final.jar:7.4.1.Final]
	at org.hibernate.event.internal.AbstractSaveEventListener.saveWithGeneratedId(AbstractSaveEventListener.java:144) ~[hibernate-core-7.4.1.Final.jar:7.4.1.Final]
	at org.hibernate.event.internal.DefaultPersistEventListener.entityIsTransient(DefaultPersistEventListener.java:144) ~[hibernate-core-7.4.1.Final.jar:7.4.1.Final]
	at org.hibernate.event.internal.DefaultPersistEventListener.persist(DefaultPersistEventListener.java:91) ~[hibernate-core-7.4.1.Final.jar:7.4.1.Final]
	at org.hibernate.event.internal.DefaultPersistEventListener.onPersist(DefaultPersistEventListener.java:75) ~[hibernate-core-7.4.1.Final.jar:7.4.1.Final]
	at org.hibernate.event.internal.DefaultPersistEventListener.onPersist(DefaultPersistEventListener.java:51) ~[hibernate-core-7.4.1.Final.jar:7.4.1.Final]
	at org.hibernate.event.service.internal.EventListenerGroupImpl.fireEventOnEachListener(EventListenerGroupImpl.java:138) ~[hibernate-core-7.4.1.Final.jar:7.4.1.Final]
	at org.hibernate.internal.SessionImpl.firePersist(SessionImpl.java:695) ~[hibernate-core-7.4.1.Final.jar:7.4.1.Final]
	at org.hibernate.internal.SessionImpl.persist(SessionImpl.java:678) ~[hibernate-core-7.4.1.Final.jar:7.4.1.Final]
	at java.base/jdk.internal.reflect.DirectMethodHandleAccessor.invoke(DirectMethodHandleAccessor.java:103) ~[na:na]
	at java.base/java.lang.reflect.Method.invoke(Method.java:580) ~[na:na]
	at org.springframework.orm.jpa.SharedEntityManagerCreator$SharedEntityHandlerInvocationHandler.invokeMethod(SharedEntityManagerCreator.java:239) ~[spring-orm-7.0.8.jar:7.0.8]
	at org.springframework.orm.jpa.SharedEntityManagerCreator$SharedEntityManagerInvocationHandler.invoke(SharedEntityManagerCreator.java:383) ~[spring-orm-7.0.8.jar:7.0.8]
	at jdk.proxy2/jdk.proxy2.$Proxy144.persist(Unknown Source) ~[na:na]
	at org.springframework.data.jpa.repository.support.SimpleJpaRepository.save(SimpleJpaRepository.java:664) ~[spring-data-jpa-4.1.0.jar:4.1.0]
	at java.base/jdk.internal.reflect.DirectMethodHandleAccessor.invoke(DirectMethodHandleAccessor.java:103) ~[na:na]
	at java.base/java.lang.reflect.Method.invoke(Method.java:580) ~[na:na]
	at org.springframework.aop.support.AopUtils.invokeJoinpointUsingReflection(AopUtils.java:359) ~[spring-aop-7.0.8.jar:7.0.8]
	at org.springframework.data.repository.core.support.RepositoryMethodInvoker$RepositoryFragmentMethodInvoker.lambda$new$0(RepositoryMethodInvoker.java:278) ~[spring-data-commons-4.1.0.jar:4.1.0]
	at org.springframework.data.repository.core.support.RepositoryMethodInvoker.doInvoke(RepositoryMethodInvoker.java:169) ~[spring-data-commons-4.1.0.jar:4.1.0]
	at org.springframework.data.repository.core.support.RepositoryMethodInvoker.invoke(RepositoryMethodInvoker.java:158) ~[spring-data-commons-4.1.0.jar:4.1.0]
	at org.springframework.data.repository.core.support.RepositoryComposition$RepositoryFragments.invoke(RepositoryComposition.java:545) ~[spring-data-commons-4.1.0.jar:4.1.0]
	at org.springframework.data.repository.core.support.RepositoryComposition.invoke(RepositoryComposition.java:290) ~[spring-data-commons-4.1.0.jar:4.1.0]
	at org.springframework.data.repository.core.support.RepositoryFactorySupport$ImplementationMethodExecutionInterceptor.invoke(RepositoryFactorySupport.java:690) ~[spring-data-commons-4.1.0.jar:4.1.0]
	at org.springframework.aop.framework.ReflectiveMethodInvocation.proceed(ReflectiveMethodInvocation.java:179) ~[spring-aop-7.0.8.jar:7.0.8]
	at org.springframework.data.repository.core.support.QueryExecutorMethodInterceptor.doInvoke(QueryExecutorMethodInterceptor.java:171) ~[spring-data-commons-4.1.0.jar:4.1.0]
	at org.springframework.data.repository.core.support.QueryExecutorMethodInterceptor.invoke(QueryExecutorMethodInterceptor.java:146) ~[spring-data-commons-4.1.0.jar:4.1.0]
	at org.springframework.aop.framework.ReflectiveMethodInvocation.proceed(ReflectiveMethodInvocation.java:179) ~[spring-aop-7.0.8.jar:7.0.8]
	at org.springframework.data.projection.DefaultMethodInvokingMethodInterceptor.invoke(DefaultMethodInvokingMethodInterceptor.java:69) ~[spring-data-commons-4.1.0.jar:4.1.0]
	at org.springframework.aop.framework.ReflectiveMethodInvocation.proceed(ReflectiveMethodInvocation.java:179) ~[spring-aop-7.0.8.jar:7.0.8]
	at org.springframework.transaction.interceptor.TransactionInterceptor$1.proceedWithInvocation(TransactionInterceptor.java:133) ~[spring-tx-7.0.8.jar:7.0.8]
	at org.springframework.transaction.interceptor.TransactionAspectSupport.invokeWithinTransaction(TransactionAspectSupport.java:371) ~[spring-tx-7.0.8.jar:7.0.8]
	at org.springframework.transaction.interceptor.TransactionInterceptor.invoke(TransactionInterceptor.java:130) ~[spring-tx-7.0.8.jar:7.0.8]
	at org.springframework.aop.framework.ReflectiveMethodInvocation.proceed(ReflectiveMethodInvocation.java:179) ~[spring-aop-7.0.8.jar:7.0.8]
	at org.springframework.dao.support.PersistenceExceptionTranslationInterceptor.invoke(PersistenceExceptionTranslationInterceptor.java:135) ~[spring-tx-7.0.8.jar:7.0.8]
	... 35 common frames omitted
Caused by: org.postgresql.util.PSQLException: ERROR: null value in column "version" of relation "kids_champ_batches" violates not-null constraint
  Detail: Failing row contains (408, 3a35c8c2-2e1c-4d83-9447-d46b892d1bbe, KCZIP-20260817-4119AA, READY, 2, null, null, null, null, null, 85, 2026-08-17 17:37:21.379512+05:30, null, null, null, null, null, 14, null, f, 0, null, 2).
	at org.postgresql.core.v3.QueryExecutorImpl.receiveErrorResponse(QueryExecutorImpl.java:2904) ~[postgresql-42.7.11.jar:42.7.11]
	at org.postgresql.core.v3.QueryExecutorImpl.processResults(QueryExecutorImpl.java:2589) ~[postgresql-42.7.11.jar:42.7.11]
	at org.postgresql.core.v3.QueryExecutorImpl.execute(QueryExecutorImpl.java:431) ~[postgresql-42.7.11.jar:42.7.11]
	at org.postgresql.jdbc.PgStatement.executeInternal(PgStatement.java:534) ~[postgresql-42.7.11.jar:42.7.11]
	at org.postgresql.jdbc.PgStatement.execute(PgStatement.java:437) ~[postgresql-42.7.11.jar:42.7.11]
	at org.postgresql.jdbc.PgPreparedStatement.executeWithFlags(PgPreparedStatement.java:196) ~[postgresql-42.7.11.jar:42.7.11]
	at org.postgresql.jdbc.PgPreparedStatement.executeUpdate(PgPreparedStatement.java:157) ~[postgresql-42.7.11.jar:42.7.11]
	at com.zaxxer.hikari.pool.ProxyPreparedStatement.executeUpdate(ProxyPreparedStatement.java:61) ~[HikariCP-7.0.2.jar:na]
	at com.zaxxer.hikari.pool.HikariProxyPreparedStatement.executeUpdate(HikariProxyPreparedStatement.java) ~[HikariCP-7.0.2.jar:na]
	at org.hibernate.engine.jdbc.internal.ResultSetReturnImpl.executeUpdate(ResultSetReturnImpl.java:185) ~[hibernate-core-7.4.1.Final.jar:7.4.1.Final]
	... 84 common frames omitted

2026-08-17T17:37:22.307+05:30 DEBUG 22496 --- [aplus-kids-api] [   scheduling-1] org.hibernate.SQL                        : select kcwace1_0.id,kcwace1_0.access_token_encrypted,kcwace1_0.business_account_id,kcwace1_0.graph_api_version,kcwace1_0.last_test_message,kcwace1_0.last_test_status,kcwace1_0.last_tested_at,kcwace1_0.phone_number_id,kcwace1_0.updated_at from kids_champ_whatsapp_config kcwace1_0 where kcwace1_0.id=?
2026-08-17T17:37:22.311+05:30 DEBUG 22496 --- [aplus-kids-api] [   scheduling-1] org.hibernate.SQL                        : select kcmre1_0.id,kcmre1_0.attempts,kcmre1_0.campaign_id,kcmre1_0.delivered_at,kcmre1_0.destination,kcmre1_0.failure_reason,kcmre1_0.last_attempt_at,kcmre1_0.next_attempt_at,kcmre1_0.participant_name,kcmre1_0.participant_reference,kcmre1_0.provider_message_id,kcmre1_0.read_at,kcmre1_0.rendered_message,kcmre1_0.sent_at,kcmre1_0.status,kcmre1_0.template_language_code,kcmre1_0.template_name,kcmre1_0.template_parameters from kids_champ_message_recipients kcmre1_0 where kcmre1_0.status=? and kcmre1_0.next_attempt_at<=? order by kcmre1_0.id fetch first ? rows only for no key update of kcmre1_0
2026-08-17T17:37:22.325+05:30 DEBUG 22496 --- [aplus-kids-api] [   scheduling-1] org.hibernate.SQL                        : select kcmre1_0.id,kcmre1_0.attempts,kcmre1_0.campaign_id,kcmre1_0.delivered_at,kcmre1_0.destination,kcmre1_0.failure_reason,kcmre1_0.last_attempt_at,kcmre1_0.next_attempt_at,kcmre1_0.participant_name,kcmre1_0.participant_reference,kcmre1_0.provider_message_id,kcmre1_0.read_at,kcmre1_0.rendered_message,kcmre1_0.sent_at,kcmre1_0.status,kcmre1_0.template_language_code,kcmre1_0.template_name,kcmre1_0.template_parameters from kids_champ_message_recipients kcmre1_0 where kcmre1_0.status=? and kcmre1_0.last_attempt_at<?
2026-08-17T17:37:23.341+05:30 DEBUG 22496 --- [aplus-kids-api] [   scheduling-1] org.hibernate.SQL                        : select kcwace1_0.id,kcwace1_0.access_token_encrypted,kcwace1_0.business_account_id,kcwace1_0.graph_api_version,kcwace1_0.last_test_message,kcwace1_0.last_test_status,kcwace1_0.last_tested_at,kcwace1_0.phone_number_id,kcwace1_0.updated_at from kids_champ_whatsapp_config kcwace1_0 where kcwace1_0.id=?
2026-08-17T17:37:24.426+05:30 DEBUG 22496 --- [aplus-kids-api] [   scheduling-1] org.hibernate.SQL                        : select kcwace1_0.id,kcwace1_0.access_token_encrypted,kcwace1_0.business_account_id,kcwace1_0.graph_api_version,kcwace1_0.last_test_message,kcwace1_0.last_test_status,kcwace1_0.last_tested_at,kcwace1_0.phone_number_id,kcwace1_0.updated_at from kids_champ_whatsapp_config kcwace1_0 where kcwace1_0.id=?
2026-08-17T17:37:25.280+05:30 DEBUG 22496 --- [aplus-kids-api] [nio-8081-exec-4] o.s.web.servlet.DispatcherServlet        : GET "/api/v1/admin/kids-champ/events", parameters={}
2026-08-17T17:37:25.296+05:30 DEBUG 22496 --- [aplus-kids-api] [nio-8081-exec-4] s.w.s.m.m.a.RequestMappingHandlerMapping : Mapped to lk.apluskids.platform.kidschamp.KidsChampAdminController#events(JwtAuthenticationToken)
2026-08-17T17:37:25.313+05:30 DEBUG 22496 --- [aplus-kids-api] [nio-8081-exec-4] o.s.w.c.request.async.WebAsyncManager    : Started async request for "/api/v1/admin/kids-champ/events"
2026-08-17T17:37:25.340+05:30 DEBUG 22496 --- [aplus-kids-api] [nio-8081-exec-4] o.s.web.servlet.DispatcherServlet        : Exiting but response remains open for further handling
2026-08-17T17:37:25.438+05:30 DEBUG 22496 --- [aplus-kids-api] [   scheduling-1] org.hibernate.SQL                        : select kcwace1_0.id,kcwace1_0.access_token_encrypted,kcwace1_0.business_account_id,kcwace1_0.graph_api_version,kcwace1_0.last_test_message,kcwace1_0.last_test_status,kcwace1_0.last_tested_at,kcwace1_0.phone_number_id,kcwace1_0.updated_at from kids_champ_whatsapp_config kcwace1_0 where kcwace1_0.id=?
2026-08-17T17:37:25.444+05:30 DEBUG 22496 --- [aplus-kids-api] [   scheduling-1] org.hibernate.SQL                        : select kcmre1_0.id,kcmre1_0.attempts,kcmre1_0.campaign_id,kcmre1_0.delivered_at,kcmre1_0.destination,kcmre1_0.failure_reason,kcmre1_0.last_attempt_at,kcmre1_0.next_attempt_at,kcmre1_0.participant_name,kcmre1_0.participant_reference,kcmre1_0.provider_message_id,kcmre1_0.read_at,kcmre1_0.rendered_message,kcmre1_0.sent_at,kcmre1_0.status,kcmre1_0.template_language_code,kcmre1_0.template_name,kcmre1_0.template_parameters from kids_champ_message_recipients kcmre1_0 where kcmre1_0.status=? and kcmre1_0.next_attempt_at<=? order by kcmre1_0.id fetch first ? rows only for no key update of kcmre1_0
2026-08-17T17:37:26.455+05:30 DEBUG 22496 --- [aplus-kids-api] [   scheduling-1] org.hibernate.SQL                        : select kcwace1_0.id,kcwace1_0.access_token_encrypted,kcwace1_0.business_account_id,kcwace1_0.graph_api_version,kcwace1_0.last_test_message,kcwace1_0.last_test_status,kcwace1_0.last_tested_at,kcwace1_0.phone_number_id,kcwace1_0.updated_at from kids_champ_whatsapp_config kcwace1_0 where kcwace1_0.id=?
2026-08-17T17:37:27.472+05:30 DEBUG 22496 --- [aplus-kids-api] [   scheduling-1] org.hibernate.SQL                        : select kcwace1_0.id,kcwace1_0.access_token_encrypted,kcwace1_0.business_account_id,kcwace1_0.graph_api_version,kcwace1_0.last_test_message,kcwace1_0.last_test_status,kcwace1_0.last_tested_at,kcwace1_0.phone_number_id,kcwace1_0.updated_at from kids_champ_whatsapp_config kcwace1_0 where kcwace1_0.id=?
2026-08-17T17:37:27.887+05:30 DEBUG 22496 --- [aplus-kids-api] [nio-8081-exec-3] o.s.web.servlet.DispatcherServlet        : GET "/api/v1/kids-champ/events", parameters={}
2026-08-17T17:37:27.936+05:30 DEBUG 22496 --- [aplus-kids-api] [nio-8081-exec-3] s.w.s.m.m.a.RequestMappingHandlerMapping : Mapped to lk.apluskids.platform.kidschamp.KidsChampController#events()
2026-08-17T17:37:28.018+05:30 DEBUG 22496 --- [aplus-kids-api] [nio-8081-exec-3] o.s.w.c.request.async.WebAsyncManager    : Started async request for "/api/v1/kids-champ/events"
2026-08-17T17:37:28.032+05:30 DEBUG 22496 --- [aplus-kids-api] [nio-8081-exec-3] o.s.web.servlet.DispatcherServlet        : Exiting but response remains open for further handling
2026-08-17T17:37:28.521+05:30 DEBUG 22496 --- [aplus-kids-api] [   scheduling-1] org.hibernate.SQL                        : select kcwace1_0.id,kcwace1_0.access_token_encrypted,kcwace1_0.business_account_id,kcwace1_0.graph_api_version,kcwace1_0.last_test_message,kcwace1_0.last_test_status,kcwace1_0.last_tested_at,kcwace1_0.phone_number_id,kcwace1_0.updated_at from kids_champ_whatsapp_config kcwace1_0 where kcwace1_0.id=?
2026-08-17T17:37:29.699+05:30 DEBUG 22496 --- [aplus-kids-api] [   scheduling-1] org.hibernate.SQL                        : select kcwace1_0.id,kcwace1_0.access_token_encrypted,kcwace1_0.business_account_id,kcwace1_0.graph_api_version,kcwace1_0.last_test_message,kcwace1_0.last_test_status,kcwace1_0.last_tested_at,kcwace1_0.phone_number_id,kcwace1_0.updated_at from kids_champ_whatsapp_config kcwace1_0 where kcwace1_0.id=?
2026-08-17T17:37:30.715+05:30 DEBUG 22496 --- [aplus-kids-api] [   scheduling-1] org.hibernate.SQL                        : select kcwace1_0.id,kcwace1_0.access_token_encrypted,kcwace1_0.business_account_id,kcwace1_0.graph_api_version,kcwace1_0.last_test_message,kcwace1_0.last_test_status,kcwace1_0.last_tested_at,kcwace1_0.phone_number_id,kcwace1_0.updated_at from kids_champ_whatsapp_config kcwace1_0 where kcwace1_0.id=?
2026-08-17T17:37:31.729+05:30 DEBUG 22496 --- [aplus-kids-api] [   scheduling-1] org.hibernate.SQL                        : select kcwace1_0.id,kcwace1_0.access_token_encrypted,kcwace1_0.business_account_id,kcwace1_0.graph_api_version,kcwace1_0.last_test_message,kcwace1_0.last_test_status,kcwace1_0.last_tested_at,kcwace1_0.phone_number_id,kcwace1_0.updated_at from kids_champ_whatsapp_config kcwace1_0 where kcwace1_0.id=?
2026-08-17T17:37:32.745+05:30 DEBUG 22496 --- [aplus-kids-api] [   scheduling-1] org.hibernate.SQL                        : select kcwace1_0.id,kcwace1_0.access_token_encrypted,kcwace1_0.business_account_id,kcwace1_0.graph_api_version,kcwace1_0.last_test_message,kcwace1_0.last_test_status,kcwace1_0.last_tested_at,kcwace1_0.phone_number_id,kcwace1_0.updated_at from kids_champ_whatsapp_config kcwace1_0 where kcwace1_0.id=?
2026-08-17T17:37:32.745+05:30 DEBUG 22496 --- [aplus-kids-api] [   scheduling-1] org.hibernate.SQL                        : select kcmre1_0.id,kcmre1_0.attempts,kcmre1_0.campaign_id,kcmre1_0.delivered_at,kcmre1_0.destination,kcmre1_0.failure_reason,kcmre1_0.last_attempt_at,kcmre1_0.next_attempt_at,kcmre1_0.participant_name,kcmre1_0.participant_reference,kcmre1_0.provider_message_id,kcmre1_0.read_at,kcmre1_0.rendered_message,kcmre1_0.sent_at,kcmre1_0.status,kcmre1_0.template_language_code,kcmre1_0.template_name,kcmre1_0.template_parameters from kids_champ_message_recipients kcmre1_0 where kcmre1_0.status=? and kcmre1_0.next_attempt_at<=? order by kcmre1_0.id fetch first ? rows only for no key update of kcmre1_0
2026-08-17T17:37:33.517+05:30 DEBUG 22496 --- [aplus-kids-api] [nio-8081-exec-7] o.s.web.servlet.DispatcherServlet        : GET "/api/v1/health", parameters={}
2026-08-17T17:37:33.517+05:30 DEBUG 22496 --- [aplus-kids-api] [nio-8081-exec-7] s.w.s.m.m.a.RequestMappingHandlerMapping : Mapped to lk.apluskids.platform.common.DatabaseHealthController#health()
2026-08-17T17:37:33.521+05:30 DEBUG 22496 --- [aplus-kids-api] [nio-8081-exec-7] o.s.jdbc.core.JdbcTemplate               : Executing SQL query [SELECT 1]
2026-08-17T17:37:33.523+05:30 DEBUG 22496 --- [aplus-kids-api] [nio-8081-exec-7] m.m.a.RequestResponseBodyMethodProcessor : Using 'application/json', given [*/*] and supported [application/json, application/*+json]
2026-08-17T17:37:33.523+05:30 DEBUG 22496 --- [aplus-kids-api] [nio-8081-exec-7] m.m.a.RequestResponseBodyMethodProcessor : Writing [HealthResponse[status=UP]]
2026-08-17T17:37:33.523+05:30 DEBUG 22496 --- [aplus-kids-api] [nio-8081-exec-7] o.s.web.servlet.DispatcherServlet        : Completed 200 OK
2026-08-17T17:37:33.536+05:30 DEBUG 22496 --- [aplus-kids-api] [nio-8081-exec-9] o.s.web.servlet.DispatcherServlet        : GET "/api/v1/admin/kids-champ/overview", parameters={}
2026-08-17T17:37:33.548+05:30 DEBUG 22496 --- [aplus-kids-api] [nio-8081-exec-9] s.w.s.m.m.a.RequestMappingHandlerMapping : Mapped to lk.apluskids.platform.kidschamp.KidsChampAdminController#overview(JwtAuthenticationToken)
2026-08-17T17:37:33.554+05:30 DEBUG 22496 --- [aplus-kids-api] [nio-8081-exec-9] org.hibernate.SQL                        : select kcse1_0.id,kcse1_0.age_at_submission,kcse1_0.assigned_reviewer_user_id,kcse1_0.batch_id,kcse1_0.category,kcse1_0.child_name,kcse1_0.child_profile_id,kcse1_0.consent_accepted_at,kcse1_0.country_code,kcse1_0.date_of_birth,kcse1_0.deleted_at,kcse1_0.deleted_by_user_id,kcse1_0.email,kcse1_0.file_size,kcse1_0.file_status,kcse1_0.guest_contact_id,kcse1_0.guest_participant_id,kcse1_0.hometown,kcse1_0.internal_note,kcse1_0.media_type,kcse1_0.original_filename,kcse1_0.parent_name,kcse1_0.phone_e164,kcse1_0.photo_deleted_at,kcse1_0.previewed_at,kcse1_0.province,kcse1_0.public_id,kcse1_0.rejection_reason,kcse1_0.review_status,kcse1_0.reviewed_at,kcse1_0.reviewed_by_user_id,kcse1_0.stored_filename,kcse1_0.submitted_at,kcse1_0.telecast_status,kcse1_0.tracking_code,kcse1_0.user_id,kcse1_0.version,kcse1_0.whatsapp_consent_at,kcse1_0.work_description,kcse1_0.work_title from kids_champ_submissions kcse1_0 where kcse1_0.deleted_at is null order by kcse1_0.submitted_at desc
2026-08-17T17:37:33.568+05:30 DEBUG 22496 --- [aplus-kids-api] [nio-8081-exec-9] org.hibernate.SQL                        : select kcse1_0.id,kcse1_0.age_at_submission,kcse1_0.assigned_reviewer_user_id,kcse1_0.batch_id,kcse1_0.category,kcse1_0.child_name,kcse1_0.child_profile_id,kcse1_0.consent_accepted_at,kcse1_0.country_code,kcse1_0.date_of_birth,kcse1_0.deleted_at,kcse1_0.deleted_by_user_id,kcse1_0.email,kcse1_0.file_size,kcse1_0.file_status,kcse1_0.guest_contact_id,kcse1_0.guest_participant_id,kcse1_0.hometown,kcse1_0.internal_note,kcse1_0.media_type,kcse1_0.original_filename,kcse1_0.parent_name,kcse1_0.phone_e164,kcse1_0.photo_deleted_at,kcse1_0.previewed_at,kcse1_0.province,kcse1_0.public_id,kcse1_0.rejection_reason,kcse1_0.review_status,kcse1_0.reviewed_at,kcse1_0.reviewed_by_user_id,kcse1_0.stored_filename,kcse1_0.submitted_at,kcse1_0.telecast_status,kcse1_0.tracking_code,kcse1_0.user_id,kcse1_0.version,kcse1_0.whatsapp_consent_at,kcse1_0.work_description,kcse1_0.work_title from kids_champ_submissions kcse1_0 where kcse1_0.deleted_at is null order by kcse1_0.submitted_at desc
2026-08-17T17:37:33.572+05:30 DEBUG 22496 --- [aplus-kids-api] [nio-8081-exec-9] org.hibernate.SQL                        : select cpe1_0.id,cpe1_0.address,cpe1_0.country_code,cpe1_0.created_at,cpe1_0.date_of_birth,cpe1_0.deleted_at,cpe1_0.full_name,cpe1_0.gender,cpe1_0.hometown,cpe1_0.province,cpe1_0.public_id,cpe1_0.updated_at,cpe1_0.user_id,cpe1_0.version from child_profiles cpe1_0 where cpe1_0.id=?
2026-08-17T17:37:33.583+05:30 DEBUG 22496 --- [aplus-kids-api] [nio-8081-exec-9] org.hibernate.SQL                        : select kcwape1_0.participant_reference,kcwape1_0.opted_in_at,kcwape1_0.opted_out_at,kcwape1_0.reason,kcwape1_0.source,kcwape1_0.status,kcwape1_0.updated_at,kcwape1_0.updated_by_user_id from kids_champ_whatsapp_preferences kcwape1_0 where kcwape1_0.participant_reference=?
2026-08-17T17:37:33.584+05:30 DEBUG 22496 --- [aplus-kids-api] [nio-8081-exec-9] org.hibernate.SQL                        : select kcbe1_0.id,kcbe1_0.alternate_telecast_date,kcbe1_0.archive_path,kcbe1_0.batch_code,kcbe1_0.created_at,kcbe1_0.created_by_user_id,kcbe1_0.delete_after,kcbe1_0.deleted_at,kcbe1_0.deleted_by_user_id,kcbe1_0.edited_at,kcbe1_0.first_downloaded_at,kcbe1_0.photo_count,kcbe1_0.public_id,kcbe1_0.purged_at,kcbe1_0.retention_days,kcbe1_0.status,kcbe1_0.telecast_completed_at,kcbe1_0.telecast_date,kcbe1_0.warning_days from kids_champ_batches kcbe1_0 order by kcbe1_0.created_at desc,kcbe1_0.id desc
2026-08-17T17:37:33.595+05:30 DEBUG 22496 --- [aplus-kids-api] [nio-8081-exec-9] m.m.a.RequestResponseBodyMethodProcessor : Using 'application/json', given [*/*] and supported [application/json, application/*+json]
2026-08-17T17:37:33.607+05:30 DEBUG 22496 --- [aplus-kids-api] [nio-8081-exec-9] m.m.a.RequestResponseBodyMethodProcessor : Writing [OverviewResponse[totalSubmissions=3, newToday=3, pendingReviews=0, approved=3, selectedForTv=0, tele (truncated)...]
2026-08-17T17:37:33.613+05:30 DEBUG 22496 --- [aplus-kids-api] [nio-8081-exec-9] o.s.web.servlet.DispatcherServlet        : Completed 200 OK
2026-08-17T17:37:33.766+05:30 DEBUG 22496 --- [aplus-kids-api] [   scheduling-1] org.hibernate.SQL                        : select kcwace1_0.id,kcwace1_0.access_token_encrypted,kcwace1_0.business_account_id,kcwace1_0.graph_api_version,kcwace1_0.last_test_message,kcwace1_0.last_test_status,kcwace1_0.last_tested_at,kcwace1_0.phone_number_id,kcwace1_0.updated_at from kids_champ_whatsapp_config kcwace1_0 where kcwace1_0.id=?
2026-08-17T17:37:34.796+05:30 DEBUG 22496 --- [aplus-kids-api] [   scheduling-1] org.hibernate.SQL                        : select kcwace1_0.id,kcwace1_0.access_token_encrypted,kcwace1_0.business_account_id,kcwace1_0.graph_api_version,kcwace1_0.last_test_message,kcwace1_0.last_test_status,kcwace1_0.last_tested_at,kcwace1_0.phone_number_id,kcwace1_0.updated_at from kids_champ_whatsapp_config kcwace1_0 where kcwace1_0.id=?
2026-08-17T17:37:35.813+05:30 DEBUG 22496 --- [aplus-kids-api] [   scheduling-1] org.hibernate.SQL                        : select kcwace1_0.id,kcwace1_0.access_token_encrypted,kcwace1_0.business_account_id,kcwace1_0.graph_api_version,kcwace1_0.last_test_message,kcwace1_0.last_test_status,kcwace1_0.last_tested_at,kcwace1_0.phone_number_id,kcwace1_0.updated_at from kids_champ_whatsapp_config kcwace1_0 where kcwace1_0.id=?
2026-08-17T17:37:35.819+05:30 DEBUG 22496 --- [aplus-kids-api] [   scheduling-1] org.hibernate.SQL                        : select kcmre1_0.id,kcmre1_0.attempts,kcmre1_0.campaign_id,kcmre1_0.delivered_at,kcmre1_0.destination,kcmre1_0.failure_reason,kcmre1_0.last_attempt_at,kcmre1_0.next_attempt_at,kcmre1_0.participant_name,kcmre1_0.participant_reference,kcmre1_0.provider_message_id,kcmre1_0.read_at,kcmre1_0.rendered_message,kcmre1_0.sent_at,kcmre1_0.status,kcmre1_0.template_language_code,kcmre1_0.template_name,kcmre1_0.template_parameters from kids_champ_message_recipients kcmre1_0 where kcmre1_0.status=? and kcmre1_0.next_attempt_at<=? order by kcmre1_0.id fetch first ? rows only for no key update of kcmre1_0
2026-08-17T17:37:36.831+05:30 DEBUG 22496 --- [aplus-kids-api] [   scheduling-1] org.hibernate.SQL                        : select kcwace1_0.id,kcwace1_0.access_token_encrypted,kcwace1_0.business_account_id,kcwace1_0.graph_api_version,kcwace1_0.last_test_message,kcwace1_0.last_test_status,kcwace1_0.last_tested_at,kcwace1_0.phone_number_id,kcwace1_0.updated_at from kids_champ_whatsapp_config kcwace1_0 where kcwace1_0.id=?
2026-08-17T17:37:37.851+05:30 DEBUG 22496 --- [aplus-kids-api] [   scheduling-1] org.hibernate.SQL                        : select kcwace1_0.id,kcwace1_0.access_token_encrypted,kcwace1_0.business_account_id,kcwace1_0.graph_api_version,kcwace1_0.last_test_message,kcwace1_0.last_test_status,kcwace1_0.last_tested_at,kcwace1_0.phone_number_id,kcwace1_0.updated_at from kids_champ_whatsapp_config kcwace1_0 where kcwace1_0.id=?
2026-08-17T17:37:38.864+05:30 DEBUG 22496 --- [aplus-kids-api] [   scheduling-1] org.hibernate.SQL                        : select kcwace1_0.id,kcwace1_0.access_token_encrypted,kcwace1_0.business_account_id,kcwace1_0.graph_api_version,kcwace1_0.last_test_message,kcwace1_0.last_test_status,kcwace1_0.last_tested_at,kcwace1_0.phone_number_id,kcwace1_0.updated_at from kids_champ_whatsapp_config kcwace1_0 where kcwace1_0.id=?
2026-08-17T17:37:39.882+05:30 DEBUG 22496 --- [aplus-kids-api] [   scheduling-1] org.hibernate.SQL                        : select kcwace1_0.id,kcwace1_0.access_token_encrypted,kcwace1_0.business_account_id,kcwace1_0.graph_api_version,kcwace1_0.last_test_message,kcwace1_0.last_test_status,kcwace1_0.last_tested_at,kcwace1_0.phone_number_id,kcwace1_0.updated_at from kids_champ_whatsapp_config kcwace1_0 where kcwace1_0.id=?
2026-08-17T17:37:40.899+05:30 DEBUG 22496 --- [aplus-kids-api] [   scheduling-1] org.hibernate.SQL                        : select kcwace1_0.id,kcwace1_0.access_token_encrypted,kcwace1_0.business_account_id,kcwace1_0.graph_api_version,kcwace1_0.last_test_message,kcwace1_0.last_test_status,kcwace1_0.last_tested_at,kcwace1_0.phone_number_id,kcwace1_0.updated_at from kids_champ_whatsapp_config kcwace1_0 where kcwace1_0.id=?
2026-08-17T17:37:41.914+05:30 DEBUG 22496 --- [aplus-kids-api] [   scheduling-1] org.hibernate.SQL                        : select kcwace1_0.id,kcwace1_0.access_token_encrypted,kcwace1_0.business_account_id,kcwace1_0.graph_api_version,kcwace1_0.last_test_message,kcwace1_0.last_test_status,kcwace1_0.last_tested_at,kcwace1_0.phone_number_id,kcwace1_0.updated_at from kids_champ_whatsapp_config kcwace1_0 where kcwace1_0.id=?
2026-08-17T17:37:42.931+05:30 DEBUG 22496 --- [aplus-kids-api] [   scheduling-1] org.hibernate.SQL                        : select kcwace1_0.id,kcwace1_0.access_token_encrypted,kcwace1_0.business_account_id,kcwace1_0.graph_api_version,kcwace1_0.last_test_message,kcwace1_0.last_test_status,kcwace1_0.last_tested_at,kcwace1_0.phone_number_id,kcwace1_0.updated_at from kids_champ_whatsapp_config kcwace1_0 where kcwace1_0.id=?
2026-08-17T17:37:43.948+05:30 DEBUG 22496 --- [aplus-kids-api] [   scheduling-1] org.hibernate.SQL                        : select kcwace1_0.id,kcwace1_0.access_token_encrypted,kcwace1_0.business_account_id,kcwace1_0.graph_api_version,kcwace1_0.last_test_message,kcwace1_0.last_test_status,kcwace1_0.last_tested_at,kcwace1_0.phone_number_id,kcwace1_0.updated_at from kids_champ_whatsapp_config kcwace1_0 where kcwace1_0.id=?
2026-08-17T17:37:44.966+05:30 DEBUG 22496 --- [aplus-kids-api] [   scheduling-1] org.hibernate.SQL                        : select kcwace1_0.id,kcwace1_0.access_token_encrypted,kcwace1_0.business_account_id,kcwace1_0.graph_api_version,kcwace1_0.last_test_message,kcwace1_0.last_test_status,kcwace1_0.last_tested_at,kcwace1_0.phone_number_id,kcwace1_0.updated_at from kids_champ_whatsapp_config kcwace1_0 where kcwace1_0.id=?
2026-08-17T17:37:45.982+05:30 DEBUG 22496 --- [aplus-kids-api] [   scheduling-1] org.hibernate.SQL                        : select kcwace1_0.id,kcwace1_0.access_token_encrypted,kcwace1_0.business_account_id,kcwace1_0.graph_api_version,kcwace1_0.last_test_message,kcwace1_0.last_test_status,kcwace1_0.last_tested_at,kcwace1_0.phone_number_id,kcwace1_0.updated_at from kids_champ_whatsapp_config kcwace1_0 where kcwace1_0.id=?
2026-08-17T17:37:45.988+05:30 DEBUG 22496 --- [aplus-kids-api] [   scheduling-1] org.hibernate.SQL                        : select kcmre1_0.id,kcmre1_0.attempts,kcmre1_0.campaign_id,kcmre1_0.delivered_at,kcmre1_0.destination,kcmre1_0.failure_reason,kcmre1_0.last_attempt_at,kcmre1_0.next_attempt_at,kcmre1_0.participant_name,kcmre1_0.participant_reference,kcmre1_0.provider_message_id,kcmre1_0.read_at,kcmre1_0.rendered_message,kcmre1_0.sent_at,kcmre1_0.status,kcmre1_0.template_language_code,kcmre1_0.template_name,kcmre1_0.template_parameters from kids_champ_message_recipients kcmre1_0 where kcmre1_0.status=? and kcmre1_0.next_attempt_at<=? order by kcmre1_0.id fetch first ? rows only for no key update of kcmre1_0
2026-08-17T17:37:46.998+05:30 DEBUG 22496 --- [aplus-kids-api] [   scheduling-1] org.hibernate.SQL                        : select kcwace1_0.id,kcwace1_0.access_token_encrypted,kcwace1_0.business_account_id,kcwace1_0.graph_api_version,kcwace1_0.last_test_message,kcwace1_0.last_test_status,kcwace1_0.last_tested_at,kcwace1_0.phone_number_id,kcwace1_0.updated_at from kids_champ_whatsapp_config kcwace1_0 where kcwace1_0.id=?
2026-08-17T17:37:48.019+05:30 DEBUG 22496 --- [aplus-kids-api] [   scheduling-1] org.hibernate.SQL                        : select kcwace1_0.id,kcwace1_0.access_token_encrypted,kcwace1_0.business_account_id,kcwace1_0.graph_api_version,kcwace1_0.last_test_message,kcwace1_0.last_test_status,kcwace1_0.last_tested_at,kcwace1_0.phone_number_id,kcwace1_0.updated_at from kids_champ_whatsapp_config kcwace1_0 where kcwace1_0.id=?
2026-08-17T17:37:48.515+05:30 DEBUG 22496 --- [aplus-kids-api] [nio-8081-exec-8] o.s.web.servlet.DispatcherServlet        : GET "/api/v1/health", parameters={}
2026-08-17T17:37:48.515+05:30 DEBUG 22496 --- [aplus-kids-api] [nio-8081-exec-8] s.w.s.m.m.a.RequestMappingHandlerMapping : Mapped to lk.apluskids.platform.common.DatabaseHealthController#health()
2026-08-17T17:37:48.515+05:30 DEBUG 22496 --- [aplus-kids-api] [nio-8081-exec-8] o.s.jdbc.core.JdbcTemplate               : Executing SQL query [SELECT 1]
2026-08-17T17:37:48.515+05:30 DEBUG 22496 --- [aplus-kids-api] [nio-8081-exec-8] m.m.a.RequestResponseBodyMethodProcessor : Using 'application/json', given [*/*] and supported [application/json, application/*+json]
2026-08-17T17:37:48.515+05:30 DEBUG 22496 --- [aplus-kids-api] [nio-8081-exec-8] m.m.a.RequestResponseBodyMethodProcessor : Writing [HealthResponse[status=UP]]
2026-08-17T17:37:48.531+05:30 DEBUG 22496 --- [aplus-kids-api] [nio-8081-exec-8] o.s.web.servlet.DispatcherServlet        : Completed 200 OK
2026-08-17T17:37:48.544+05:30 DEBUG 22496 --- [aplus-kids-api] [io-8081-exec-10] o.s.web.servlet.DispatcherServlet        : GET "/api/v1/admin/kids-champ/overview", parameters={}
2026-08-17T17:37:48.546+05:30 DEBUG 22496 --- [aplus-kids-api] [io-8081-exec-10] s.w.s.m.m.a.RequestMappingHandlerMapping : Mapped to lk.apluskids.platform.kidschamp.KidsChampAdminController#overview(JwtAuthenticationToken)
2026-08-17T17:37:48.546+05:30 DEBUG 22496 --- [aplus-kids-api] [io-8081-exec-10] org.hibernate.SQL                        : select kcse1_0.id,kcse1_0.age_at_submission,kcse1_0.assigned_reviewer_user_id,kcse1_0.batch_id,kcse1_0.category,kcse1_0.child_name,kcse1_0.child_profile_id,kcse1_0.consent_accepted_at,kcse1_0.country_code,kcse1_0.date_of_birth,kcse1_0.deleted_at,kcse1_0.deleted_by_user_id,kcse1_0.email,kcse1_0.file_size,kcse1_0.file_status,kcse1_0.guest_contact_id,kcse1_0.guest_participant_id,kcse1_0.hometown,kcse1_0.internal_note,kcse1_0.media_type,kcse1_0.original_filename,kcse1_0.parent_name,kcse1_0.phone_e164,kcse1_0.photo_deleted_at,kcse1_0.previewed_at,kcse1_0.province,kcse1_0.public_id,kcse1_0.rejection_reason,kcse1_0.review_status,kcse1_0.reviewed_at,kcse1_0.reviewed_by_user_id,kcse1_0.stored_filename,kcse1_0.submitted_at,kcse1_0.telecast_status,kcse1_0.tracking_code,kcse1_0.user_id,kcse1_0.version,kcse1_0.whatsapp_consent_at,kcse1_0.work_description,kcse1_0.work_title from kids_champ_submissions kcse1_0 where kcse1_0.deleted_at is null order by kcse1_0.submitted_at desc
2026-08-17T17:37:48.546+05:30 DEBUG 22496 --- [aplus-kids-api] [io-8081-exec-10] org.hibernate.SQL                        : select kcse1_0.id,kcse1_0.age_at_submission,kcse1_0.assigned_reviewer_user_id,kcse1_0.batch_id,kcse1_0.category,kcse1_0.child_name,kcse1_0.child_profile_id,kcse1_0.consent_accepted_at,kcse1_0.country_code,kcse1_0.date_of_birth,kcse1_0.deleted_at,kcse1_0.deleted_by_user_id,kcse1_0.email,kcse1_0.file_size,kcse1_0.file_status,kcse1_0.guest_contact_id,kcse1_0.guest_participant_id,kcse1_0.hometown,kcse1_0.internal_note,kcse1_0.media_type,kcse1_0.original_filename,kcse1_0.parent_name,kcse1_0.phone_e164,kcse1_0.photo_deleted_at,kcse1_0.previewed_at,kcse1_0.province,kcse1_0.public_id,kcse1_0.rejection_reason,kcse1_0.review_status,kcse1_0.reviewed_at,kcse1_0.reviewed_by_user_id,kcse1_0.stored_filename,kcse1_0.submitted_at,kcse1_0.telecast_status,kcse1_0.tracking_code,kcse1_0.user_id,kcse1_0.version,kcse1_0.whatsapp_consent_at,kcse1_0.work_description,kcse1_0.work_title from kids_champ_submissions kcse1_0 where kcse1_0.deleted_at is null order by kcse1_0.submitted_at desc
2026-08-17T17:37:48.560+05:30 DEBUG 22496 --- [aplus-kids-api] [io-8081-exec-10] org.hibernate.SQL                        : select cpe1_0.id,cpe1_0.address,cpe1_0.country_code,cpe1_0.created_at,cpe1_0.date_of_birth,cpe1_0.deleted_at,cpe1_0.full_name,cpe1_0.gender,cpe1_0.hometown,cpe1_0.province,cpe1_0.public_id,cpe1_0.updated_at,cpe1_0.user_id,cpe1_0.version from child_profiles cpe1_0 where cpe1_0.id=?
2026-08-17T17:37:48.562+05:30 DEBUG 22496 --- [aplus-kids-api] [io-8081-exec-10] org.hibernate.SQL                        : select kcwape1_0.participant_reference,kcwape1_0.opted_in_at,kcwape1_0.opted_out_at,kcwape1_0.reason,kcwape1_0.source,kcwape1_0.status,kcwape1_0.updated_at,kcwape1_0.updated_by_user_id from kids_champ_whatsapp_preferences kcwape1_0 where kcwape1_0.participant_reference=?
2026-08-17T17:37:48.562+05:30 DEBUG 22496 --- [aplus-kids-api] [io-8081-exec-10] org.hibernate.SQL                        : select kcbe1_0.id,kcbe1_0.alternate_telecast_date,kcbe1_0.archive_path,kcbe1_0.batch_code,kcbe1_0.created_at,kcbe1_0.created_by_user_id,kcbe1_0.delete_after,kcbe1_0.deleted_at,kcbe1_0.deleted_by_user_id,kcbe1_0.edited_at,kcbe1_0.first_downloaded_at,kcbe1_0.photo_count,kcbe1_0.public_id,kcbe1_0.purged_at,kcbe1_0.retention_days,kcbe1_0.status,kcbe1_0.telecast_completed_at,kcbe1_0.telecast_date,kcbe1_0.warning_days from kids_champ_batches kcbe1_0 order by kcbe1_0.created_at desc,kcbe1_0.id desc
2026-08-17T17:37:48.562+05:30 DEBUG 22496 --- [aplus-kids-api] [io-8081-exec-10] m.m.a.RequestResponseBodyMethodProcessor : Using 'application/json', given [*/*] and supported [application/json, application/*+json]
2026-08-17T17:37:48.562+05:30 DEBUG 22496 --- [aplus-kids-api] [io-8081-exec-10] m.m.a.RequestResponseBodyMethodProcessor : Writing [OverviewResponse[totalSubmissions=3, newToday=3, pendingReviews=0, approved=3, selectedForTv=0, tele (truncated)...]
2026-08-17T17:37:48.562+05:30 DEBUG 22496 --- [aplus-kids-api] [io-8081-exec-10] o.s.web.servlet.DispatcherServlet        : Completed 200 OK
2026-08-17T17:37:49.113+05:30 DEBUG 22496 --- [aplus-kids-api] [   scheduling-1] org.hibernate.SQL                        : select kcwace1_0.id,kcwace1_0.access_token_encrypted,kcwace1_0.business_account_id,kcwace1_0.graph_api_version,kcwace1_0.last_test_message,kcwace1_0.last_test_status,kcwace1_0.last_tested_at,kcwace1_0.phone_number_id,kcwace1_0.updated_at from kids_champ_whatsapp_config kcwace1_0 where kcwace1_0.id=?
2026-08-17T17:37:49.121+05:30 DEBUG 22496 --- [aplus-kids-api] [   scheduling-1] org.hibernate.SQL                        : select kcmre1_0.id,kcmre1_0.attempts,kcmre1_0.campaign_id,kcmre1_0.delivered_at,kcmre1_0.destination,kcmre1_0.failure_reason,kcmre1_0.last_attempt_at,kcmre1_0.next_attempt_at,kcmre1_0.participant_name,kcmre1_0.participant_reference,kcmre1_0.provider_message_id,kcmre1_0.read_at,kcmre1_0.rendered_message,kcmre1_0.sent_at,kcmre1_0.status,kcmre1_0.template_language_code,kcmre1_0.template_name,kcmre1_0.template_parameters from kids_champ_message_recipients kcmre1_0 where kcmre1_0.status=? and kcmre1_0.next_attempt_at<=? order by kcmre1_0.id fetch first ? rows only for no key update of kcmre1_0
2026-08-17T17:37:50.133+05:30 DEBUG 22496 --- [aplus-kids-api] [   scheduling-1] org.hibernate.SQL                        : select kcwace1_0.id,kcwace1_0.access_token_encrypted,kcwace1_0.business_account_id,kcwace1_0.graph_api_version,kcwace1_0.last_test_message,kcwace1_0.last_test_status,kcwace1_0.last_tested_at,kcwace1_0.phone_number_id,kcwace1_0.updated_at from kids_champ_whatsapp_config kcwace1_0 where kcwace1_0.id=?
2026-08-17T17:37:51.149+05:30 DEBUG 22496 --- [aplus-kids-api] [   scheduling-1] org.hibernate.SQL                        : select kcwace1_0.id,kcwace1_0.access_token_encrypted,kcwace1_0.business_account_id,kcwace1_0.graph_api_version,kcwace1_0.last_test_message,kcwace1_0.last_test_status,kcwace1_0.last_tested_at,kcwace1_0.phone_number_id,kcwace1_0.updated_at from kids_champ_whatsapp_config kcwace1_0 where kcwace1_0.id=?
2026-08-17T17:37:52.164+05:30 DEBUG 22496 --- [aplus-kids-api] [   scheduling-1] org.hibernate.SQL                        : select kcwace1_0.id,kcwace1_0.access_token_encrypted,kcwace1_0.business_account_id,kcwace1_0.graph_api_version,kcwace1_0.last_test_message,kcwace1_0.last_test_status,kcwace1_0.last_tested_at,kcwace1_0.phone_number_id,kcwace1_0.updated_at from kids_champ_whatsapp_config kcwace1_0 where kcwace1_0.id=?
2026-08-17T17:37:53.177+05:30 DEBUG 22496 --- [aplus-kids-api] [   scheduling-1] org.hibernate.SQL                        : select kcwace1_0.id,kcwace1_0.access_token_encrypted,kcwace1_0.business_account_id,kcwace1_0.graph_api_version,kcwace1_0.last_test_message,kcwace1_0.last_test_status,kcwace1_0.last_tested_at,kcwace1_0.phone_number_id,kcwace1_0.updated_at from kids_champ_whatsapp_config kcwace1_0 where kcwace1_0.id=?
2026-08-17T17:37:54.183+05:30 DEBUG 22496 --- [aplus-kids-api] [   scheduling-1] org.hibernate.SQL                        : select kcwace1_0.id,kcwace1_0.access_token_encrypted,kcwace1_0.business_account_id,kcwace1_0.graph_api_version,kcwace1_0.last_test_message,kcwace1_0.last_test_status,kcwace1_0.last_tested_at,kcwace1_0.phone_number_id,kcwace1_0.updated_at from kids_champ_whatsapp_config kcwace1_0 where kcwace1_0.id=?
[ERROR] Failed to execute goal org.springframework.boot:spring-boot-maven-plugin:4.1.0:run (default-cli) on project aplus-kids-api: Process terminated with exit code: -1 -> [Help 1]
[ERROR] 
[ERROR] To see the full stack trace of the errors, re-run Maven with the -e switch.
[ERROR] Re-run Maven using the -X switch to enable full debug logging.
[ERROR] 
[ERROR] For more information about the errors and possible solutions, please read the following articles:
[ERROR] [Help 1] http://cwiki.apache.org/confluence/display/MAVEN/MojoExecutionException
