[INFO] Scanning for projects...
[INFO] 
[INFO] --------------------< lk.apluskids:aplus-kids-api >---------------------
[INFO] Building aplus-kids-api 0.0.1-SNAPSHOT
[INFO]   from pom.xml
[INFO] --------------------------------[ jar ]---------------------------------
[INFO] 
[INFO] >>> spring-boot:4.1.0:run (default-cli) > test-compile @ aplus-kids-api >>>
[INFO] 
[INFO] --- resources:3.5.0:resources (default-resources) @ aplus-kids-api ---
[INFO] Copying 1 resource from src\main\resources to target\classes
[INFO] Copying 38 resources from src\main\resources to target\classes
[INFO] 
[INFO] --- compiler:3.15.0:compile (default-compile) @ aplus-kids-api ---
[INFO] Recompiling the module because of changed source code.
[INFO] Compiling 98 source files with javac [debug parameters release 21] to target\classes
[INFO] 
[INFO] --- resources:3.5.0:testResources (default-testResources) @ aplus-kids-api ---
[INFO] skip non existing resourceDirectory D:\2026\apluskids\aplus_kids_web\aplus_kids_api\src\test\resources
[INFO] 
[INFO] --- compiler:3.15.0:testCompile (default-testCompile) @ aplus-kids-api ---
[INFO] Recompiling the module because of changed dependency.
[INFO] Compiling 11 source files with javac [debug parameters release 21] to target\test-classes
[INFO] 
[INFO] <<< spring-boot:4.1.0:run (default-cli) < test-compile @ aplus-kids-api <<<
[INFO] 
[INFO] 
[INFO] --- spring-boot:4.1.0:run (default-cli) @ aplus-kids-api ---
[INFO] Attaching agents: []

  .   ____          _            __ _ _
 /\\ / ___'_ __ _ _(_)_ __  __ _ \ \ \ \
( ( )\___ | '_ | '_| | '_ \/ _` | \ \ \ \
 \\/  ___)| |_)| | | | | || (_| |  ) ) ) )
  '  |____| .__|_| |_|_| |_\__, | / / / /
 =========|_|==============|___/=/_/_/_/

 :: Spring Boot ::                (v4.1.0)

2026-08-13T19:43:48.938+05:30  INFO 2600 --- [aplus-kids-api] [           main] l.a.platform.AplusKidsApiApplication     : Starting AplusKidsApiApplication using Java 21.0.11 with PID 2600 (D:\2026\apluskids\aplus_kids_web\aplus_kids_api\target\classes started by slshe in D:\2026\apluskids\aplus_kids_web\aplus_kids_api)
2026-08-13T19:43:49.247+05:30  INFO 2600 --- [aplus-kids-api] [           main] l.a.platform.AplusKidsApiApplication     : No active profile set, falling back to 1 default profile: "default"
2026-08-13T19:43:49.247+05:30 DEBUG 2600 --- [aplus-kids-api] [           main] o.s.boot.SpringApplication               : Loading source class lk.apluskids.platform.AplusKidsApiApplication
2026-08-13T19:43:49.280+05:30 DEBUG 2600 --- [aplus-kids-api] [           main] ConfigServletWebServerApplicationContext : Refreshing org.springframework.boot.web.server.servlet.context.AnnotationConfigServletWebServerApplicationContext@62f68dff
2026-08-13T19:43:49.963+05:30  INFO 2600 --- [aplus-kids-api] [           main] .s.d.r.c.RepositoryConfigurationDelegate : Bootstrapping Spring Data JPA repositories in DEFAULT mode.
2026-08-13T19:43:49.981+05:30 DEBUG 2600 --- [aplus-kids-api] [           main] o.s.b.a.AutoConfigurationPackages        : @EnableAutoConfiguration was declared on a class in the package 'lk.apluskids.platform'. Automatic @Repository and @Entity scanning is enabled.
2026-08-13T19:43:50.080+05:30  INFO 2600 --- [aplus-kids-api] [           main] .s.d.r.c.RepositoryConfigurationDelegate : Finished Spring Data repository scanning in 105 ms. Found 23 JPA repository interfaces.
2026-08-13T19:43:50.646+05:30 DEBUG 2600 --- [aplus-kids-api] [           main] o.s.b.t.s.TomcatServletWebServerFactory  : Code archive: C:\Users\slshe\.m2\repository\org\springframework\boot\spring-boot-web-server\4.1.0\spring-boot-web-server-4.1.0.jar
2026-08-13T19:43:50.646+05:30 DEBUG 2600 --- [aplus-kids-api] [           main] o.s.b.t.s.TomcatServletWebServerFactory  : Code archive: C:\Users\slshe\.m2\repository\org\springframework\boot\spring-boot-web-server\4.1.0\spring-boot-web-server-4.1.0.jar
2026-08-13T19:43:50.646+05:30 DEBUG 2600 --- [aplus-kids-api] [           main] o.s.b.t.s.TomcatServletWebServerFactory  : None of the document roots [src/main/webapp, public, static] point to a directory and will be ignored.
2026-08-13T19:43:50.682+05:30  INFO 2600 --- [aplus-kids-api] [           main] o.s.boot.tomcat.TomcatWebServer          : Tomcat initialized with port 8081 (http)
2026-08-13T19:43:50.696+05:30  INFO 2600 --- [aplus-kids-api] [           main] o.apache.catalina.core.StandardService   : Starting service [Tomcat]
2026-08-13T19:43:50.696+05:30  INFO 2600 --- [aplus-kids-api] [           main] o.apache.catalina.core.StandardEngine    : Starting Servlet engine: [Apache Tomcat/11.0.22]
2026-08-13T19:43:50.748+05:30 DEBUG 2600 --- [aplus-kids-api] [           main] b.w.c.s.WebApplicationContextInitializer : Published root WebApplicationContext as ServletContext attribute with name [org.springframework.web.context.WebApplicationContext.ROOT]
2026-08-13T19:43:50.763+05:30  INFO 2600 --- [aplus-kids-api] [           main] b.w.c.s.WebApplicationContextInitializer : Root WebApplicationContext: initialization completed in 1482 ms
2026-08-13T19:43:50.974+05:30  INFO 2600 --- [aplus-kids-api] [           main] com.zaxxer.hikari.HikariDataSource       : HikariPool-1 - Starting...
2026-08-13T19:43:51.130+05:30  INFO 2600 --- [aplus-kids-api] [           main] com.zaxxer.hikari.pool.HikariPool        : HikariPool-1 - Added connection org.postgresql.jdbc.PgConnection@76828577
2026-08-13T19:43:51.130+05:30  INFO 2600 --- [aplus-kids-api] [           main] com.zaxxer.hikari.HikariDataSource       : HikariPool-1 - Start completed.
2026-08-13T19:43:51.147+05:30  INFO 2600 --- [aplus-kids-api] [           main] org.flywaydb.core.FlywayExecutor         : Database: jdbc:postgresql://localhost:5432/aplus_kids (PostgreSQL 18.4)
2026-08-13T19:43:51.232+05:30  INFO 2600 --- [aplus-kids-api] [           main] o.f.core.internal.command.DbValidate     : Successfully validated 38 migrations (execution time 00:00.047s)
2026-08-13T19:43:51.296+05:30  INFO 2600 --- [aplus-kids-api] [           main] o.f.core.internal.command.DbMigrate      : Current version of schema "public": 38
2026-08-13T19:43:51.300+05:30  INFO 2600 --- [aplus-kids-api] [           main] o.f.core.internal.command.DbMigrate      : Schema "public" is up to date. No migration necessary.
2026-08-13T19:43:51.426+05:30  INFO 2600 --- [aplus-kids-api] [           main] org.hibernate.orm.jpa                    : HHH008540: Processing PersistenceUnitInfo [name: default]
2026-08-13T19:43:51.469+05:30  INFO 2600 --- [aplus-kids-api] [           main] org.hibernate.orm.core                   : HHH000001: Hibernate ORM core version 7.4.1.Final
2026-08-13T19:43:51.862+05:30  INFO 2600 --- [aplus-kids-api] [           main] o.s.o.j.p.SpringPersistenceUnitInfo      : No LoadTimeWeaver setup: ignoring JPA class transformer
2026-08-13T19:43:51.946+05:30  INFO 2600 --- [aplus-kids-api] [           main] org.hibernate.orm.connections.pooling    : HHH10001005: Database info:
	Database JDBC URL [jdbc:postgresql://localhost:5432/aplus_kids]
	Database driver: PostgreSQL JDBC Driver
	Database dialect: PostgreSQLDialect
	Database version: 18.4
	Default catalog/schema: aplus_kids/public
	Autocommit mode: undefined/unknown
	Isolation level: READ_COMMITTED [default READ_COMMITTED]
	JDBC fetch size: none
	Pool: DataSourceConnectionProvider
	Minimum pool size: undefined/unknown
	Maximum pool size: undefined/unknown
2026-08-13T19:43:53.197+05:30  INFO 2600 --- [aplus-kids-api] [           main] org.hibernate.orm.core                   : HHH000489: No JTA platform available (set 'hibernate.transaction.jta.platform' to enable JTA platform integration)
2026-08-13T19:43:53.248+05:30  INFO 2600 --- [aplus-kids-api] [           main] j.LocalContainerEntityManagerFactoryBean : Initialized JPA EntityManagerFactory for persistence unit 'default'
2026-08-13T19:43:53.313+05:30  INFO 2600 --- [aplus-kids-api] [           main] o.s.d.j.r.query.QueryEnhancerFactories   : Hibernate is in classpath; If applicable, HQL parser will be used.
2026-08-13T19:43:53.463+05:30 DEBUG 2600 --- [aplus-kids-api] [           main] o.s.b.w.s.ServletContextInitializerBeans : Mapping filters: forwardedHeaderFilter urls=[/*] order=-2147483648, springSecurityFilterChain urls=[/*] order=-100, characterEncodingFilter urls=[/*] order=-2147483648, formContentFilter urls=[/*] order=-9900, requestContextFilter urls=[/*] order=-105, activeAdministratorFilter urls=[/*] order=2147483647
2026-08-13T19:43:53.463+05:30 DEBUG 2600 --- [aplus-kids-api] [           main] o.s.b.w.s.ServletContextInitializerBeans : Mapping servlets: dispatcherServlet urls=[/]
2026-08-13T19:43:53.480+05:30 DEBUG 2600 --- [aplus-kids-api] [           main] o.s.b.s.f.OrderedRequestContextFilter    : Filter 'requestContextFilter' configured for use
2026-08-13T19:43:53.496+05:30 DEBUG 2600 --- [aplus-kids-api] [           main] o.s.web.filter.ForwardedHeaderFilter     : Filter 'forwardedHeaderFilter' configured for use
2026-08-13T19:43:53.496+05:30 DEBUG 2600 --- [aplus-kids-api] [           main] o.s.b.s.f.OrderedCharacterEncodingFilter : Filter 'characterEncodingFilter' configured for use
2026-08-13T19:43:53.496+05:30 DEBUG 2600 --- [aplus-kids-api] [           main] .DelegatingFilterProxyRegistrationBean$1 : Filter 'springSecurityFilterChain' configured for use
2026-08-13T19:43:53.496+05:30 DEBUG 2600 --- [aplus-kids-api] [           main] o.s.b.s.filter.OrderedFormContentFilter  : Filter 'formContentFilter' configured for use
2026-08-13T19:43:55.248+05:30 DEBUG 2600 --- [aplus-kids-api] [           main] s.w.s.m.m.a.RequestMappingHandlerMapping : 107 mappings in 'requestMappingHandlerMapping'
2026-08-13T19:43:55.281+05:30 DEBUG 2600 --- [aplus-kids-api] [           main] o.s.w.s.handler.SimpleUrlHandlerMapping  : Patterns [/webjars/**, /**] in 'resourceHandlerMapping'
2026-08-13T19:43:55.297+05:30 DEBUG 2600 --- [aplus-kids-api] [           main] s.w.s.m.m.a.RequestMappingHandlerAdapter : ControllerAdvice beans: 0 @ModelAttribute, 0 @InitBinder, 2 RequestBodyAdvice, 1 ResponseBodyAdvice
2026-08-13T19:43:55.346+05:30 DEBUG 2600 --- [aplus-kids-api] [           main] .m.m.a.ExceptionHandlerExceptionResolver : ControllerAdvice beans: 1 @ExceptionHandler, 1 ResponseBodyAdvice
2026-08-13T19:43:55.463+05:30  INFO 2600 --- [aplus-kids-api] [           main] o.s.boot.tomcat.TomcatWebServer          : Tomcat started on port 8081 (http) with context path '/'
2026-08-13T19:43:55.482+05:30 DEBUG 2600 --- [aplus-kids-api] [           main] .s.b.a.l.ConditionEvaluationReportLogger : 


============================
CONDITIONS EVALUATION REPORT
============================


Positive matches:
-----------------

   AopAutoConfiguration matched:
      - @ConditionalOnBooleanProperty (spring.aop.auto=true) matched (OnPropertyCondition)

   AopAutoConfiguration.AspectJAutoProxyingConfiguration matched:
      - @ConditionalOnClass found required class 'org.aspectj.weaver.Advice' (OnClassCondition)

   AopAutoConfiguration.AspectJAutoProxyingConfiguration.CglibAutoProxyConfiguration matched:
      - @ConditionalOnBooleanProperty (spring.aop.proxy-target-class=true) matched (OnPropertyCondition)

   ApplicationAvailabilityAutoConfiguration#applicationAvailability matched:
      - @ConditionalOnMissingBean (types: org.springframework.boot.availability.ApplicationAvailability; SearchStrategy: all) did not find any beans (OnBeanCondition)

   DataJpaRepositoriesAutoConfiguration matched:
      - @ConditionalOnClass found required class 'org.springframework.data.jpa.repository.JpaRepository' (OnClassCondition)
      - @ConditionalOnBooleanProperty (spring.data.jpa.repositories.enabled=true) matched (OnPropertyCondition)
      - @ConditionalOnBean (types: javax.sql.DataSource; SearchStrategy: all) found bean 'dataSource'; @ConditionalOnMissingBean (types: org.springframework.data.jpa.repository.support.JpaRepositoryFactoryBean,org.springframework.data.jpa.repository.config.JpaRepositoryConfigExtension; SearchStrategy: all) did not find any beans (OnBeanCondition)

   DataSourceAutoConfiguration matched:
      - @ConditionalOnClass found required classes 'javax.sql.DataSource', 'org.springframework.jdbc.datasource.embedded.EmbeddedDatabaseType' (OnClassCondition)
      - @ConditionalOnMissingBean (types: io.r2dbc.spi.ConnectionFactory; SearchStrategy: all) did not find any beans (OnBeanCondition)

   DataSourceAutoConfiguration.PooledDataSourceConfiguration matched:
      - AnyNestedCondition 1 matched 1 did not; NestedCondition on DataSourceAutoConfiguration.PooledDataSourceCondition.PooledDataSourceAvailable PooledDataSource found supported DataSource; NestedCondition on DataSourceAutoConfiguration.PooledDataSourceCondition.ExplicitType @ConditionalOnProperty (spring.datasource.type) did not find property 'spring.datasource.type' (DataSourceAutoConfiguration.PooledDataSourceCondition)
      - @ConditionalOnMissingBean (types: javax.sql.DataSource,javax.sql.XADataSource; SearchStrategy: all) did not find any beans (OnBeanCondition)

   DataSourceAutoConfiguration.PooledDataSourceConfiguration#jdbcConnectionDetails matched:
      - @ConditionalOnMissingBean (types: org.springframework.boot.jdbc.autoconfigure.JdbcConnectionDetails; SearchStrategy: all) did not find any beans (OnBeanCondition)

   DataSourceConfiguration.Hikari matched:
      - @ConditionalOnClass found required class 'com.zaxxer.hikari.HikariDataSource' (OnClassCondition)
      - @ConditionalOnProperty (spring.datasource.type=com.zaxxer.hikari.HikariDataSource) matched (OnPropertyCondition)
      - @ConditionalOnMissingBean (types: javax.sql.DataSource; SearchStrategy: all) did not find any beans (OnBeanCondition)

   DataSourceInitializationAutoConfiguration matched:
      - @ConditionalOnClass found required class 'org.springframework.jdbc.datasource.init.DatabasePopulator' (OnClassCondition)
      - SQL InitializationDatabase Initialization default value is EMBEDDED (OnSqlInitializationCondition)
      - @ConditionalOnSingleCandidate (types: javax.sql.DataSource; SearchStrategy: all) found a single bean 'dataSource'; @ConditionalOnMissingBean (types: org.springframework.boot.sql.autoconfigure.init.ApplicationScriptDatabaseInitializer; SearchStrategy: all) did not find any beans (OnBeanCondition)

   DataSourcePoolMetadataProvidersConfiguration.HikariPoolDataSourceMetadataProviderConfiguration matched:
      - @ConditionalOnClass found required class 'com.zaxxer.hikari.HikariDataSource' (OnClassCondition)

   DataSourceTransactionManagerAutoConfiguration matched:
      - @ConditionalOnClass found required classes 'javax.sql.DataSource', 'org.springframework.jdbc.core.JdbcTemplate', 'org.springframework.transaction.TransactionManager' (OnClassCondition)

   DataSourceTransactionManagerAutoConfiguration.JdbcTransactionManagerConfiguration matched:
      - @ConditionalOnSingleCandidate (types: javax.sql.DataSource; SearchStrategy: all) found a single bean 'dataSource' (OnBeanCondition)

   DataWebAutoConfiguration matched:
      - @ConditionalOnClass found required classes 'org.springframework.data.web.PageableHandlerMethodArgumentResolver', 'org.springframework.web.servlet.config.annotation.WebMvcConfigurer' (OnClassCondition)
      - found 'session' scope (OnWebApplicationCondition)
      - @ConditionalOnMissingBean (types: org.springframework.data.web.PageableHandlerMethodArgumentResolver; SearchStrategy: all) did not find any beans (OnBeanCondition)

   DataWebAutoConfiguration#pageableCustomizer matched:
      - @ConditionalOnMissingBean (types: org.springframework.data.web.config.PageableHandlerMethodArgumentResolverCustomizer; SearchStrategy: all) did not find any beans (OnBeanCondition)

   DataWebAutoConfiguration#sortCustomizer matched:
      - @ConditionalOnMissingBean (types: org.springframework.data.web.config.SortHandlerMethodArgumentResolverCustomizer; SearchStrategy: all) did not find any beans (OnBeanCondition)

   DataWebAutoConfiguration#springDataWebSettings matched:
      - @ConditionalOnMissingBean (types: org.springframework.data.web.config.SpringDataWebSettings; SearchStrategy: all) did not find any beans (OnBeanCondition)

   DefaultTaskSchedulerConfiguration matched:
      - @ConditionalOnMissingBean (names: taskScheduler; SearchStrategy: all) did not find any beans (OnBeanCondition)

   DefaultTaskSchedulerConfiguration#taskScheduler matched:
      - @ConditionalOnBean (types: org.springframework.boot.task.ThreadPoolTaskSchedulerBuilder; SearchStrategy: all) found bean 'threadPoolTaskSchedulerBuilder' (OnBeanCondition)
      - @ConditionalOnThreading found PLATFORM (OnThreadingCondition)

   DispatcherServletAutoConfiguration matched:
      - @ConditionalOnClass found required class 'org.springframework.web.servlet.DispatcherServlet' (OnClassCondition)
      - found 'session' scope (OnWebApplicationCondition)

   DispatcherServletAutoConfiguration.DispatcherServletConfiguration matched:
      - @ConditionalOnClass found required class 'jakarta.servlet.ServletRegistration' (OnClassCondition)
      - Default DispatcherServlet did not find dispatcher servlet beans (DispatcherServletAutoConfiguration.DefaultDispatcherServletCondition)

   DispatcherServletAutoConfiguration.DispatcherServletRegistrationConfiguration matched:
      - @ConditionalOnClass found required class 'jakarta.servlet.ServletRegistration' (OnClassCondition)
      - DispatcherServlet Registration did not find servlet registration bean (DispatcherServletAutoConfiguration.DispatcherServletRegistrationCondition)

   DispatcherServletAutoConfiguration.DispatcherServletRegistrationConfiguration#dispatcherServletRegistration matched:
      - @ConditionalOnBean (names: dispatcherServlet types: org.springframework.web.servlet.DispatcherServlet; SearchStrategy: all) found bean 'dispatcherServlet' (OnBeanCondition)

   ErrorMvcAutoConfiguration matched:
      - @ConditionalOnClass found required classes 'jakarta.servlet.Servlet', 'org.springframework.web.servlet.DispatcherServlet' (OnClassCondition)
      - found 'session' scope (OnWebApplicationCondition)

   ErrorMvcAutoConfiguration#basicErrorController matched:
      - @ConditionalOnMissingBean (types: org.springframework.boot.webmvc.error.ErrorController; SearchStrategy: current) did not find any beans (OnBeanCondition)

   ErrorMvcAutoConfiguration#errorAttributes matched:
      - @ConditionalOnMissingBean (types: org.springframework.boot.webmvc.error.ErrorAttributes; SearchStrategy: current) did not find any beans (OnBeanCondition)

   ErrorMvcAutoConfiguration.DefaultErrorViewResolverConfiguration#conventionErrorViewResolver matched:
      - @ConditionalOnBean (types: org.springframework.web.servlet.DispatcherServlet; SearchStrategy: all) found bean 'dispatcherServlet'; @ConditionalOnMissingBean (types: org.springframework.boot.webmvc.autoconfigure.error.ErrorViewResolver; SearchStrategy: all) did not find any beans (OnBeanCondition)

   ErrorMvcAutoConfiguration.WhitelabelErrorViewConfiguration matched:
      - @ConditionalOnBooleanProperty (spring.web.error.whitelabel.enabled=true) matched (OnPropertyCondition)
      - ErrorTemplate Missing did not find error template view (ErrorMvcAutoConfiguration.ErrorTemplateMissingCondition)

   ErrorMvcAutoConfiguration.WhitelabelErrorViewConfiguration#beanNameViewResolver matched:
      - @ConditionalOnMissingBean (types: org.springframework.web.servlet.view.BeanNameViewResolver; SearchStrategy: all) did not find any beans (OnBeanCondition)

   ErrorMvcAutoConfiguration.WhitelabelErrorViewConfiguration#defaultErrorView matched:
      - @ConditionalOnMissingBean (names: error; SearchStrategy: all) did not find any beans (OnBeanCondition)

   FlywayAutoConfiguration matched:
      - @ConditionalOnClass found required class 'org.flywaydb.core.Flyway' (OnClassCondition)
      - @ConditionalOnBooleanProperty (spring.flyway.enabled=true) matched (OnPropertyCondition)
      - AnyNestedCondition 2 matched 1 did not; NestedCondition on FlywayAutoConfiguration.FlywayDataSourceCondition.FlywayUrlCondition @ConditionalOnProperty (spring.flyway.url) did not find property 'spring.flyway.url'; NestedCondition on FlywayAutoConfiguration.FlywayDataSourceCondition.JdbcConnectionDetailsCondition @ConditionalOnBean (types: org.springframework.boot.jdbc.autoconfigure.JdbcConnectionDetails; SearchStrategy: all) found bean 'jdbcConnectionDetails'; NestedCondition on FlywayAutoConfiguration.FlywayDataSourceCondition.DataSourceBeanCondition @ConditionalOnBean (types: javax.sql.DataSource; SearchStrategy: all) found bean 'dataSource' (FlywayAutoConfiguration.FlywayDataSourceCondition)

   FlywayAutoConfiguration.FlywayConfiguration matched:
      - @ConditionalOnClass found required class 'org.springframework.jdbc.support.JdbcUtils' (OnClassCondition)
      - @ConditionalOnMissingBean (types: org.flywaydb.core.Flyway; SearchStrategy: all) did not find any beans (OnBeanCondition)

   FlywayAutoConfiguration.FlywayConfiguration#flywayConnectionDetails matched:
      - @ConditionalOnMissingBean (types: org.springframework.boot.flyway.autoconfigure.FlywayConnectionDetails; SearchStrategy: all) did not find any beans (OnBeanCondition)

   FlywayAutoConfiguration.FlywayConfiguration#flywayInitializer matched:
      - @ConditionalOnMissingBean (types: org.springframework.boot.flyway.autoconfigure.FlywayMigrationInitializer; SearchStrategy: all) did not find any beans (OnBeanCondition)

   FlywayAutoConfiguration.FlywayConfiguration.PostgresqlConfiguration matched:
      - @ConditionalOnClass found required class 'org.flywaydb.database.postgresql.PostgreSQLConfigurationExtension' (OnClassCondition)

   HibernateJpaAutoConfiguration matched:
      - @ConditionalOnClass found required classes 'org.springframework.orm.jpa.LocalContainerEntityManagerFactoryBean', 'jakarta.persistence.EntityManager', 'org.hibernate.engine.spi.SessionImplementor' (OnClassCondition)

   HibernateJpaConfiguration matched:
      - @ConditionalOnSingleCandidate (types: javax.sql.DataSource; SearchStrategy: all) found a single bean 'dataSource' (OnBeanCondition)

   HttpEncodingAutoConfiguration matched:
      - @ConditionalOnClass found required class 'org.springframework.web.filter.CharacterEncodingFilter' (OnClassCondition)
      - found 'session' scope (OnWebApplicationCondition)
      - @ConditionalOnBooleanProperty (spring.servlet.encoding.enabled=true) matched (OnPropertyCondition)

   HttpEncodingAutoConfiguration#characterEncodingFilter matched:
      - @ConditionalOnMissingBean (types: org.springframework.web.filter.CharacterEncodingFilter; SearchStrategy: all) did not find any beans (OnBeanCondition)

   HttpMessageConvertersAutoConfiguration matched:
      - @ConditionalOnClass found required class 'org.springframework.http.converter.HttpMessageConverter' (OnClassCondition)
      - NoneNestedConditions 0 matched 1 did not; NestedCondition on HttpMessageConvertersAutoConfiguration.NotReactiveWebApplicationCondition.ReactiveWebApplication did not find reactive web application classes (HttpMessageConvertersAutoConfiguration.NotReactiveWebApplicationCondition)

   HttpMessageConvertersAutoConfiguration.StringHttpMessageConverterConfiguration#stringHttpMessageConvertersCustomizer matched:
      - @ConditionalOnMissingBean (types: org.springframework.http.converter.StringHttpMessageConverter; SearchStrategy: all) did not find any beans (OnBeanCondition)

   JacksonAutoConfiguration matched:
      - @ConditionalOnClass found required class 'tools.jackson.databind.json.JsonMapper' (OnClassCondition)

   JacksonAutoConfiguration#jacksonJsonMapper matched:
      - @ConditionalOnMissingBean (types: tools.jackson.databind.json.JsonMapper; SearchStrategy: all) did not find any beans (OnBeanCondition)

   JacksonAutoConfiguration#jsonFactory matched:
      - @ConditionalOnMissingBean (types: tools.jackson.core.json.JsonFactory; SearchStrategy: all) did not find any beans (OnBeanCondition)

   JacksonAutoConfiguration#jsonMapperBuilder matched:
      - @ConditionalOnMissingBean (types: tools.jackson.databind.json.JsonMapper$Builder; SearchStrategy: all) did not find any beans (OnBeanCondition)

   JacksonAutoConfiguration.JsonProblemDetailsConfiguration matched:
      - @ConditionalOnClass found required class 'org.springframework.http.ProblemDetail' (OnClassCondition)

   JacksonHttpMessageConvertersConfiguration.JacksonJsonHttpMessageConverterConfiguration matched:
      - @ConditionalOnClass found required class 'tools.jackson.databind.json.JsonMapper' (OnClassCondition)
      - @ConditionalOnProperty (spring.http.converters.preferred-json-mapper=jackson) matched (OnPropertyCondition)
      - @ConditionalOnBean (types: tools.jackson.databind.json.JsonMapper; SearchStrategy: all) found bean 'jacksonJsonMapper' (OnBeanCondition)

   JacksonHttpMessageConvertersConfiguration.JacksonJsonHttpMessageConverterConfiguration#jacksonJsonHttpMessageConvertersCustomizer matched:
      - @ConditionalOnMissingBean (types: org.springframework.http.converter.json.JacksonJsonHttpMessageConverter ignored: org.springframework.hateoas.server.mvc.TypeConstrainedJacksonJsonHttpMessageConverter,org.springframework.data.rest.webmvc.alps.AlpsJacksonJsonHttpMessageConverter; SearchStrategy: all) did not find any beans (OnBeanCondition)

   JdbcClientAutoConfiguration matched:
      - @ConditionalOnSingleCandidate (types: org.springframework.jdbc.core.namedparam.NamedParameterJdbcTemplate; SearchStrategy: all) found a single bean 'namedParameterJdbcTemplate'; @ConditionalOnMissingBean (types: org.springframework.jdbc.core.simple.JdbcClient; SearchStrategy: all) did not find any beans (OnBeanCondition)

   JdbcTemplateAutoConfiguration matched:
      - @ConditionalOnClass found required classes 'javax.sql.DataSource', 'org.springframework.jdbc.core.JdbcTemplate' (OnClassCondition)
      - @ConditionalOnSingleCandidate (types: javax.sql.DataSource; SearchStrategy: all) found a single bean 'dataSource' (OnBeanCondition)

   JdbcTemplateConfiguration matched:
      - @ConditionalOnMissingBean (types: org.springframework.jdbc.core.JdbcOperations; SearchStrategy: all) did not find any beans (OnBeanCondition)

   JpaBaseConfiguration#entityManagerFactory matched:
      - @ConditionalOnMissingBean (types: org.springframework.orm.jpa.LocalContainerEntityManagerFactoryBean,jakarta.persistence.EntityManagerFactory; SearchStrategy: all) did not find any beans (OnBeanCondition)

   JpaBaseConfiguration#entityManagerFactoryBuilder matched:
      - @ConditionalOnMissingBean (types: org.springframework.boot.jpa.EntityManagerFactoryBuilder; SearchStrategy: all) did not find any beans (OnBeanCondition)

   JpaBaseConfiguration#jpaVendorAdapter matched:
      - @ConditionalOnMissingBean (types: org.springframework.orm.jpa.JpaVendorAdapter; SearchStrategy: all) did not find any beans (OnBeanCondition)

   JpaBaseConfiguration#transactionManager matched:
      - @ConditionalOnMissingBean (types: org.springframework.transaction.TransactionManager; SearchStrategy: all) did not find any beans (OnBeanCondition)

   JpaBaseConfiguration.PersistenceManagedTypesConfiguration matched:
      - @ConditionalOnMissingBean (types: org.springframework.orm.jpa.LocalContainerEntityManagerFactoryBean,jakarta.persistence.EntityManagerFactory; SearchStrategy: all) did not find any beans (OnBeanCondition)

   JpaBaseConfiguration.PersistenceManagedTypesConfiguration#persistenceManagedTypes matched:
      - @ConditionalOnMissingBean (types: org.springframework.orm.jpa.persistenceunit.PersistenceManagedTypes; SearchStrategy: all) did not find any beans (OnBeanCondition)

   JtaAutoConfiguration matched:
      - @ConditionalOnClass found required class 'jakarta.transaction.Transaction' (OnClassCondition)
      - @ConditionalOnBooleanProperty (spring.jta.enabled=true) matched (OnPropertyCondition)

   LifecycleAutoConfiguration#defaultLifecycleProcessor matched:
      - @ConditionalOnMissingBean (names: lifecycleProcessor; SearchStrategy: current) did not find any beans (OnBeanCondition)

   MailSenderAutoConfiguration matched:
      - @ConditionalOnClass found required classes 'jakarta.mail.internet.MimeMessage', 'jakarta.activation.MimeType', 'org.springframework.mail.MailSender' (OnClassCondition)
      - AnyNestedCondition 1 matched 1 did not; NestedCondition on MailSenderAutoConfiguration.MailSenderCondition.JndiNameProperty @ConditionalOnProperty (spring.mail.jndi-name) did not find property 'spring.mail.jndi-name'; NestedCondition on MailSenderAutoConfiguration.MailSenderCondition.HostProperty @ConditionalOnProperty (spring.mail.host) matched (MailSenderAutoConfiguration.MailSenderCondition)
      - @ConditionalOnMissingBean (types: org.springframework.mail.MailSender; SearchStrategy: all) did not find any beans (OnBeanCondition)

   MailSenderPropertiesConfiguration matched:
      - @ConditionalOnProperty (spring.mail.host) matched (OnPropertyCondition)

   MailSenderPropertiesConfiguration#mailSender matched:
      - @ConditionalOnMissingBean (types: org.springframework.mail.javamail.JavaMailSender; SearchStrategy: all) did not find any beans (OnBeanCondition)

   MultipartAutoConfiguration matched:
      - @ConditionalOnClass found required classes 'jakarta.servlet.Servlet', 'org.springframework.web.multipart.support.StandardServletMultipartResolver', 'jakarta.servlet.MultipartConfigElement' (OnClassCondition)
      - found 'session' scope (OnWebApplicationCondition)
      - @ConditionalOnBooleanProperty (spring.servlet.multipart.enabled=true) matched (OnPropertyCondition)

   MultipartAutoConfiguration#multipartConfigElement matched:
      - @ConditionalOnMissingBean (types: jakarta.servlet.MultipartConfigElement; SearchStrategy: all) did not find any beans (OnBeanCondition)

   MultipartAutoConfiguration#multipartResolver matched:
      - @ConditionalOnMissingBean (types: org.springframework.web.multipart.MultipartResolver; SearchStrategy: all) did not find any beans (OnBeanCondition)

   NamedParameterJdbcTemplateConfiguration matched:
      - @ConditionalOnSingleCandidate (types: org.springframework.jdbc.core.JdbcTemplate; SearchStrategy: all) found a single bean 'jdbcTemplate'; @ConditionalOnMissingBean (types: org.springframework.jdbc.core.namedparam.NamedParameterJdbcOperations; SearchStrategy: all) did not find any beans (OnBeanCondition)

   OAuth2ResourceServerAutoConfiguration matched:
      - @ConditionalOnClass found required class 'org.springframework.security.oauth2.server.resource.authentication.BearerTokenAuthenticationToken' (OnClassCondition)

   OpaqueTokenIntrospectionConfiguration matched:
      - @ConditionalOnMissingBean (types: org.springframework.security.oauth2.server.resource.introspection.OpaqueTokenIntrospector; SearchStrategy: all) did not find any beans (OnBeanCondition)

   PersistenceExceptionTranslationAutoConfiguration matched:
      - @ConditionalOnClass found required class 'org.springframework.dao.annotation.PersistenceExceptionTranslationPostProcessor' (OnClassCondition)

   PersistenceExceptionTranslationAutoConfiguration#persistenceExceptionTranslationPostProcessor matched:
      - @ConditionalOnBooleanProperty (spring.persistence.exceptiontranslation.enabled=true) matched (OnPropertyCondition)
      - @ConditionalOnMissingBean (types: org.springframework.dao.annotation.PersistenceExceptionTranslationPostProcessor; SearchStrategy: all) did not find any beans (OnBeanCondition)

   PropertyPlaceholderAutoConfiguration#propertySourcesPlaceholderConfigurer matched:
      - @ConditionalOnMissingBean (types: org.springframework.context.support.PropertySourcesPlaceholderConfigurer; SearchStrategy: current) did not find any beans (OnBeanCondition)

   SecurityAutoConfiguration matched:
      - @ConditionalOnClass found required class 'org.springframework.security.authentication.DefaultAuthenticationEventPublisher' (OnClassCondition)

   SecurityAutoConfiguration#authenticationEventPublisher matched:
      - @ConditionalOnMissingBean (types: org.springframework.security.authentication.AuthenticationEventPublisher; SearchStrategy: all) did not find any beans (OnBeanCondition)

   SecurityFilterAutoConfiguration matched:
      - @ConditionalOnClass found required classes 'org.springframework.security.web.context.AbstractSecurityWebApplicationInitializer', 'org.springframework.security.config.http.SessionCreationPolicy' (OnClassCondition)
      - found 'session' scope (OnWebApplicationCondition)

   SecurityFilterAutoConfiguration#securityFilterChainRegistration matched:
      - @ConditionalOnBean (names: springSecurityFilterChain; SearchStrategy: all) found bean 'springSecurityFilterChain' (OnBeanCondition)

   ServletWebSecurityAutoConfiguration matched:
      - @ConditionalOnClass found required class 'org.springframework.security.config.annotation.web.configuration.EnableWebSecurity' (OnClassCondition)
      - found 'session' scope (OnWebApplicationCondition)

   ServletWebSecurityAutoConfiguration.EnableWebSecurityConfiguration matched:
      - @ConditionalOnClass found required class 'org.springframework.security.config.annotation.web.configuration.EnableWebSecurity' (OnClassCondition)
      - @ConditionalOnMissingBean (names: springSecurityFilterChain; SearchStrategy: all) did not find any beans (OnBeanCondition)

   ServletWebSecurityAutoConfiguration.PathPatternRequestMatcherBuilderConfiguration matched:
      - @ConditionalOnClass found required class 'org.springframework.boot.webmvc.autoconfigure.DispatcherServletPath' (OnClassCondition)
      - @ConditionalOnBean (types: org.springframework.boot.webmvc.autoconfigure.DispatcherServletPath; SearchStrategy: all) found bean 'dispatcherServletRegistration' (OnBeanCondition)

   ServletWebSecurityAutoConfiguration.PathPatternRequestMatcherBuilderConfiguration#pathPatternRequestMatcherBuilder matched:
      - @ConditionalOnMissingBean (types: org.springframework.security.web.servlet.util.matcher.PathPatternRequestMatcher$Builder; SearchStrategy: all) did not find any beans (OnBeanCondition)

   ServletWebServerConfiguration#forwardedHeaderFilter matched:
      - @ConditionalOnProperty (server.forward-headers-strategy=framework) matched (OnPropertyCondition)
      - @ConditionalOnMissingBean (types: org.springframework.web.filter.ForwardedHeaderFilter; SearchStrategy: all) did not find any beans (OnBeanCondition)

   SslAutoConfiguration#sslBundleRegistry matched:
      - @ConditionalOnMissingBean (types: org.springframework.boot.ssl.SslBundleRegistry,org.springframework.boot.ssl.SslBundles; SearchStrategy: all) did not find any beans (OnBeanCondition)

   TaskExecutionAutoConfiguration matched:
      - @ConditionalOnClass found required class 'org.springframework.scheduling.concurrent.ThreadPoolTaskExecutor' (OnClassCondition)

   TaskExecutorConfigurations.AsyncConfigurerConfiguration matched:
      - @ConditionalOnMissingBean (types: org.springframework.scheduling.annotation.AsyncConfigurer; SearchStrategy: all) did not find any beans (OnBeanCondition)

   TaskExecutorConfigurations.SimpleAsyncTaskExecutorBuilderConfiguration#simpleAsyncTaskExecutorBuilder matched:
      - @ConditionalOnMissingBean (types: org.springframework.boot.task.SimpleAsyncTaskExecutorBuilder; SearchStrategy: all) did not find any beans (OnBeanCondition)
      - @ConditionalOnThreading found PLATFORM (OnThreadingCondition)

   TaskExecutorConfigurations.TaskExecutorConfiguration matched:
      - AnyNestedCondition 1 matched 1 did not; NestedCondition on TaskExecutorConfigurations.OnExecutorCondition.ModelCondition @ConditionalOnProperty (spring.task.execution.mode=force) did not find property 'spring.task.execution.mode'; NestedCondition on TaskExecutorConfigurations.OnExecutorCondition.ExecutorBeanCondition @ConditionalOnMissingBean (types: java.util.concurrent.Executor; SearchStrategy: all) did not find any beans (TaskExecutorConfigurations.OnExecutorCondition)

   TaskExecutorConfigurations.TaskExecutorConfiguration#applicationTaskExecutor matched:
      - @ConditionalOnThreading found PLATFORM (OnThreadingCondition)

   TaskExecutorConfigurations.ThreadPoolTaskExecutorBuilderConfiguration#threadPoolTaskExecutorBuilder matched:
      - @ConditionalOnMissingBean (types: org.springframework.boot.task.ThreadPoolTaskExecutorBuilder; SearchStrategy: all) did not find any beans (OnBeanCondition)

   TaskSchedulingAutoConfiguration matched:
      - @ConditionalOnClass found required class 'org.springframework.scheduling.concurrent.ThreadPoolTaskScheduler' (OnClassCondition)

   TaskSchedulingAutoConfiguration#scheduledBeanLazyInitializationExcludeFilter matched:
      - @ConditionalOnBean (names: org.springframework.scheduling.config.internalScheduledAnnotationProcessor; SearchStrategy: all) found bean 'org.springframework.scheduling.config.internalScheduledAnnotationProcessor' (OnBeanCondition)

   TaskSchedulingConfigurations.SimpleAsyncTaskSchedulerBuilderConfiguration#simpleAsyncTaskSchedulerBuilder matched:
      - @ConditionalOnMissingBean (types: org.springframework.boot.task.SimpleAsyncTaskSchedulerBuilder; SearchStrategy: all) did not find any beans (OnBeanCondition)
      - @ConditionalOnThreading found PLATFORM (OnThreadingCondition)

   TaskSchedulingConfigurations.TaskSchedulerConfiguration matched:
      - @ConditionalOnBean (names: org.springframework.scheduling.config.internalScheduledAnnotationProcessor; SearchStrategy: all) found bean 'org.springframework.scheduling.config.internalScheduledAnnotationProcessor'; @ConditionalOnMissingBean (types: org.springframework.scheduling.TaskScheduler,java.util.concurrent.ScheduledExecutorService; SearchStrategy: all) did not find any beans (OnBeanCondition)

   TaskSchedulingConfigurations.ThreadPoolTaskSchedulerBuilderConfiguration#threadPoolTaskSchedulerBuilder matched:
      - @ConditionalOnMissingBean (types: org.springframework.boot.task.ThreadPoolTaskSchedulerBuilder; SearchStrategy: all) did not find any beans (OnBeanCondition)

   TomcatServletWebServerAutoConfiguration matched:
      - @ConditionalOnClass found required classes 'jakarta.servlet.ServletRequest', 'org.apache.catalina.startup.Tomcat', 'org.apache.coyote.UpgradeProtocol', 'org.springframework.boot.tomcat.servlet.TomcatServletWebServerFactory' (OnClassCondition)
      - found 'session' scope (OnWebApplicationCondition)

   TomcatServletWebServerAutoConfiguration#tomcatForwardedHeaderFilterCustomizer matched:
      - @ConditionalOnProperty (server.forward-headers-strategy=framework) matched (OnPropertyCondition)

   TomcatServletWebServerAutoConfiguration#tomcatServletWebServerFactory matched:
      - @ConditionalOnMissingBean (types: org.springframework.boot.web.server.servlet.ServletWebServerFactory; SearchStrategy: current) did not find any beans (OnBeanCondition)

   TomcatWebServerConfiguration matched:
      - @ConditionalOnWarDeployment the application is not deployed as a WAR file. (OnWarDeploymentCondition)

   TomcatWebServerConfiguration.TomcatWebSocketConfiguration matched:
      - @ConditionalOnClass found required class 'org.apache.tomcat.websocket.server.WsSci' (OnClassCondition)

   TransactionAutoConfiguration matched:
      - @ConditionalOnClass found required class 'org.springframework.transaction.PlatformTransactionManager' (OnClassCondition)

   TransactionAutoConfiguration.EnableTransactionManagementConfiguration matched:
      - @ConditionalOnBean (types: org.springframework.transaction.TransactionManager; SearchStrategy: all) found bean 'transactionManager'; @ConditionalOnMissingBean (types: org.springframework.transaction.annotation.AbstractTransactionManagementConfiguration; SearchStrategy: all) did not find any beans (OnBeanCondition)

   TransactionAutoConfiguration.EnableTransactionManagementConfiguration.CglibAutoProxyConfiguration matched:
      - @ConditionalOnBooleanProperty (spring.aop.proxy-target-class=true) matched (OnPropertyCondition)

   TransactionAutoConfiguration.TransactionTemplateConfiguration matched:
      - @ConditionalOnSingleCandidate (types: org.springframework.transaction.PlatformTransactionManager; SearchStrategy: all) found a single bean 'transactionManager' (OnBeanCondition)

   TransactionAutoConfiguration.TransactionTemplateConfiguration#transactionTemplate matched:
      - @ConditionalOnMissingBean (types: org.springframework.transaction.support.TransactionOperations; SearchStrategy: all) did not find any beans (OnBeanCondition)

   TransactionManagerCustomizationAutoConfiguration matched:
      - @ConditionalOnClass found required class 'org.springframework.transaction.PlatformTransactionManager' (OnClassCondition)

   TransactionManagerCustomizationAutoConfiguration#platformTransactionManagerCustomizers matched:
      - @ConditionalOnMissingBean (types: org.springframework.boot.transaction.autoconfigure.TransactionManagerCustomizers; SearchStrategy: all) did not find any beans (OnBeanCondition)

   ValidationAutoConfiguration matched:
      - @ConditionalOnClass found required class 'jakarta.validation.executable.ExecutableValidator' (OnClassCondition)
      - @ConditionalOnResource found location classpath:META-INF/services/jakarta.validation.spi.ValidationProvider (OnResourceCondition)

   ValidationAutoConfiguration#defaultValidator matched:
      - @ConditionalOnMissingBean (types: jakarta.validation.Validator; SearchStrategy: all) did not find any beans (OnBeanCondition)

   ValidationAutoConfiguration#methodValidationPostProcessor matched:
      - @ConditionalOnMissingBean (types: org.springframework.validation.beanvalidation.MethodValidationPostProcessor; SearchStrategy: current) did not find any beans (OnBeanCondition)

   WebMvcAutoConfiguration matched:
      - @ConditionalOnClass found required classes 'jakarta.servlet.Servlet', 'org.springframework.web.servlet.DispatcherServlet', 'org.springframework.web.servlet.config.annotation.WebMvcConfigurer' (OnClassCondition)
      - found 'session' scope (OnWebApplicationCondition)
      - @ConditionalOnMissingBean (types: org.springframework.web.servlet.config.annotation.WebMvcConfigurationSupport; SearchStrategy: all) did not find any beans (OnBeanCondition)

   WebMvcAutoConfiguration#formContentFilter matched:
      - @ConditionalOnBooleanProperty (spring.mvc.formcontent.filter.enabled=true) matched (OnPropertyCondition)
      - @ConditionalOnMissingBean (types: org.springframework.web.filter.FormContentFilter; SearchStrategy: all) did not find any beans (OnBeanCondition)

   WebMvcAutoConfiguration.EnableWebMvcConfiguration#flashMapManager matched:
      - @ConditionalOnMissingBean (names: flashMapManager; SearchStrategy: all) did not find any beans (OnBeanCondition)

   WebMvcAutoConfiguration.EnableWebMvcConfiguration#localeResolver matched:
      - @ConditionalOnMissingBean (names: localeResolver; SearchStrategy: all) did not find any beans (OnBeanCondition)

   WebMvcAutoConfiguration.EnableWebMvcConfiguration#viewNameTranslator matched:
      - @ConditionalOnMissingBean (names: viewNameTranslator; SearchStrategy: all) did not find any beans (OnBeanCondition)

   WebMvcAutoConfiguration.WebMvcAutoConfigurationAdapter#defaultViewResolver matched:
      - @ConditionalOnMissingBean (types: org.springframework.web.servlet.view.InternalResourceViewResolver; SearchStrategy: all) did not find any beans (OnBeanCondition)

   WebMvcAutoConfiguration.WebMvcAutoConfigurationAdapter#requestContextFilter matched:
      - @ConditionalOnMissingBean (types: org.springframework.web.context.request.RequestContextListener,org.springframework.web.filter.RequestContextFilter; SearchStrategy: all) did not find any beans (OnBeanCondition)

   WebMvcAutoConfiguration.WebMvcAutoConfigurationAdapter#viewResolver matched:
      - @ConditionalOnBean (types: org.springframework.web.servlet.ViewResolver; SearchStrategy: all) found beans 'defaultViewResolver', 'beanNameViewResolver', 'mvcViewResolver'; @ConditionalOnMissingBean (names: viewResolver types: org.springframework.web.servlet.view.ContentNegotiatingViewResolver; SearchStrategy: all) did not find any beans (OnBeanCondition)


Negative matches:
-----------------

   AopAutoConfiguration.AspectJAutoProxyingConfiguration.JdkDynamicAutoProxyConfiguration:
      Did not match:
         - @ConditionalOnBooleanProperty (spring.aop.proxy-target-class=false) did not find property 'spring.aop.proxy-target-class' (OnPropertyCondition)

   AopAutoConfiguration.ClassProxyingConfiguration:
      Did not match:
         - @ConditionalOnMissingClass found unwanted class 'org.aspectj.weaver.Advice' (OnClassCondition)

   DataJpaRepositoriesAutoConfiguration#entityManagerFactoryBootstrapExecutorCustomizer:
      Did not match:
         - @ConditionalOnProperty (spring.data.jpa.repositories.bootstrap-mode=deferred) did not find property 'spring.data.jpa.repositories.bootstrap-mode' (OnPropertyCondition)

   DataRepositoryMetricsAutoConfiguration:
      Did not match:
         - @ConditionalOnBean did not find required type 'io.micrometer.core.instrument.MeterRegistry' (OnBeanCondition)

   DataSourceAutoConfiguration.EmbeddedDatabaseConfiguration:
      Did not match:
         - EmbeddedDataSource spring.datasource.url is set (DataSourceAutoConfiguration.EmbeddedDatabaseCondition)

   DataSourceCheckpointRestoreConfiguration:
      Did not match:
         - @ConditionalOnClass did not find required class 'org.crac.Resource' (OnClassCondition)

   DataSourceConfiguration.Dbcp2:
      Did not match:
         - @ConditionalOnClass did not find required class 'org.apache.commons.dbcp2.BasicDataSource' (OnClassCondition)

   DataSourceConfiguration.Generic:
      Did not match:
         - @ConditionalOnProperty (spring.datasource.type) did not find property 'spring.datasource.type' (OnPropertyCondition)

   DataSourceConfiguration.OracleUcp:
      Did not match:
         - @ConditionalOnClass did not find required classes 'oracle.ucp.jdbc.PoolDataSourceImpl', 'oracle.jdbc.OracleConnection' (OnClassCondition)

   DataSourceConfiguration.Tomcat:
      Did not match:
         - @ConditionalOnClass did not find required class 'org.apache.tomcat.jdbc.pool.DataSource' (OnClassCondition)

   DataSourceHealthContributorAutoConfiguration:
      Did not match:
         - @ConditionalOnClass did not find required class 'org.springframework.boot.health.autoconfigure.contributor.ConditionalOnEnabledHealthIndicator' (OnClassCondition)

   DataSourceJmxConfiguration:
      Did not match:
         - @ConditionalOnBooleanProperty (spring.jmx.enabled=true) did not find property 'spring.jmx.enabled' (OnPropertyCondition)

   DataSourcePoolMetadataProvidersConfiguration.CommonsDbcp2PoolDataSourceMetadataProviderConfiguration:
      Did not match:
         - @ConditionalOnClass did not find required class 'org.apache.commons.dbcp2.BasicDataSource' (OnClassCondition)

   DataSourcePoolMetadataProvidersConfiguration.OracleUcpPoolDataSourceMetadataProviderConfiguration:
      Did not match:
         - @ConditionalOnClass did not find required classes 'oracle.ucp.jdbc.PoolDataSource', 'oracle.jdbc.OracleConnection' (OnClassCondition)

   DataSourcePoolMetadataProvidersConfiguration.TomcatDataSourcePoolMetadataProviderConfiguration:
      Did not match:
         - @ConditionalOnClass did not find required class 'org.apache.tomcat.jdbc.pool.DataSource' (OnClassCondition)

   DataSourcePoolMetricsAutoConfiguration:
      Did not match:
         - @ConditionalOnClass did not find required class 'io.micrometer.core.instrument.MeterRegistry' (OnClassCondition)

   DataSourceTransactionManagerAutoConfiguration.JdbcTransactionManagerConfiguration#transactionManager:
      Did not match:
         - @ConditionalOnMissingBean (types: org.springframework.transaction.TransactionManager; SearchStrategy: all) found beans of type 'org.springframework.transaction.TransactionManager' transactionManager (OnBeanCondition)

   DefaultTaskSchedulerConfiguration#taskSchedulerVirtualThreads:
      Did not match:
         - @ConditionalOnThreading did not find VIRTUAL (OnThreadingCondition)
      Matched:
         - @ConditionalOnBean (types: org.springframework.boot.task.SimpleAsyncTaskSchedulerBuilder; SearchStrategy: all) found bean 'simpleAsyncTaskSchedulerBuilder' (OnBeanCondition)

   DispatcherServletAutoConfiguration.DispatcherServletConfiguration#multipartResolver:
      Did not match:
         - @ConditionalOnBean (types: org.springframework.web.multipart.MultipartResolver; SearchStrategy: all) did not find any beans of type org.springframework.web.multipart.MultipartResolver (OnBeanCondition)

   FlywayAutoConfiguration.FlywayConfiguration.OracleConfiguration:
      Did not match:
         - @ConditionalOnClass did not find required class 'org.flywaydb.database.oracle.OracleConfigurationExtension' (OnClassCondition)

   FlywayAutoConfiguration.FlywayConfiguration.SqlServerConfiguration:
      Did not match:
         - @ConditionalOnClass did not find required class 'org.flywaydb.database.sqlserver.SQLServerConfigurationExtension' (OnClassCondition)

   FlywayEndpointAutoConfiguration:
      Did not match:
         - @ConditionalOnClass did not find required class 'org.springframework.boot.actuate.autoconfigure.endpoint.condition.ConditionalOnAvailableEndpoint' (OnClassCondition)

   GsonHttpMessageConvertersConfiguration:
      Did not match:
         - @ConditionalOnClass did not find required class 'com.google.gson.Gson' (OnClassCondition)

   HibernateMetricsAutoConfiguration:
      Did not match:
         - @ConditionalOnClass did not find required class 'io.micrometer.core.instrument.MeterRegistry' (OnClassCondition)

   Jackson2HttpMessageConvertersConfiguration.MappingJackson2HttpMessageConverterConfiguration:
      Did not match:
         - AnyNestedCondition 0 matched 2 did not; NestedCondition on Jackson2HttpMessageConvertersConfiguration.PreferJackson2OrJacksonUnavailableCondition.JacksonUnavailable @ConditionalOnMissingBean (types: org.springframework.boot.http.converter.autoconfigure.JacksonHttpMessageConvertersConfiguration$JacksonJsonHttpMessageConvertersCustomizer; SearchStrategy: all) found beans of type 'org.springframework.boot.http.converter.autoconfigure.JacksonHttpMessageConvertersConfiguration$JacksonJsonHttpMessageConvertersCustomizer' jacksonJsonHttpMessageConvertersCustomizer; NestedCondition on Jackson2HttpMessageConvertersConfiguration.PreferJackson2OrJacksonUnavailableCondition.Jackson2Preferred @ConditionalOnProperty (spring.http.converters.preferred-json-mapper=jackson2) did not find property 'spring.http.converters.preferred-json-mapper' (Jackson2HttpMessageConvertersConfiguration.PreferJackson2OrJacksonUnavailableCondition)
      Matched:
         - @ConditionalOnClass found required class 'com.fasterxml.jackson.databind.ObjectMapper' (OnClassCondition)

   Jackson2HttpMessageConvertersConfiguration.MappingJackson2XmlHttpMessageConverterConfiguration:
      Did not match:
         - @ConditionalOnClass did not find required class 'com.fasterxml.jackson.dataformat.xml.XmlMapper' (OnClassCondition)

   JacksonAutoConfiguration.CborConfiguration:
      Did not match:
         - @ConditionalOnClass did not find required class 'tools.jackson.dataformat.cbor.CBORMapper' (OnClassCondition)

   JacksonAutoConfiguration.XmlConfiguration:
      Did not match:
         - @ConditionalOnClass did not find required class 'tools.jackson.dataformat.xml.XmlMapper' (OnClassCondition)

   JacksonHttpMessageConvertersConfiguration.JacksonXmlHttpMessageConverterConfiguration:
      Did not match:
         - @ConditionalOnClass did not find required class 'tools.jackson.dataformat.xml.XmlMapper' (OnClassCondition)

   JmxAutoConfiguration:
      Did not match:
         - @ConditionalOnBooleanProperty (spring.jmx.enabled=true) did not find property 'spring.jmx.enabled' (OnPropertyCondition)
      Matched:
         - @ConditionalOnClass found required class 'org.springframework.jmx.export.MBeanExporter' (OnClassCondition)

   JndiDataSourceAutoConfiguration:
      Did not match:
         - @ConditionalOnProperty (spring.datasource.jndi-name) did not find property 'spring.datasource.jndi-name' (OnPropertyCondition)
      Matched:
         - @ConditionalOnClass found required classes 'javax.sql.DataSource', 'org.springframework.jdbc.datasource.embedded.EmbeddedDatabaseType' (OnClassCondition)

   JndiJtaConfiguration:
      Did not match:
         - @ConditionalOnJndi JNDI environment is not available (OnJndiCondition)
      Matched:
         - @ConditionalOnClass found required class 'org.springframework.transaction.jta.JtaTransactionManager' (OnClassCondition)

   JpaBaseConfiguration.JpaWebConfiguration:
      Did not match:
         - @ConditionalOnBooleanProperty (spring.jpa.open-in-view=true) found different value in property 'spring.jpa.open-in-view' (OnPropertyCondition)
      Matched:
         - @ConditionalOnClass found required class 'org.springframework.web.servlet.config.annotation.WebMvcConfigurer' (OnClassCondition)
         - found 'session' scope (OnWebApplicationCondition)

   JsonbHttpMessageConvertersConfiguration:
      Did not match:
         - @ConditionalOnClass did not find required class 'jakarta.json.bind.Jsonb' (OnClassCondition)

   JwtConverterConfiguration:
      Did not match:
         - AnyNestedCondition 0 matched 4 did not; NestedCondition on JwtConverterConfiguration.PropertiesCondition.OnAuthoritiesExpressions Authorities claim expressions did not find property spring.security.oauth2.resourceserver.jwt.authorities-claim-expressions; NestedCondition on JwtConverterConfiguration.PropertiesCondition.OnAuthoritiesClaimName @ConditionalOnProperty (spring.security.oauth2.resourceserver.jwt.authorities-claim-name) did not find property 'spring.security.oauth2.resourceserver.jwt.authorities-claim-name'; NestedCondition on JwtConverterConfiguration.PropertiesCondition.OnPrincipalClaimName @ConditionalOnProperty (spring.security.oauth2.resourceserver.jwt.principal-claim-name) did not find property 'spring.security.oauth2.resourceserver.jwt.principal-claim-name'; NestedCondition on JwtConverterConfiguration.PropertiesCondition.OnAuthorityPrefix @ConditionalOnProperty (spring.security.oauth2.resourceserver.jwt.authority-prefix) did not find property 'spring.security.oauth2.resourceserver.jwt.authority-prefix' (JwtConverterConfiguration.PropertiesCondition)
      Matched:
         - @ConditionalOnClass found required class 'org.springframework.security.oauth2.jwt.JwtDecoder' (OnClassCondition)

   JwtDecoderConfiguration:
      Did not match:
         - @ConditionalOnMissingBean (types: org.springframework.security.oauth2.jwt.JwtDecoder; SearchStrategy: all) found beans of type 'org.springframework.security.oauth2.jwt.JwtDecoder' jwtDecoder (OnBeanCondition)
      Matched:
         - @ConditionalOnClass found required class 'org.springframework.security.oauth2.jwt.JwtDecoder' (OnClassCondition)

   KidsChampDemoSeeder:
      Did not match:
         - @ConditionalOnProperty (aplus.kids-champ.demo-seed=true) did not find property 'aplus.kids-champ.demo-seed' (OnPropertyCondition)

   KotlinSerializationHttpMessageConvertersConfiguration:
      Did not match:
         - @ConditionalOnClass did not find required classes 'kotlinx.serialization.Serializable', 'kotlinx.serialization.json.Json' (OnClassCondition)

   LazyConnectionDataSourceConfiguration:
      Did not match:
         - @ConditionalOnProperty (spring.datasource.connection-fetch=lazy) did not find property 'spring.datasource.connection-fetch' (OnPropertyCondition)

   MailHealthContributorAutoConfiguration:
      Did not match:
         - @ConditionalOnClass did not find required class 'org.springframework.boot.health.autoconfigure.contributor.ConditionalOnEnabledHealthIndicator' (OnClassCondition)

   MailSenderJndiConfiguration:
      Did not match:
         - @ConditionalOnProperty (spring.mail.jndi-name) did not find property 'spring.mail.jndi-name' (OnPropertyCondition)
      Matched:
         - @ConditionalOnClass found required class 'jakarta.mail.Session' (OnClassCondition)

   MailSenderValidatorAutoConfiguration:
      Did not match:
         - @ConditionalOnBooleanProperty (spring.mail.test-connection=true) did not find property 'spring.mail.test-connection' (OnPropertyCondition)

   ManagementWebSecurityAutoConfiguration:
      Did not match:
         - @ConditionalOnClass did not find required class 'org.springframework.boot.actuate.autoconfigure.endpoint.web.WebEndpointAutoConfiguration' (OnClassCondition)

   MessageSourceAutoConfiguration:
      Did not match:
         - ResourceBundle did not find bundle with basename messages (MessageSourceAutoConfiguration.ResourceBundleCondition)

   OAuth2ResourceServerWebSecurityAutoConfiguration:
      Did not match:
         - AllNestedConditions 1 matched 1 did not; NestedCondition on DefaultWebSecurityCondition.Beans @ConditionalOnMissingBean (types: org.springframework.security.web.SecurityFilterChain; SearchStrategy: all) found beans of type 'org.springframework.security.web.SecurityFilterChain' securityFilterChain; NestedCondition on DefaultWebSecurityCondition.Classes @ConditionalOnClass found required classes 'org.springframework.security.web.SecurityFilterChain', 'org.springframework.security.config.annotation.web.builders.HttpSecurity' (DefaultWebSecurityCondition)
      Matched:
         - found 'session' scope (OnWebApplicationCondition)

   OpaqueTokenIntrospectionConfiguration#opaqueTokenIntrospector:
      Did not match:
         - @ConditionalOnProperty (spring.security.oauth2.resourceserver.opaquetoken.introspection-uri) did not find property 'spring.security.oauth2.resourceserver.opaquetoken.introspection-uri' (OnPropertyCondition)

   ProjectInfoAutoConfiguration#buildProperties:
      Did not match:
         - @ConditionalOnResource did not find resource '${spring.info.build.location:classpath:META-INF/build-info.properties}' (OnResourceCondition)

   ProjectInfoAutoConfiguration#gitProperties:
      Did not match:
         - GitResource did not find git info at classpath:git.properties (ProjectInfoAutoConfiguration.GitResourceAvailableCondition)

   RSocketSecurityAutoConfiguration:
      Did not match:
         - @ConditionalOnClass did not find required class 'org.springframework.boot.rsocket.server.RSocketServerCustomizer' (OnClassCondition)

   ReactiveManagementWebSecurityAutoConfiguration:
      Did not match:
         - @ConditionalOnClass did not find required class 'org.springframework.boot.actuate.autoconfigure.endpoint.web.WebEndpointAutoConfiguration' (OnClassCondition)

   ReactiveOAuth2ResourceServerAutoConfiguration:
      Did not match:
         - @ConditionalOnClass did not find required class 'reactor.core.publisher.Mono' (OnClassCondition)

   ReactiveOAuth2ResourceServerWebSecurityAutoConfiguration:
      Did not match:
         - @ConditionalOnWebApplication did not find reactive web application classes (OnWebApplicationCondition)

   ReactiveUserDetailsServiceAutoConfiguration:
      Did not match:
         - AnyNestedCondition 0 matched 3 did not; NestedCondition on MissingAlternativeUserDetailsManagerOrUserPropertiesConfigured.PasswordConfigured @ConditionalOnProperty (spring.security.user.password) did not find property 'spring.security.user.password'; NestedCondition on MissingAlternativeUserDetailsManagerOrUserPropertiesConfigured.NameConfigured @ConditionalOnProperty (spring.security.user.name) did not find property 'spring.security.user.name'; NestedCondition on MissingAlternativeUserDetailsManagerOrUserPropertiesConfigured.MissingAlternative @ConditionalOnMissingClass found unwanted class 'org.springframework.security.oauth2.server.resource.introspection.OpaqueTokenIntrospector' (MissingAlternativeUserDetailsManagerOrUserPropertiesConfigured)
      Matched:
         - @ConditionalOnClass found required class 'org.springframework.security.authentication.ReactiveAuthenticationManager' (OnClassCondition)

   ReactiveWebSecurityAutoConfiguration:
      Did not match:
         - @ConditionalOnClass did not find required class 'reactor.core.publisher.Flux' (OnClassCondition)

   SecurityAutoConfiguration.SecurityDataConfiguration:
      Did not match:
         - @ConditionalOnClass did not find required class 'org.springframework.security.data.repository.query.SecurityEvaluationContextExtension' (OnClassCondition)

   ServletHttpExchangesAutoConfiguration:
      Did not match:
         - @ConditionalOnBean did not find required type 'org.springframework.boot.actuate.web.exchanges.HttpExchangeRepository' (OnBeanCondition)

   ServletManagementContextAutoConfiguration:
      Did not match:
         - @ConditionalOnClass did not find required class 'org.springframework.boot.actuate.autoconfigure.endpoint.web.WebEndpointProperties' (OnClassCondition)

   ServletMappingsAutoConfiguration:
      Did not match:
         - @ConditionalOnClass did not find required class 'org.springframework.boot.actuate.autoconfigure.endpoint.condition.ConditionalOnAvailableEndpoint' (OnClassCondition)

   ServletWebSecurityAutoConfiguration.SecurityFilterChainConfiguration:
      Did not match:
         - AllNestedConditions 1 matched 1 did not; NestedCondition on DefaultWebSecurityCondition.Beans @ConditionalOnMissingBean (types: org.springframework.security.web.SecurityFilterChain; SearchStrategy: all) found beans of type 'org.springframework.security.web.SecurityFilterChain' securityFilterChain; NestedCondition on DefaultWebSecurityCondition.Classes @ConditionalOnClass found required classes 'org.springframework.security.web.SecurityFilterChain', 'org.springframework.security.config.annotation.web.builders.HttpSecurity' (DefaultWebSecurityCondition)

   SpringApplicationAdminJmxAutoConfiguration:
      Did not match:
         - @ConditionalOnBooleanProperty (spring.application.admin.enabled=true) did not find property 'spring.application.admin.enabled' (OnPropertyCondition)

   TaskExecutorConfigurations.AsyncConfigurerWrapperConfiguration:
      Did not match:
         - @ConditionalOnBean (types: org.springframework.scheduling.annotation.AsyncConfigurer; SearchStrategy: all) did not find any beans of type org.springframework.scheduling.annotation.AsyncConfigurer (OnBeanCondition)

   TaskExecutorConfigurations.SimpleAsyncTaskExecutorBuilderConfiguration#simpleAsyncTaskExecutorBuilderVirtualThreads:
      Did not match:
         - @ConditionalOnMissingBean (types: org.springframework.boot.task.SimpleAsyncTaskExecutorBuilder; SearchStrategy: all) found beans of type 'org.springframework.boot.task.SimpleAsyncTaskExecutorBuilder' simpleAsyncTaskExecutorBuilder (OnBeanCondition)

   TaskExecutorConfigurations.TaskExecutorConfiguration#applicationTaskExecutorVirtualThreads:
      Did not match:
         - @ConditionalOnThreading did not find VIRTUAL (OnThreadingCondition)

   TaskExecutorConfigurations.TaskExecutorContextPropagationConfiguration:
      Did not match:
         - @ConditionalOnClass did not find required class 'io.micrometer.context.ContextSnapshot' (OnClassCondition)

   TaskSchedulingConfigurations.SimpleAsyncTaskSchedulerBuilderConfiguration#simpleAsyncTaskSchedulerBuilderVirtualThreads:
      Did not match:
         - @ConditionalOnMissingBean (types: org.springframework.boot.task.SimpleAsyncTaskSchedulerBuilder; SearchStrategy: all) found beans of type 'org.springframework.boot.task.SimpleAsyncTaskSchedulerBuilder' simpleAsyncTaskSchedulerBuilder (OnBeanCondition)

   TomcatMetricsAutoConfiguration:
      Did not match:
         - @ConditionalOnClass did not find required class 'io.micrometer.core.instrument.binder.tomcat.TomcatMetrics' (OnClassCondition)

   TomcatReactiveManagementContextAutoConfiguration:
      Did not match:
         - @ConditionalOnClass did not find required class 'org.springframework.boot.actuate.autoconfigure.web.server.ManagementContextFactory' (OnClassCondition)

   TomcatReactiveWebServerAutoConfiguration:
      Did not match:
         - @ConditionalOnWebApplication did not find reactive web application classes (OnWebApplicationCondition)

   TomcatServletManagementContextAutoConfiguration:
      Did not match:
         - @ConditionalOnClass did not find required class 'org.springframework.boot.actuate.autoconfigure.web.server.ManagementContextFactory' (OnClassCondition)

   TomcatWebServerConfiguration#tomcatVirtualThreadsProtocolHandlerCustomizer:
      Did not match:
         - @ConditionalOnThreading did not find VIRTUAL (OnThreadingCondition)

   TransactionAutoConfiguration#transactionalOperator:
      Did not match:
         - @ConditionalOnSingleCandidate (types: org.springframework.transaction.ReactiveTransactionManager; SearchStrategy: all) did not find any beans (OnBeanCondition)

   TransactionAutoConfiguration.AspectJTransactionManagementConfiguration:
      Did not match:
         - @ConditionalOnBean (types: org.springframework.transaction.aspectj.AbstractTransactionAspect; SearchStrategy: all) did not find any beans of type org.springframework.transaction.aspectj.AbstractTransactionAspect (OnBeanCondition)

   TransactionAutoConfiguration.EnableTransactionManagementConfiguration.JdkDynamicAutoProxyConfiguration:
      Did not match:
         - @ConditionalOnBooleanProperty (spring.aop.proxy-target-class=false) did not find property 'spring.aop.proxy-target-class' (OnPropertyCondition)

   UserDetailsServiceAutoConfiguration:
      Did not match:
         - AnyNestedCondition 0 matched 3 did not; NestedCondition on MissingAlternativeUserDetailsManagerOrUserPropertiesConfigured.PasswordConfigured @ConditionalOnProperty (spring.security.user.password) did not find property 'spring.security.user.password'; NestedCondition on MissingAlternativeUserDetailsManagerOrUserPropertiesConfigured.NameConfigured @ConditionalOnProperty (spring.security.user.name) did not find property 'spring.security.user.name'; NestedCondition on MissingAlternativeUserDetailsManagerOrUserPropertiesConfigured.MissingAlternative @ConditionalOnMissingClass found unwanted class 'org.springframework.security.oauth2.server.resource.introspection.OpaqueTokenIntrospector' (MissingAlternativeUserDetailsManagerOrUserPropertiesConfigured)
      Matched:
         - @ConditionalOnClass found required class 'org.springframework.security.authentication.AuthenticationManager' (OnClassCondition)
         - found 'session' scope (OnWebApplicationCondition)

   WebMvcAutoConfiguration#hiddenHttpMethodFilter:
      Did not match:
         - @ConditionalOnBooleanProperty (spring.mvc.hiddenmethod.filter.enabled=true) did not find property 'spring.mvc.hiddenmethod.filter.enabled' (OnPropertyCondition)

   WebMvcAutoConfiguration.ProblemDetailsErrorHandlingConfiguration:
      Did not match:
         - @ConditionalOnBooleanProperty (spring.mvc.problemdetails.enabled=true) did not find property 'spring.mvc.problemdetails.enabled' (OnPropertyCondition)

   WebMvcAutoConfiguration.ResourceChainCustomizerConfiguration:
      Did not match:
         - @ConditionalOnEnabledResourceChain did not find class org.webjars.WebJarVersionLocator (OnEnabledResourceChainCondition)

   WebMvcAutoConfiguration.WebMvcAutoConfigurationAdapter#beanNameViewResolver:
      Did not match:
         - @ConditionalOnMissingBean (types: org.springframework.web.servlet.view.BeanNameViewResolver; SearchStrategy: all) found beans of type 'org.springframework.web.servlet.view.BeanNameViewResolver' beanNameViewResolver (OnBeanCondition)

   WebMvcHealthEndpointExtensionAutoConfiguration:
      Did not match:
         - @ConditionalOnClass did not find required class 'org.springframework.boot.health.actuate.endpoint.HealthEndpoint' (OnClassCondition)

   WebMvcMappingsAutoConfiguration:
      Did not match:
         - @ConditionalOnClass did not find required class 'org.springframework.boot.actuate.autoconfigure.endpoint.condition.ConditionalOnAvailableEndpoint' (OnClassCondition)

   WebMvcObservationAutoConfiguration:
      Did not match:
         - @ConditionalOnClass did not find required class 'org.springframework.boot.micrometer.observation.autoconfigure.ObservationProperties' (OnClassCondition)

   XADataSourceAutoConfiguration:
      Did not match:
         - @ConditionalOnBean (types: org.springframework.boot.jdbc.XADataSourceWrapper; SearchStrategy: all) did not find any beans of type org.springframework.boot.jdbc.XADataSourceWrapper (OnBeanCondition)
      Matched:
         - @ConditionalOnClass found required classes 'javax.sql.DataSource', 'jakarta.transaction.TransactionManager', 'org.springframework.jdbc.datasource.embedded.EmbeddedDatabaseType' (OnClassCondition)


Exclusions:
-----------

    None


Unconditional classes:
----------------------

    org.springframework.boot.autoconfigure.context.ConfigurationPropertiesAutoConfiguration

    org.springframework.boot.autoconfigure.ssl.SslAutoConfiguration

    org.springframework.boot.autoconfigure.context.LifecycleAutoConfiguration

    org.springframework.boot.autoconfigure.context.PropertyPlaceholderAutoConfiguration

    org.springframework.boot.autoconfigure.availability.ApplicationAvailabilityAutoConfiguration

    org.springframework.boot.autoconfigure.info.ProjectInfoAutoConfiguration



2026-08-13T19:43:55.582+05:30  INFO 2600 --- [aplus-kids-api] [           main] l.a.platform.AplusKidsApiApplication     : Started AplusKidsApiApplication in 7.084 seconds (process running for 7.457)
2026-08-13T19:43:55.597+05:30 DEBUG 2600 --- [aplus-kids-api] [           main] o.s.b.a.ApplicationAvailabilityBean      : Application availability state LivenessState changed to CORRECT
2026-08-13T19:43:55.597+05:30 DEBUG 2600 --- [aplus-kids-api] [           main] o.s.b.a.ApplicationAvailabilityBean      : Application availability state ReadinessState changed to ACCEPTING_TRAFFIC
2026-08-13T19:43:55.613+05:30 DEBUG 2600 --- [aplus-kids-api] [   scheduling-1] org.hibernate.SQL                        : select kcwace1_0.id,kcwace1_0.access_token_encrypted,kcwace1_0.business_account_id,kcwace1_0.graph_api_version,kcwace1_0.last_test_message,kcwace1_0.last_test_status,kcwace1_0.last_tested_at,kcwace1_0.phone_number_id,kcwace1_0.updated_at from kids_champ_whatsapp_config kcwace1_0 where kcwace1_0.id=?
2026-08-13T19:43:56.646+05:30 DEBUG 2600 --- [aplus-kids-api] [   scheduling-1] org.hibernate.SQL                        : select kcwace1_0.id,kcwace1_0.access_token_encrypted,kcwace1_0.business_account_id,kcwace1_0.graph_api_version,kcwace1_0.last_test_message,kcwace1_0.last_test_status,kcwace1_0.last_tested_at,kcwace1_0.phone_number_id,kcwace1_0.updated_at from kids_champ_whatsapp_config kcwace1_0 where kcwace1_0.id=?
2026-08-13T19:43:57.664+05:30 DEBUG 2600 --- [aplus-kids-api] [   scheduling-1] org.hibernate.SQL                        : select kcwace1_0.id,kcwace1_0.access_token_encrypted,kcwace1_0.business_account_id,kcwace1_0.graph_api_version,kcwace1_0.last_test_message,kcwace1_0.last_test_status,kcwace1_0.last_tested_at,kcwace1_0.phone_number_id,kcwace1_0.updated_at from kids_champ_whatsapp_config kcwace1_0 where kcwace1_0.id=?
2026-08-13T19:43:58.679+05:30 DEBUG 2600 --- [aplus-kids-api] [   scheduling-1] org.hibernate.SQL                        : select kcwace1_0.id,kcwace1_0.access_token_encrypted,kcwace1_0.business_account_id,kcwace1_0.graph_api_version,kcwace1_0.last_test_message,kcwace1_0.last_test_status,kcwace1_0.last_tested_at,kcwace1_0.phone_number_id,kcwace1_0.updated_at from kids_champ_whatsapp_config kcwace1_0 where kcwace1_0.id=?
2026-08-13T19:43:59.697+05:30 DEBUG 2600 --- [aplus-kids-api] [   scheduling-1] org.hibernate.SQL                        : select kcwace1_0.id,kcwace1_0.access_token_encrypted,kcwace1_0.business_account_id,kcwace1_0.graph_api_version,kcwace1_0.last_test_message,kcwace1_0.last_test_status,kcwace1_0.last_tested_at,kcwace1_0.phone_number_id,kcwace1_0.updated_at from kids_champ_whatsapp_config kcwace1_0 where kcwace1_0.id=?
2026-08-13T19:44:00.054+05:30 DEBUG 2600 --- [aplus-kids-api] [   scheduling-1] org.hibernate.SQL                        : select ue1_0.id,ue1_0.account_holder_name,ue1_0.created_at,ue1_0.credentials_changed_at,ue1_0.deleted_at,ue1_0.email,ue1_0.email_verified_at,ue1_0.failed_login_count,ue1_0.last_login_at,ue1_0.locked_until,ue1_0.password_hash,ue1_0.phone_e164,ue1_0.phone_verified_at,ue1_0.public_id,ue1_0.status,ue1_0.updated_at,ue1_0.version from users ue1_0
2026-08-13T19:44:00.063+05:30 DEBUG 2600 --- [aplus-kids-api] [   scheduling-1] org.hibernate.SQL                        : select r1_0.user_id,r1_1.id,r1_1.created_at,r1_1.description,r1_1.name from user_roles r1_0 join roles r1_1 on r1_1.id=r1_0.role_id where r1_0.user_id=?
2026-08-13T19:44:00.080+05:30 DEBUG 2600 --- [aplus-kids-api] [   scheduling-1] org.hibernate.SQL                        : select r1_0.user_id,r1_1.id,r1_1.created_at,r1_1.description,r1_1.name from user_roles r1_0 join roles r1_1 on r1_1.id=r1_0.role_id where r1_0.user_id=?
2026-08-13T19:44:00.082+05:30 DEBUG 2600 --- [aplus-kids-api] [   scheduling-1] org.hibernate.SQL                        : select r1_0.user_id,r1_1.id,r1_1.created_at,r1_1.description,r1_1.name from user_roles r1_0 join roles r1_1 on r1_1.id=r1_0.role_id where r1_0.user_id=?
2026-08-13T19:44:00.082+05:30 DEBUG 2600 --- [aplus-kids-api] [   scheduling-1] org.hibernate.SQL                        : select r1_0.user_id,r1_1.id,r1_1.created_at,r1_1.description,r1_1.name from user_roles r1_0 join roles r1_1 on r1_1.id=r1_0.role_id where r1_0.user_id=?
2026-08-13T19:44:00.082+05:30 DEBUG 2600 --- [aplus-kids-api] [   scheduling-1] org.hibernate.SQL                        : select r1_0.user_id,r1_1.id,r1_1.created_at,r1_1.description,r1_1.name from user_roles r1_0 join roles r1_1 on r1_1.id=r1_0.role_id where r1_0.user_id=?
2026-08-13T19:44:00.082+05:30 DEBUG 2600 --- [aplus-kids-api] [   scheduling-1] org.hibernate.SQL                        : select r1_0.user_id,r1_1.id,r1_1.created_at,r1_1.description,r1_1.name from user_roles r1_0 join roles r1_1 on r1_1.id=r1_0.role_id where r1_0.user_id=?
2026-08-13T19:44:00.112+05:30 DEBUG 2600 --- [aplus-kids-api] [         task-1] org.hibernate.SQL                        : select kcse1_0.id,kcse1_0.active_zip_started_at,kcse1_0.active_zip_target_size,kcse1_0.allowed_file_types,kcse1_0.campaign_limit,kcse1_0.categories,kcse1_0.daily_telecast_limit,kcse1_0.default_message,kcse1_0.default_telecast_time,kcse1_0.frequent_participant_threshold,kcse1_0.max_file_size_mb,kcse1_0.maximum_age,kcse1_0.minimum_age,kcse1_0.require_whatsapp_consent,kcse1_0.updated_at,kcse1_0.updated_by_user_id,kcse1_0.zip_batch_size,kcse1_0.zip_expiry_days,kcse1_0.zip_warning_days from kids_champ_settings kcse1_0 where kcse1_0.id=? for no key update of kcse1_0
2026-08-13T19:44:00.154+05:30 DEBUG 2600 --- [aplus-kids-api] [         task-1] org.hibernate.SQL                        : select kcse1_0.id,kcse1_0.age_at_submission,kcse1_0.assigned_reviewer_user_id,kcse1_0.batch_id,kcse1_0.category,kcse1_0.child_name,kcse1_0.child_profile_id,kcse1_0.consent_accepted_at,kcse1_0.country_code,kcse1_0.date_of_birth,kcse1_0.deleted_at,kcse1_0.deleted_by_user_id,kcse1_0.email,kcse1_0.file_size,kcse1_0.file_status,kcse1_0.guest_contact_id,kcse1_0.guest_participant_id,kcse1_0.hometown,kcse1_0.internal_note,kcse1_0.last_participant_merge_id,kcse1_0.media_type,kcse1_0.original_filename,kcse1_0.parent_name,kcse1_0.phone_e164,kcse1_0.photo_deleted_at,kcse1_0.previewed_at,kcse1_0.province,kcse1_0.public_id,kcse1_0.rejection_reason,kcse1_0.review_status,kcse1_0.reviewed_at,kcse1_0.reviewed_by_user_id,kcse1_0.stored_filename,kcse1_0.submitted_at,kcse1_0.telecast_status,kcse1_0.tracking_code,kcse1_0.user_id,kcse1_0.version,kcse1_0.whatsapp_consent_at,kcse1_0.work_description,kcse1_0.work_title from kids_champ_submissions kcse1_0 where kcse1_0.review_status=? and kcse1_0.batch_id is null and kcse1_0.deleted_at is null and kcse1_0.photo_deleted_at is null and kcse1_0.stored_filename is not null order by kcse1_0.submitted_at,kcse1_0.id fetch first ? rows only for no key update of kcse1_0
2026-08-13T19:44:00.713+05:30 DEBUG 2600 --- [aplus-kids-api] [   scheduling-1] org.hibernate.SQL                        : select kcwace1_0.id,kcwace1_0.access_token_encrypted,kcwace1_0.business_account_id,kcwace1_0.graph_api_version,kcwace1_0.last_test_message,kcwace1_0.last_test_status,kcwace1_0.last_tested_at,kcwace1_0.phone_number_id,kcwace1_0.updated_at from kids_champ_whatsapp_config kcwace1_0 where kcwace1_0.id=?
2026-08-13T19:44:01.730+05:30 DEBUG 2600 --- [aplus-kids-api] [   scheduling-1] org.hibernate.SQL                        : select kcwace1_0.id,kcwace1_0.access_token_encrypted,kcwace1_0.business_account_id,kcwace1_0.graph_api_version,kcwace1_0.last_test_message,kcwace1_0.last_test_status,kcwace1_0.last_tested_at,kcwace1_0.phone_number_id,kcwace1_0.updated_at from kids_champ_whatsapp_config kcwace1_0 where kcwace1_0.id=?
2026-08-13T19:44:02.747+05:30 DEBUG 2600 --- [aplus-kids-api] [   scheduling-1] org.hibernate.SQL                        : select kcwace1_0.id,kcwace1_0.access_token_encrypted,kcwace1_0.business_account_id,kcwace1_0.graph_api_version,kcwace1_0.last_test_message,kcwace1_0.last_test_status,kcwace1_0.last_tested_at,kcwace1_0.phone_number_id,kcwace1_0.updated_at from kids_champ_whatsapp_config kcwace1_0 where kcwace1_0.id=?
2026-08-13T19:44:03.765+05:30 DEBUG 2600 --- [aplus-kids-api] [   scheduling-1] org.hibernate.SQL                        : select kcwace1_0.id,kcwace1_0.access_token_encrypted,kcwace1_0.business_account_id,kcwace1_0.graph_api_version,kcwace1_0.last_test_message,kcwace1_0.last_test_status,kcwace1_0.last_tested_at,kcwace1_0.phone_number_id,kcwace1_0.updated_at from kids_champ_whatsapp_config kcwace1_0 where kcwace1_0.id=?
2026-08-13T19:44:04.780+05:30 DEBUG 2600 --- [aplus-kids-api] [   scheduling-1] org.hibernate.SQL                        : select kcwace1_0.id,kcwace1_0.access_token_encrypted,kcwace1_0.business_account_id,kcwace1_0.graph_api_version,kcwace1_0.last_test_message,kcwace1_0.last_test_status,kcwace1_0.last_tested_at,kcwace1_0.phone_number_id,kcwace1_0.updated_at from kids_champ_whatsapp_config kcwace1_0 where kcwace1_0.id=?
2026-08-13T19:44:05.797+05:30 DEBUG 2600 --- [aplus-kids-api] [   scheduling-1] org.hibernate.SQL                        : select kcwace1_0.id,kcwace1_0.access_token_encrypted,kcwace1_0.business_account_id,kcwace1_0.graph_api_version,kcwace1_0.last_test_message,kcwace1_0.last_test_status,kcwace1_0.last_tested_at,kcwace1_0.phone_number_id,kcwace1_0.updated_at from kids_champ_whatsapp_config kcwace1_0 where kcwace1_0.id=?
2026-08-13T19:44:06.814+05:30 DEBUG 2600 --- [aplus-kids-api] [   scheduling-1] org.hibernate.SQL                        : select kcwace1_0.id,kcwace1_0.access_token_encrypted,kcwace1_0.business_account_id,kcwace1_0.graph_api_version,kcwace1_0.last_test_message,kcwace1_0.last_test_status,kcwace1_0.last_tested_at,kcwace1_0.phone_number_id,kcwace1_0.updated_at from kids_champ_whatsapp_config kcwace1_0 where kcwace1_0.id=?
2026-08-13T19:44:07.830+05:30 DEBUG 2600 --- [aplus-kids-api] [   scheduling-1] org.hibernate.SQL                        : select kcwace1_0.id,kcwace1_0.access_token_encrypted,kcwace1_0.business_account_id,kcwace1_0.graph_api_version,kcwace1_0.last_test_message,kcwace1_0.last_test_status,kcwace1_0.last_tested_at,kcwace1_0.phone_number_id,kcwace1_0.updated_at from kids_champ_whatsapp_config kcwace1_0 where kcwace1_0.id=?
2026-08-13T19:44:08.846+05:30 DEBUG 2600 --- [aplus-kids-api] [   scheduling-1] org.hibernate.SQL                        : select kcwace1_0.id,kcwace1_0.access_token_encrypted,kcwace1_0.business_account_id,kcwace1_0.graph_api_version,kcwace1_0.last_test_message,kcwace1_0.last_test_status,kcwace1_0.last_tested_at,kcwace1_0.phone_number_id,kcwace1_0.updated_at from kids_champ_whatsapp_config kcwace1_0 where kcwace1_0.id=?
2026-08-13T19:44:09.863+05:30 DEBUG 2600 --- [aplus-kids-api] [   scheduling-1] org.hibernate.SQL                        : select kcwace1_0.id,kcwace1_0.access_token_encrypted,kcwace1_0.business_account_id,kcwace1_0.graph_api_version,kcwace1_0.last_test_message,kcwace1_0.last_test_status,kcwace1_0.last_tested_at,kcwace1_0.phone_number_id,kcwace1_0.updated_at from kids_champ_whatsapp_config kcwace1_0 where kcwace1_0.id=?
2026-08-13T19:44:10.881+05:30 DEBUG 2600 --- [aplus-kids-api] [   scheduling-1] org.hibernate.SQL                        : select kcwace1_0.id,kcwace1_0.access_token_encrypted,kcwace1_0.business_account_id,kcwace1_0.graph_api_version,kcwace1_0.last_test_message,kcwace1_0.last_test_status,kcwace1_0.last_tested_at,kcwace1_0.phone_number_id,kcwace1_0.updated_at from kids_champ_whatsapp_config kcwace1_0 where kcwace1_0.id=?
2026-08-13T19:44:11.796+05:30  INFO 2600 --- [aplus-kids-api] [nio-8081-exec-1] o.a.c.c.C.[Tomcat].[localhost].[/]       : Initializing Spring DispatcherServlet 'dispatcherServlet'
2026-08-13T19:44:11.796+05:30  INFO 2600 --- [aplus-kids-api] [nio-8081-exec-1] o.s.web.servlet.DispatcherServlet        : Initializing Servlet 'dispatcherServlet'
2026-08-13T19:44:11.796+05:30 DEBUG 2600 --- [aplus-kids-api] [nio-8081-exec-1] o.s.web.servlet.DispatcherServlet        : Detected StandardServletMultipartResolver
2026-08-13T19:44:11.796+05:30 DEBUG 2600 --- [aplus-kids-api] [nio-8081-exec-1] o.s.web.servlet.DispatcherServlet        : Detected AcceptHeaderLocaleResolver
2026-08-13T19:44:11.796+05:30 DEBUG 2600 --- [aplus-kids-api] [nio-8081-exec-1] o.s.web.servlet.DispatcherServlet        : Detected org.springframework.web.servlet.view.DefaultRequestToViewNameTranslator@266b1bd9
2026-08-13T19:44:11.796+05:30 DEBUG 2600 --- [aplus-kids-api] [nio-8081-exec-1] o.s.web.servlet.DispatcherServlet        : Detected org.springframework.web.servlet.support.SessionFlashMapManager@35e817e9
2026-08-13T19:44:11.796+05:30 DEBUG 2600 --- [aplus-kids-api] [nio-8081-exec-1] o.s.web.servlet.DispatcherServlet        : enableLoggingRequestDetails='false': request parameters and headers will be masked to prevent unsafe logging of potentially sensitive data
2026-08-13T19:44:11.796+05:30  INFO 2600 --- [aplus-kids-api] [nio-8081-exec-1] o.s.web.servlet.DispatcherServlet        : Completed initialization in 0 ms
2026-08-13T19:44:11.813+05:30 DEBUG 2600 --- [aplus-kids-api] [nio-8081-exec-1] o.s.web.servlet.DispatcherServlet        : POST "/api/v1/admin-invitations/resend", parameters={}
2026-08-13T19:44:11.821+05:30 DEBUG 2600 --- [aplus-kids-api] [nio-8081-exec-1] s.w.s.m.m.a.RequestMappingHandlerMapping : Mapped to lk.apluskids.platform.adminmanagement.AdministratorManagementController#resend(ResendInvitationRequest)
2026-08-13T19:44:11.846+05:30 DEBUG 2600 --- [aplus-kids-api] [nio-8081-exec-1] m.m.a.RequestResponseBodyMethodProcessor : Read "application/json;charset=UTF-8" to [ResendInvitationRequest[email=kawshal43@gmail.com]]
2026-08-13T19:44:11.896+05:30 DEBUG 2600 --- [aplus-kids-api] [   scheduling-1] org.hibernate.SQL                        : select kcwace1_0.id,kcwace1_0.access_token_encrypted,kcwace1_0.business_account_id,kcwace1_0.graph_api_version,kcwace1_0.last_test_message,kcwace1_0.last_test_status,kcwace1_0.last_tested_at,kcwace1_0.phone_number_id,kcwace1_0.updated_at from kids_champ_whatsapp_config kcwace1_0 where kcwace1_0.id=?
2026-08-13T19:44:11.897+05:30 DEBUG 2600 --- [aplus-kids-api] [nio-8081-exec-1] org.hibernate.SQL                        : select ame1_0.id,ame1_0.activated_at,ame1_0.cancelled_at,ame1_0.cancelled_by_user_id,ame1_0.invite_reason,ame1_0.invited_at,ame1_0.invited_by_user_id,ame1_0.public_id,ame1_0.role,ame1_0.status,ame1_0.suspended_at,ame1_0.suspended_by_user_id,ame1_0.suspension_reason,ame1_0.updated_at,ame1_0.user_id,u1_0.id,u1_0.account_holder_name,u1_0.created_at,u1_0.credentials_changed_at,u1_0.deleted_at,u1_0.email,u1_0.email_verified_at,u1_0.failed_login_count,u1_0.last_login_at,u1_0.locked_until,u1_0.password_hash,u1_0.phone_e164,u1_0.phone_verified_at,u1_0.public_id,u1_0.status,u1_0.updated_at,u1_0.version,ame1_0.verification_failed_attempts,ame1_0.verification_locked_until,ame1_0.version from administrator_memberships ame1_0 join users u1_0 on u1_0.id=ame1_0.user_id where lower(u1_0.email)=lower(?) for no key update of ame1_0
2026-08-13T19:44:11.912+05:30 DEBUG 2600 --- [aplus-kids-api] [nio-8081-exec-1] org.hibernate.SQL                        : select r1_0.user_id,r1_1.id,r1_1.created_at,r1_1.description,r1_1.name from user_roles r1_0 join roles r1_1 on r1_1.id=r1_0.role_id where r1_0.user_id=?
2026-08-13T19:44:11.921+05:30 DEBUG 2600 --- [aplus-kids-api] [nio-8081-exec-1] org.hibernate.SQL                        : select evte1_0.id,evte1_0.consumed_at,evte1_0.created_at,evte1_0.expires_at,evte1_0.issued_at,evte1_0.public_id,evte1_0.revoked_at,evte1_0.token_hash,evte1_0.user_id from email_verification_tokens evte1_0 where evte1_0.user_id=? order by evte1_0.issued_at desc fetch first ? rows only
2026-08-13T19:44:11.930+05:30 DEBUG 2600 --- [aplus-kids-api] [nio-8081-exec-1] org.hibernate.SQL                        : select evte1_0.id,evte1_0.consumed_at,evte1_0.created_at,evte1_0.expires_at,evte1_0.issued_at,evte1_0.public_id,evte1_0.revoked_at,evte1_0.token_hash,evte1_0.user_id from email_verification_tokens evte1_0 where evte1_0.user_id=? and evte1_0.consumed_at is null and evte1_0.revoked_at is null
2026-08-13T19:44:11.946+05:30 DEBUG 2600 --- [aplus-kids-api] [nio-8081-exec-1] org.hibernate.SQL                        : update email_verification_tokens set consumed_at=?,expires_at=?,issued_at=?,revoked_at=?,token_hash=?,user_id=? where id=?
2026-08-13T19:44:11.954+05:30 DEBUG 2600 --- [aplus-kids-api] [nio-8081-exec-1] org.hibernate.SQL                        : select evte1_0.id from email_verification_tokens evte1_0 where evte1_0.token_hash=? fetch first ? rows only
2026-08-13T19:44:11.963+05:30 DEBUG 2600 --- [aplus-kids-api] [nio-8081-exec-1] org.hibernate.SQL                        : insert into email_verification_tokens (consumed_at,expires_at,issued_at,public_id,revoked_at,token_hash,user_id) values (?,?,?,?,?,?,?)
2026-08-13T19:44:12.913+05:30 DEBUG 2600 --- [aplus-kids-api] [   scheduling-1] org.hibernate.SQL                        : select kcwace1_0.id,kcwace1_0.access_token_encrypted,kcwace1_0.business_account_id,kcwace1_0.graph_api_version,kcwace1_0.last_test_message,kcwace1_0.last_test_status,kcwace1_0.last_tested_at,kcwace1_0.phone_number_id,kcwace1_0.updated_at from kids_champ_whatsapp_config kcwace1_0 where kcwace1_0.id=?
2026-08-13T19:44:13.930+05:30 DEBUG 2600 --- [aplus-kids-api] [   scheduling-1] org.hibernate.SQL                        : select kcwace1_0.id,kcwace1_0.access_token_encrypted,kcwace1_0.business_account_id,kcwace1_0.graph_api_version,kcwace1_0.last_test_message,kcwace1_0.last_test_status,kcwace1_0.last_tested_at,kcwace1_0.phone_number_id,kcwace1_0.updated_at from kids_champ_whatsapp_config kcwace1_0 where kcwace1_0.id=?
2026-08-13T19:44:14.947+05:30 DEBUG 2600 --- [aplus-kids-api] [   scheduling-1] org.hibernate.SQL                        : select kcwace1_0.id,kcwace1_0.access_token_encrypted,kcwace1_0.business_account_id,kcwace1_0.graph_api_version,kcwace1_0.last_test_message,kcwace1_0.last_test_status,kcwace1_0.last_tested_at,kcwace1_0.phone_number_id,kcwace1_0.updated_at from kids_champ_whatsapp_config kcwace1_0 where kcwace1_0.id=?
2026-08-13T19:44:15.964+05:30 DEBUG 2600 --- [aplus-kids-api] [   scheduling-1] org.hibernate.SQL                        : select kcwace1_0.id,kcwace1_0.access_token_encrypted,kcwace1_0.business_account_id,kcwace1_0.graph_api_version,kcwace1_0.last_test_message,kcwace1_0.last_test_status,kcwace1_0.last_tested_at,kcwace1_0.phone_number_id,kcwace1_0.updated_at from kids_champ_whatsapp_config kcwace1_0 where kcwace1_0.id=?
2026-08-13T19:44:16.981+05:30 DEBUG 2600 --- [aplus-kids-api] [   scheduling-1] org.hibernate.SQL                        : select kcwace1_0.id,kcwace1_0.access_token_encrypted,kcwace1_0.business_account_id,kcwace1_0.graph_api_version,kcwace1_0.last_test_message,kcwace1_0.last_test_status,kcwace1_0.last_tested_at,kcwace1_0.phone_number_id,kcwace1_0.updated_at from kids_champ_whatsapp_config kcwace1_0 where kcwace1_0.id=?
2026-08-13T19:44:17.047+05:30 DEBUG 2600 --- [aplus-kids-api] [nio-8081-exec-1] m.m.a.RequestResponseBodyMethodProcessor : Using 'application/json', given [*/*] and supported [application/json, application/*+json]
2026-08-13T19:44:17.047+05:30 DEBUG 2600 --- [aplus-kids-api] [nio-8081-exec-1] m.m.a.RequestResponseBodyMethodProcessor : Writing [{message=If the invitation is pending, a new code has been sent.}]
2026-08-13T19:44:17.063+05:30 DEBUG 2600 --- [aplus-kids-api] [nio-8081-exec-1] o.s.web.servlet.DispatcherServlet        : Completed 200 OK
2026-08-13T19:44:17.997+05:30 DEBUG 2600 --- [aplus-kids-api] [   scheduling-1] org.hibernate.SQL                        : select kcwace1_0.id,kcwace1_0.access_token_encrypted,kcwace1_0.business_account_id,kcwace1_0.graph_api_version,kcwace1_0.last_test_message,kcwace1_0.last_test_status,kcwace1_0.last_tested_at,kcwace1_0.phone_number_id,kcwace1_0.updated_at from kids_champ_whatsapp_config kcwace1_0 where kcwace1_0.id=?
2026-08-13T19:44:19.014+05:30 DEBUG 2600 --- [aplus-kids-api] [   scheduling-1] org.hibernate.SQL                        : select kcwace1_0.id,kcwace1_0.access_token_encrypted,kcwace1_0.business_account_id,kcwace1_0.graph_api_version,kcwace1_0.last_test_message,kcwace1_0.last_test_status,kcwace1_0.last_tested_at,kcwace1_0.phone_number_id,kcwace1_0.updated_at from kids_champ_whatsapp_config kcwace1_0 where kcwace1_0.id=?
2026-08-13T19:44:20.030+05:30 DEBUG 2600 --- [aplus-kids-api] [   scheduling-1] org.hibernate.SQL                        : select kcwace1_0.id,kcwace1_0.access_token_encrypted,kcwace1_0.business_account_id,kcwace1_0.graph_api_version,kcwace1_0.last_test_message,kcwace1_0.last_test_status,kcwace1_0.last_tested_at,kcwace1_0.phone_number_id,kcwace1_0.updated_at from kids_champ_whatsapp_config kcwace1_0 where kcwace1_0.id=?
2026-08-13T19:44:21.046+05:30 DEBUG 2600 --- [aplus-kids-api] [   scheduling-1] org.hibernate.SQL                        : select kcwace1_0.id,kcwace1_0.access_token_encrypted,kcwace1_0.business_account_id,kcwace1_0.graph_api_version,kcwace1_0.last_test_message,kcwace1_0.last_test_status,kcwace1_0.last_tested_at,kcwace1_0.phone_number_id,kcwace1_0.updated_at from kids_champ_whatsapp_config kcwace1_0 where kcwace1_0.id=?
2026-08-13T19:44:22.062+05:30 DEBUG 2600 --- [aplus-kids-api] [   scheduling-1] org.hibernate.SQL                        : select kcwace1_0.id,kcwace1_0.access_token_encrypted,kcwace1_0.business_account_id,kcwace1_0.graph_api_version,kcwace1_0.last_test_message,kcwace1_0.last_test_status,kcwace1_0.last_tested_at,kcwace1_0.phone_number_id,kcwace1_0.updated_at from kids_champ_whatsapp_config kcwace1_0 where kcwace1_0.id=?
2026-08-13T19:44:23.078+05:30 DEBUG 2600 --- [aplus-kids-api] [   scheduling-1] org.hibernate.SQL                        : select kcwace1_0.id,kcwace1_0.access_token_encrypted,kcwace1_0.business_account_id,kcwace1_0.graph_api_version,kcwace1_0.last_test_message,kcwace1_0.last_test_status,kcwace1_0.last_tested_at,kcwace1_0.phone_number_id,kcwace1_0.updated_at from kids_champ_whatsapp_config kcwace1_0 where kcwace1_0.id=?
2026-08-13T19:44:24.095+05:30 DEBUG 2600 --- [aplus-kids-api] [   scheduling-1] org.hibernate.SQL                        : select kcwace1_0.id,kcwace1_0.access_token_encrypted,kcwace1_0.business_account_id,kcwace1_0.graph_api_version,kcwace1_0.last_test_message,kcwace1_0.last_test_status,kcwace1_0.last_tested_at,kcwace1_0.phone_number_id,kcwace1_0.updated_at from kids_champ_whatsapp_config kcwace1_0 where kcwace1_0.id=?
2026-08-13T19:44:25.114+05:30 DEBUG 2600 --- [aplus-kids-api] [   scheduling-1] org.hibernate.SQL                        : select kcwace1_0.id,kcwace1_0.access_token_encrypted,kcwace1_0.business_account_id,kcwace1_0.graph_api_version,kcwace1_0.last_test_message,kcwace1_0.last_test_status,kcwace1_0.last_tested_at,kcwace1_0.phone_number_id,kcwace1_0.updated_at from kids_champ_whatsapp_config kcwace1_0 where kcwace1_0.id=?
2026-08-13T19:44:26.130+05:30 DEBUG 2600 --- [aplus-kids-api] [   scheduling-1] org.hibernate.SQL                        : select kcwace1_0.id,kcwace1_0.access_token_encrypted,kcwace1_0.business_account_id,kcwace1_0.graph_api_version,kcwace1_0.last_test_message,kcwace1_0.last_test_status,kcwace1_0.last_tested_at,kcwace1_0.phone_number_id,kcwace1_0.updated_at from kids_champ_whatsapp_config kcwace1_0 where kcwace1_0.id=?
2026-08-13T19:44:27.146+05:30 DEBUG 2600 --- [aplus-kids-api] [   scheduling-1] org.hibernate.SQL                        : select kcwace1_0.id,kcwace1_0.access_token_encrypted,kcwace1_0.business_account_id,kcwace1_0.graph_api_version,kcwace1_0.last_test_message,kcwace1_0.last_test_status,kcwace1_0.last_tested_at,kcwace1_0.phone_number_id,kcwace1_0.updated_at from kids_champ_whatsapp_config kcwace1_0 where kcwace1_0.id=?
2026-08-13T19:44:28.150+05:30 DEBUG 2600 --- [aplus-kids-api] [   scheduling-1] org.hibernate.SQL                        : select kcwace1_0.id,kcwace1_0.access_token_encrypted,kcwace1_0.business_account_id,kcwace1_0.graph_api_version,kcwace1_0.last_test_message,kcwace1_0.last_test_status,kcwace1_0.last_tested_at,kcwace1_0.phone_number_id,kcwace1_0.updated_at from kids_champ_whatsapp_config kcwace1_0 where kcwace1_0.id=?
2026-08-13T19:44:29.158+05:30 DEBUG 2600 --- [aplus-kids-api] [   scheduling-1] org.hibernate.SQL                        : select kcwace1_0.id,kcwace1_0.access_token_encrypted,kcwace1_0.business_account_id,kcwace1_0.graph_api_version,kcwace1_0.last_test_message,kcwace1_0.last_test_status,kcwace1_0.last_tested_at,kcwace1_0.phone_number_id,kcwace1_0.updated_at from kids_champ_whatsapp_config kcwace1_0 where kcwace1_0.id=?
2026-08-13T19:44:30.163+05:30 DEBUG 2600 --- [aplus-kids-api] [   scheduling-1] org.hibernate.SQL                        : select kcwace1_0.id,kcwace1_0.access_token_encrypted,kcwace1_0.business_account_id,kcwace1_0.graph_api_version,kcwace1_0.last_test_message,kcwace1_0.last_test_status,kcwace1_0.last_tested_at,kcwace1_0.phone_number_id,kcwace1_0.updated_at from kids_champ_whatsapp_config kcwace1_0 where kcwace1_0.id=?
2026-08-13T19:44:31.179+05:30 DEBUG 2600 --- [aplus-kids-api] [   scheduling-1] org.hibernate.SQL                        : select kcwace1_0.id,kcwace1_0.access_token_encrypted,kcwace1_0.business_account_id,kcwace1_0.graph_api_version,kcwace1_0.last_test_message,kcwace1_0.last_test_status,kcwace1_0.last_tested_at,kcwace1_0.phone_number_id,kcwace1_0.updated_at from kids_champ_whatsapp_config kcwace1_0 where kcwace1_0.id=?
2026-08-13T19:44:32.196+05:30 DEBUG 2600 --- [aplus-kids-api] [   scheduling-1] org.hibernate.SQL                        : select kcwace1_0.id,kcwace1_0.access_token_encrypted,kcwace1_0.business_account_id,kcwace1_0.graph_api_version,kcwace1_0.last_test_message,kcwace1_0.last_test_status,kcwace1_0.last_tested_at,kcwace1_0.phone_number_id,kcwace1_0.updated_at from kids_champ_whatsapp_config kcwace1_0 where kcwace1_0.id=?
2026-08-13T19:44:33.213+05:30 DEBUG 2600 --- [aplus-kids-api] [   scheduling-1] org.hibernate.SQL                        : select kcwace1_0.id,kcwace1_0.access_token_encrypted,kcwace1_0.business_account_id,kcwace1_0.graph_api_version,kcwace1_0.last_test_message,kcwace1_0.last_test_status,kcwace1_0.last_tested_at,kcwace1_0.phone_number_id,kcwace1_0.updated_at from kids_champ_whatsapp_config kcwace1_0 where kcwace1_0.id=?
2026-08-13T19:44:34.229+05:30 DEBUG 2600 --- [aplus-kids-api] [   scheduling-1] org.hibernate.SQL                        : select kcwace1_0.id,kcwace1_0.access_token_encrypted,kcwace1_0.business_account_id,kcwace1_0.graph_api_version,kcwace1_0.last_test_message,kcwace1_0.last_test_status,kcwace1_0.last_tested_at,kcwace1_0.phone_number_id,kcwace1_0.updated_at from kids_champ_whatsapp_config kcwace1_0 where kcwace1_0.id=?
2026-08-13T19:44:35.246+05:30 DEBUG 2600 --- [aplus-kids-api] [   scheduling-1] org.hibernate.SQL                        : select kcwace1_0.id,kcwace1_0.access_token_encrypted,kcwace1_0.business_account_id,kcwace1_0.graph_api_version,kcwace1_0.last_test_message,kcwace1_0.last_test_status,kcwace1_0.last_tested_at,kcwace1_0.phone_number_id,kcwace1_0.updated_at from kids_champ_whatsapp_config kcwace1_0 where kcwace1_0.id=?
2026-08-13T19:44:36.262+05:30 DEBUG 2600 --- [aplus-kids-api] [   scheduling-1] org.hibernate.SQL                        : select kcwace1_0.id,kcwace1_0.access_token_encrypted,kcwace1_0.business_account_id,kcwace1_0.graph_api_version,kcwace1_0.last_test_message,kcwace1_0.last_test_status,kcwace1_0.last_tested_at,kcwace1_0.phone_number_id,kcwace1_0.updated_at from kids_champ_whatsapp_config kcwace1_0 where kcwace1_0.id=?
2026-08-13T19:44:37.280+05:30 DEBUG 2600 --- [aplus-kids-api] [   scheduling-1] org.hibernate.SQL                        : select kcwace1_0.id,kcwace1_0.access_token_encrypted,kcwace1_0.business_account_id,kcwace1_0.graph_api_version,kcwace1_0.last_test_message,kcwace1_0.last_test_status,kcwace1_0.last_tested_at,kcwace1_0.phone_number_id,kcwace1_0.updated_at from kids_champ_whatsapp_config kcwace1_0 where kcwace1_0.id=?
2026-08-13T19:44:38.295+05:30 DEBUG 2600 --- [aplus-kids-api] [   scheduling-1] org.hibernate.SQL                        : select kcwace1_0.id,kcwace1_0.access_token_encrypted,kcwace1_0.business_account_id,kcwace1_0.graph_api_version,kcwace1_0.last_test_message,kcwace1_0.last_test_status,kcwace1_0.last_tested_at,kcwace1_0.phone_number_id,kcwace1_0.updated_at from kids_champ_whatsapp_config kcwace1_0 where kcwace1_0.id=?
2026-08-13T19:44:39.313+05:30 DEBUG 2600 --- [aplus-kids-api] [   scheduling-1] org.hibernate.SQL                        : select kcwace1_0.id,kcwace1_0.access_token_encrypted,kcwace1_0.business_account_id,kcwace1_0.graph_api_version,kcwace1_0.last_test_message,kcwace1_0.last_test_status,kcwace1_0.last_tested_at,kcwace1_0.phone_number_id,kcwace1_0.updated_at from kids_champ_whatsapp_config kcwace1_0 where kcwace1_0.id=?
2026-08-13T19:44:40.329+05:30 DEBUG 2600 --- [aplus-kids-api] [   scheduling-1] org.hibernate.SQL                        : select kcwace1_0.id,kcwace1_0.access_token_encrypted,kcwace1_0.business_account_id,kcwace1_0.graph_api_version,kcwace1_0.last_test_message,kcwace1_0.last_test_status,kcwace1_0.last_tested_at,kcwace1_0.phone_number_id,kcwace1_0.updated_at from kids_champ_whatsapp_config kcwace1_0 where kcwace1_0.id=?
2026-08-13T19:44:41.346+05:30 DEBUG 2600 --- [aplus-kids-api] [   scheduling-1] org.hibernate.SQL                        : select kcwace1_0.id,kcwace1_0.access_token_encrypted,kcwace1_0.business_account_id,kcwace1_0.graph_api_version,kcwace1_0.last_test_message,kcwace1_0.last_test_status,kcwace1_0.last_tested_at,kcwace1_0.phone_number_id,kcwace1_0.updated_at from kids_champ_whatsapp_config kcwace1_0 where kcwace1_0.id=?
2026-08-13T19:44:42.365+05:30 DEBUG 2600 --- [aplus-kids-api] [   scheduling-1] org.hibernate.SQL                        : select kcwace1_0.id,kcwace1_0.access_token_encrypted,kcwace1_0.business_account_id,kcwace1_0.graph_api_version,kcwace1_0.last_test_message,kcwace1_0.last_test_status,kcwace1_0.last_tested_at,kcwace1_0.phone_number_id,kcwace1_0.updated_at from kids_champ_whatsapp_config kcwace1_0 where kcwace1_0.id=?
2026-08-13T19:44:43.376+05:30 DEBUG 2600 --- [aplus-kids-api] [   scheduling-1] org.hibernate.SQL                        : select kcwace1_0.id,kcwace1_0.access_token_encrypted,kcwace1_0.business_account_id,kcwace1_0.graph_api_version,kcwace1_0.last_test_message,kcwace1_0.last_test_status,kcwace1_0.last_tested_at,kcwace1_0.phone_number_id,kcwace1_0.updated_at from kids_champ_whatsapp_config kcwace1_0 where kcwace1_0.id=?
2026-08-13T19:44:44.390+05:30 DEBUG 2600 --- [aplus-kids-api] [   scheduling-1] org.hibernate.SQL                        : select kcwace1_0.id,kcwace1_0.access_token_encrypted,kcwace1_0.business_account_id,kcwace1_0.graph_api_version,kcwace1_0.last_test_message,kcwace1_0.last_test_status,kcwace1_0.last_tested_at,kcwace1_0.phone_number_id,kcwace1_0.updated_at from kids_champ_whatsapp_config kcwace1_0 where kcwace1_0.id=?
2026-08-13T19:44:44.811+05:30 DEBUG 2600 --- [aplus-kids-api] [nio-8081-exec-3] o.s.web.servlet.DispatcherServlet        : POST "/api/v1/auth/refresh", parameters={}
2026-08-13T19:44:44.841+05:30 DEBUG 2600 --- [aplus-kids-api] [nio-8081-exec-3] s.w.s.m.m.a.RequestMappingHandlerMapping : Mapped to lk.apluskids.platform.auth.AuthController#refresh(String, HttpServletResponse)
2026-08-13T19:44:44.881+05:30 DEBUG 2600 --- [aplus-kids-api] [nio-8081-exec-3] org.hibernate.SQL                        : select rte1_0.id,rte1_0.created_at,rte1_0.expires_at,rte1_0.issued_at,rte1_0.last_used_at,rte1_0.public_id,rte1_0.remember_me,rte1_0.revocation_reason,rte1_0.revoked_at,rte1_0.token_family_id,rte1_0.token_hash,rte1_0.user_id from refresh_tokens rte1_0 where rte1_0.token_hash=?
2026-08-13T19:44:44.905+05:30 DEBUG 2600 --- [aplus-kids-api] [nio-8081-exec-3] org.hibernate.SQL                        : select ue1_0.id,ue1_0.account_holder_name,ue1_0.created_at,ue1_0.credentials_changed_at,ue1_0.deleted_at,ue1_0.email,ue1_0.email_verified_at,ue1_0.failed_login_count,ue1_0.last_login_at,ue1_0.locked_until,ue1_0.password_hash,ue1_0.phone_e164,ue1_0.phone_verified_at,ue1_0.public_id,r1_0.user_id,r1_1.id,r1_1.created_at,r1_1.description,r1_1.name,ue1_0.status,ue1_0.updated_at,ue1_0.version from users ue1_0 left join user_roles r1_0 on ue1_0.id=r1_0.user_id left join roles r1_1 on r1_1.id=r1_0.role_id where ue1_0.id=?
2026-08-13T19:44:44.938+05:30 DEBUG 2600 --- [aplus-kids-api] [nio-8081-exec-3] org.hibernate.SQL                        : insert into refresh_tokens (expires_at,issued_at,last_used_at,public_id,remember_me,revocation_reason,revoked_at,token_family_id,token_hash,user_id) values (?,?,?,?,?,?,?,?,?,?)
2026-08-13T19:44:44.954+05:30 DEBUG 2600 --- [aplus-kids-api] [nio-8081-exec-3] org.hibernate.SQL                        : update refresh_tokens set expires_at=?,issued_at=?,last_used_at=?,remember_me=?,revocation_reason=?,revoked_at=?,token_hash=?,user_id=? where id=?
2026-08-13T19:44:45.014+05:30 DEBUG 2600 --- [aplus-kids-api] [nio-8081-exec-3] m.m.a.RequestResponseBodyMethodProcessor : Using 'application/json', given [*/*] and supported [application/json, application/*+json]
2026-08-13T19:44:45.027+05:30 DEBUG 2600 --- [aplus-kids-api] [nio-8081-exec-3] m.m.a.RequestResponseBodyMethodProcessor : Writing [LoginResponse[accessToken=eyJraWQiOiJiMGlGZWZFbVU0bXRsUlBEMzFtcjhKYm9FdW9fS3NBQTZLUkgyNDdDN2gwIiwidH (truncated)...]
2026-08-13T19:44:45.073+05:30 DEBUG 2600 --- [aplus-kids-api] [nio-8081-exec-3] o.s.web.servlet.DispatcherServlet        : Completed 200 OK
2026-08-13T19:44:45.076+05:30 DEBUG 2600 --- [aplus-kids-api] [nio-8081-exec-5] o.s.web.servlet.DispatcherServlet        : GET "/api/v1/health", parameters={}
2026-08-13T19:44:45.093+05:30 DEBUG 2600 --- [aplus-kids-api] [nio-8081-exec-5] s.w.s.m.m.a.RequestMappingHandlerMapping : Mapped to lk.apluskids.platform.common.DatabaseHealthController#health()
2026-08-13T19:44:45.093+05:30 DEBUG 2600 --- [aplus-kids-api] [nio-8081-exec-5] o.s.jdbc.core.JdbcTemplate               : Executing SQL query [SELECT 1]
2026-08-13T19:44:45.093+05:30 DEBUG 2600 --- [aplus-kids-api] [nio-8081-exec-5] m.m.a.RequestResponseBodyMethodProcessor : Using 'application/json', given [*/*] and supported [application/json, application/*+json]
2026-08-13T19:44:45.107+05:30 DEBUG 2600 --- [aplus-kids-api] [nio-8081-exec-5] m.m.a.RequestResponseBodyMethodProcessor : Writing [HealthResponse[status=UP]]
2026-08-13T19:44:45.107+05:30 DEBUG 2600 --- [aplus-kids-api] [nio-8081-exec-5] o.s.web.servlet.DispatcherServlet        : Completed 200 OK
2026-08-13T19:44:45.139+05:30 DEBUG 2600 --- [aplus-kids-api] [nio-8081-exec-4] org.hibernate.SQL                        : select ue1_0.id,ue1_0.account_holder_name,ue1_0.created_at,ue1_0.credentials_changed_at,ue1_0.deleted_at,ue1_0.email,ue1_0.email_verified_at,ue1_0.failed_login_count,ue1_0.last_login_at,ue1_0.locked_until,ue1_0.password_hash,ue1_0.phone_e164,ue1_0.phone_verified_at,ue1_0.public_id,ue1_0.status,ue1_0.updated_at,ue1_0.version from users ue1_0 where ue1_0.public_id=?
2026-08-13T19:44:45.139+05:30 DEBUG 2600 --- [aplus-kids-api] [nio-8081-exec-4] org.hibernate.SQL                        : select r1_0.user_id,r1_1.id,r1_1.created_at,r1_1.description,r1_1.name from user_roles r1_0 join roles r1_1 on r1_1.id=r1_0.role_id where r1_0.user_id=?
2026-08-13T19:44:45.139+05:30 DEBUG 2600 --- [aplus-kids-api] [nio-8081-exec-4] o.s.web.servlet.DispatcherServlet        : GET "/api/v1/admin/kids-champ/overview", parameters={}
2026-08-13T19:44:45.210+05:30 DEBUG 2600 --- [aplus-kids-api] [nio-8081-exec-4] s.w.s.m.m.a.RequestMappingHandlerMapping : Mapped to lk.apluskids.platform.kidschamp.KidsChampAdminController#overview(JwtAuthenticationToken)
2026-08-13T19:44:45.272+05:30 DEBUG 2600 --- [aplus-kids-api] [nio-8081-exec-4] org.hibernate.SQL                        : select kcse1_0.id,kcse1_0.age_at_submission,kcse1_0.assigned_reviewer_user_id,kcse1_0.batch_id,kcse1_0.category,kcse1_0.child_name,cp1_0.id,cp1_0.address,cp1_0.country_code,cp1_0.created_at,cp1_0.date_of_birth,cp1_0.deleted_at,cp1_0.full_name,cp1_0.gender,cp1_0.hometown,cp1_0.province,cp1_0.public_id,cp1_0.updated_at,cp1_0.user_id,cp1_0.version,kcse1_0.consent_accepted_at,kcse1_0.country_code,kcse1_0.date_of_birth,kcse1_0.deleted_at,kcse1_0.deleted_by_user_id,kcse1_0.email,kcse1_0.file_size,kcse1_0.file_status,gc1_0.id,gc1_0.claimed_at,gc1_0.claimed_by_user_id,gc1_0.country_code,gc1_0.deleted_at,gc1_0.email,gc1_0.first_submitted_at,gc1_0.hometown,gc1_0.last_submitted_at,gc1_0.parent_name,gc1_0.phone_e164,gc1_0.province,gc1_0.public_id,gc1_0.submission_count,gp1_0.id,gp1_0.child_name,gp1_0.guest_contact_id,c1_0.id,c1_0.claimed_at,c1_0.claimed_by_user_id,c1_0.country_code,c1_0.deleted_at,c1_0.email,c1_0.first_submitted_at,c1_0.hometown,c1_0.last_submitted_at,c1_0.parent_name,c1_0.phone_e164,c1_0.province,c1_0.public_id,c1_0.submission_count,gp1_0.created_at,gp1_0.date_of_birth,gp1_0.hometown,gp1_0.merge_reason,gp1_0.merged_at,gp1_0.merged_by_user_id,gp1_0.merged_into_reference,gp1_0.merged_into_type,gp1_0.normalized_child_name,gp1_0.province,gp1_0.public_id,gp1_0.updated_at,gp1_0.version,kcse1_0.hometown,kcse1_0.internal_note,kcse1_0.last_participant_merge_id,kcse1_0.media_type,kcse1_0.original_filename,kcse1_0.parent_name,kcse1_0.phone_e164,kcse1_0.photo_deleted_at,kcse1_0.previewed_at,kcse1_0.province,kcse1_0.public_id,kcse1_0.rejection_reason,kcse1_0.review_status,kcse1_0.reviewed_at,kcse1_0.reviewed_by_user_id,kcse1_0.stored_filename,kcse1_0.submitted_at,kcse1_0.telecast_status,kcse1_0.tracking_code,u2_0.id,u2_0.account_holder_name,u2_0.created_at,u2_0.credentials_changed_at,u2_0.deleted_at,u2_0.email,u2_0.email_verified_at,u2_0.failed_login_count,u2_0.last_login_at,u2_0.locked_until,u2_0.password_hash,u2_0.phone_e164,u2_0.phone_verified_at,u2_0.public_id,u2_0.status,u2_0.updated_at,u2_0.version,kcse1_0.version,kcse1_0.whatsapp_consent_at,kcse1_0.work_description,kcse1_0.work_title from kids_champ_submissions kcse1_0 left join child_profiles cp1_0 on cp1_0.id=kcse1_0.child_profile_id left join kids_champ_guest_contacts gc1_0 on gc1_0.id=kcse1_0.guest_contact_id left join kids_champ_guest_participants gp1_0 on gp1_0.id=kcse1_0.guest_participant_id left join kids_champ_guest_contacts c1_0 on c1_0.id=gp1_0.guest_contact_id left join users u2_0 on u2_0.id=kcse1_0.user_id where kcse1_0.deleted_at is null order by kcse1_0.submitted_at desc
2026-08-13T19:44:45.411+05:30 DEBUG 2600 --- [aplus-kids-api] [nio-8081-exec-4] org.hibernate.SQL                        : select kcwape1_0.participant_reference,kcwape1_0.opted_in_at,kcwape1_0.opted_out_at,kcwape1_0.reason,kcwape1_0.source,kcwape1_0.status,kcwape1_0.updated_at,kcwape1_0.updated_by_user_id from kids_champ_whatsapp_preferences kcwape1_0
2026-08-13T19:44:45.442+05:30 DEBUG 2600 --- [aplus-kids-api] [nio-8081-exec-4] org.hibernate.SQL                        : select kcse1_0.id,kcse1_0.age_at_submission,kcse1_0.assigned_reviewer_user_id,kcse1_0.batch_id,kcse1_0.category,kcse1_0.child_name,cp1_0.id,cp1_0.address,cp1_0.country_code,cp1_0.created_at,cp1_0.date_of_birth,cp1_0.deleted_at,cp1_0.full_name,cp1_0.gender,cp1_0.hometown,cp1_0.province,cp1_0.public_id,cp1_0.updated_at,cp1_0.user_id,cp1_0.version,kcse1_0.consent_accepted_at,kcse1_0.country_code,kcse1_0.date_of_birth,kcse1_0.deleted_at,kcse1_0.deleted_by_user_id,kcse1_0.email,kcse1_0.file_size,kcse1_0.file_status,gc1_0.id,gc1_0.claimed_at,gc1_0.claimed_by_user_id,gc1_0.country_code,gc1_0.deleted_at,gc1_0.email,gc1_0.first_submitted_at,gc1_0.hometown,gc1_0.last_submitted_at,gc1_0.parent_name,gc1_0.phone_e164,gc1_0.province,gc1_0.public_id,gc1_0.submission_count,gp1_0.id,gp1_0.child_name,gp1_0.guest_contact_id,c1_0.id,c1_0.claimed_at,c1_0.claimed_by_user_id,c1_0.country_code,c1_0.deleted_at,c1_0.email,c1_0.first_submitted_at,c1_0.hometown,c1_0.last_submitted_at,c1_0.parent_name,c1_0.phone_e164,c1_0.province,c1_0.public_id,c1_0.submission_count,gp1_0.created_at,gp1_0.date_of_birth,gp1_0.hometown,gp1_0.merge_reason,gp1_0.merged_at,gp1_0.merged_by_user_id,gp1_0.merged_into_reference,gp1_0.merged_into_type,gp1_0.normalized_child_name,gp1_0.province,gp1_0.public_id,gp1_0.updated_at,gp1_0.version,kcse1_0.hometown,kcse1_0.internal_note,kcse1_0.last_participant_merge_id,kcse1_0.media_type,kcse1_0.original_filename,kcse1_0.parent_name,kcse1_0.phone_e164,kcse1_0.photo_deleted_at,kcse1_0.previewed_at,kcse1_0.province,kcse1_0.public_id,kcse1_0.rejection_reason,kcse1_0.review_status,kcse1_0.reviewed_at,kcse1_0.reviewed_by_user_id,kcse1_0.stored_filename,kcse1_0.submitted_at,kcse1_0.telecast_status,kcse1_0.tracking_code,u2_0.id,u2_0.account_holder_name,u2_0.created_at,u2_0.credentials_changed_at,u2_0.deleted_at,u2_0.email,u2_0.email_verified_at,u2_0.failed_login_count,u2_0.last_login_at,u2_0.locked_until,u2_0.password_hash,u2_0.phone_e164,u2_0.phone_verified_at,u2_0.public_id,u2_0.status,u2_0.updated_at,u2_0.version,kcse1_0.version,kcse1_0.whatsapp_consent_at,kcse1_0.work_description,kcse1_0.work_title from kids_champ_submissions kcse1_0 left join child_profiles cp1_0 on cp1_0.id=kcse1_0.child_profile_id left join kids_champ_guest_contacts gc1_0 on gc1_0.id=kcse1_0.guest_contact_id left join kids_champ_guest_participants gp1_0 on gp1_0.id=kcse1_0.guest_participant_id left join kids_champ_guest_contacts c1_0 on c1_0.id=gp1_0.guest_contact_id left join users u2_0 on u2_0.id=kcse1_0.user_id where kcse1_0.deleted_at is null order by kcse1_0.submitted_at desc
2026-08-13T19:44:45.453+05:30 DEBUG 2600 --- [aplus-kids-api] [   scheduling-1] org.hibernate.SQL                        : select kcwace1_0.id,kcwace1_0.access_token_encrypted,kcwace1_0.business_account_id,kcwace1_0.graph_api_version,kcwace1_0.last_test_message,kcwace1_0.last_test_status,kcwace1_0.last_tested_at,kcwace1_0.phone_number_id,kcwace1_0.updated_at from kids_champ_whatsapp_config kcwace1_0 where kcwace1_0.id=?
2026-08-13T19:44:45.509+05:30 DEBUG 2600 --- [aplus-kids-api] [nio-8081-exec-4] org.hibernate.SQL                        : select kcbe1_0.id,kcbe1_0.alternate_telecast_date,kcbe1_0.archive_path,kcbe1_0.batch_code,kcbe1_0.cleanup_failure_count,kcbe1_0.cleanup_pending,kcbe1_0.created_at,kcbe1_0.created_by_user_id,kcbe1_0.delete_after,kcbe1_0.deleted_at,kcbe1_0.deleted_by_user_id,kcbe1_0.edited_at,kcbe1_0.first_downloaded_at,kcbe1_0.last_cleanup_attempt_at,kcbe1_0.photo_count,kcbe1_0.public_id,kcbe1_0.purged_at,kcbe1_0.retention_days,kcbe1_0.status,kcbe1_0.telecast_completed_at,kcbe1_0.telecast_date,kcbe1_0.version,kcbe1_0.warning_days from kids_champ_batches kcbe1_0 order by kcbe1_0.created_at desc,kcbe1_0.id desc
2026-08-13T19:44:45.516+05:30 DEBUG 2600 --- [aplus-kids-api] [nio-8081-exec-4] m.m.a.RequestResponseBodyMethodProcessor : Using 'application/json', given [*/*] and supported [application/json, application/*+json]
2026-08-13T19:44:45.516+05:30 DEBUG 2600 --- [aplus-kids-api] [nio-8081-exec-4] m.m.a.RequestResponseBodyMethodProcessor : Writing [OverviewResponse[totalSubmissions=1237, newToday=0, pendingReviews=40, approved=1197, selectedForTv= (truncated)...]
2026-08-13T19:44:45.516+05:30 DEBUG 2600 --- [aplus-kids-api] [nio-8081-exec-4] o.s.web.servlet.DispatcherServlet        : Completed 200 OK
2026-08-13T19:44:46.457+05:30 DEBUG 2600 --- [aplus-kids-api] [   scheduling-1] org.hibernate.SQL                        : select kcwace1_0.id,kcwace1_0.access_token_encrypted,kcwace1_0.business_account_id,kcwace1_0.graph_api_version,kcwace1_0.last_test_message,kcwace1_0.last_test_status,kcwace1_0.last_tested_at,kcwace1_0.phone_number_id,kcwace1_0.updated_at from kids_champ_whatsapp_config kcwace1_0 where kcwace1_0.id=?
2026-08-13T19:44:47.476+05:30 DEBUG 2600 --- [aplus-kids-api] [   scheduling-1] org.hibernate.SQL                        : select kcwace1_0.id,kcwace1_0.access_token_encrypted,kcwace1_0.business_account_id,kcwace1_0.graph_api_version,kcwace1_0.last_test_message,kcwace1_0.last_test_status,kcwace1_0.last_tested_at,kcwace1_0.phone_number_id,kcwace1_0.updated_at from kids_champ_whatsapp_config kcwace1_0 where kcwace1_0.id=?
2026-08-13T19:44:48.512+05:30 DEBUG 2600 --- [aplus-kids-api] [   scheduling-1] org.hibernate.SQL                        : select kcwace1_0.id,kcwace1_0.access_token_encrypted,kcwace1_0.business_account_id,kcwace1_0.graph_api_version,kcwace1_0.last_test_message,kcwace1_0.last_test_status,kcwace1_0.last_tested_at,kcwace1_0.phone_number_id,kcwace1_0.updated_at from kids_champ_whatsapp_config kcwace1_0 where kcwace1_0.id=?
2026-08-13T19:44:49.529+05:30 DEBUG 2600 --- [aplus-kids-api] [   scheduling-1] org.hibernate.SQL                        : select kcwace1_0.id,kcwace1_0.access_token_encrypted,kcwace1_0.business_account_id,kcwace1_0.graph_api_version,kcwace1_0.last_test_message,kcwace1_0.last_test_status,kcwace1_0.last_tested_at,kcwace1_0.phone_number_id,kcwace1_0.updated_at from kids_champ_whatsapp_config kcwace1_0 where kcwace1_0.id=?
2026-08-13T19:44:50.544+05:30 DEBUG 2600 --- [aplus-kids-api] [   scheduling-1] org.hibernate.SQL                        : select kcwace1_0.id,kcwace1_0.access_token_encrypted,kcwace1_0.business_account_id,kcwace1_0.graph_api_version,kcwace1_0.last_test_message,kcwace1_0.last_test_status,kcwace1_0.last_tested_at,kcwace1_0.phone_number_id,kcwace1_0.updated_at from kids_champ_whatsapp_config kcwace1_0 where kcwace1_0.id=?
2026-08-13T19:44:51.560+05:30 DEBUG 2600 --- [aplus-kids-api] [   scheduling-1] org.hibernate.SQL                        : select kcwace1_0.id,kcwace1_0.access_token_encrypted,kcwace1_0.business_account_id,kcwace1_0.graph_api_version,kcwace1_0.last_test_message,kcwace1_0.last_test_status,kcwace1_0.last_tested_at,kcwace1_0.phone_number_id,kcwace1_0.updated_at from kids_champ_whatsapp_config kcwace1_0 where kcwace1_0.id=?
2026-08-13T19:44:52.577+05:30 DEBUG 2600 --- [aplus-kids-api] [   scheduling-1] org.hibernate.SQL                        : select kcwace1_0.id,kcwace1_0.access_token_encrypted,kcwace1_0.business_account_id,kcwace1_0.graph_api_version,kcwace1_0.last_test_message,kcwace1_0.last_test_status,kcwace1_0.last_tested_at,kcwace1_0.phone_number_id,kcwace1_0.updated_at from kids_champ_whatsapp_config kcwace1_0 where kcwace1_0.id=?
2026-08-13T19:44:53.597+05:30 DEBUG 2600 --- [aplus-kids-api] [   scheduling-1] org.hibernate.SQL                        : select kcwace1_0.id,kcwace1_0.access_token_encrypted,kcwace1_0.business_account_id,kcwace1_0.graph_api_version,kcwace1_0.last_test_message,kcwace1_0.last_test_status,kcwace1_0.last_tested_at,kcwace1_0.phone_number_id,kcwace1_0.updated_at from kids_champ_whatsapp_config kcwace1_0 where kcwace1_0.id=?
2026-08-13T19:44:54.615+05:30 DEBUG 2600 --- [aplus-kids-api] [   scheduling-1] org.hibernate.SQL                        : select kcwace1_0.id,kcwace1_0.access_token_encrypted,kcwace1_0.business_account_id,kcwace1_0.graph_api_version,kcwace1_0.last_test_message,kcwace1_0.last_test_status,kcwace1_0.last_tested_at,kcwace1_0.phone_number_id,kcwace1_0.updated_at from kids_champ_whatsapp_config kcwace1_0 where kcwace1_0.id=?
2026-08-13T19:44:55.631+05:30 DEBUG 2600 --- [aplus-kids-api] [   scheduling-1] org.hibernate.SQL                        : select kcwace1_0.id,kcwace1_0.access_token_encrypted,kcwace1_0.business_account_id,kcwace1_0.graph_api_version,kcwace1_0.last_test_message,kcwace1_0.last_test_status,kcwace1_0.last_tested_at,kcwace1_0.phone_number_id,kcwace1_0.updated_at from kids_champ_whatsapp_config kcwace1_0 where kcwace1_0.id=?
2026-08-13T19:44:56.635+05:30 DEBUG 2600 --- [aplus-kids-api] [   scheduling-1] org.hibernate.SQL                        : select kcwace1_0.id,kcwace1_0.access_token_encrypted,kcwace1_0.business_account_id,kcwace1_0.graph_api_version,kcwace1_0.last_test_message,kcwace1_0.last_test_status,kcwace1_0.last_tested_at,kcwace1_0.phone_number_id,kcwace1_0.updated_at from kids_champ_whatsapp_config kcwace1_0 where kcwace1_0.id=?
2026-08-13T19:44:57.654+05:30 DEBUG 2600 --- [aplus-kids-api] [   scheduling-1] org.hibernate.SQL                        : select kcwace1_0.id,kcwace1_0.access_token_encrypted,kcwace1_0.business_account_id,kcwace1_0.graph_api_version,kcwace1_0.last_test_message,kcwace1_0.last_test_status,kcwace1_0.last_tested_at,kcwace1_0.phone_number_id,kcwace1_0.updated_at from kids_champ_whatsapp_config kcwace1_0 where kcwace1_0.id=?
2026-08-13T19:44:58.673+05:30 DEBUG 2600 --- [aplus-kids-api] [   scheduling-1] org.hibernate.SQL                        : select kcwace1_0.id,kcwace1_0.access_token_encrypted,kcwace1_0.business_account_id,kcwace1_0.graph_api_version,kcwace1_0.last_test_message,kcwace1_0.last_test_status,kcwace1_0.last_tested_at,kcwace1_0.phone_number_id,kcwace1_0.updated_at from kids_champ_whatsapp_config kcwace1_0 where kcwace1_0.id=?
2026-08-13T19:44:59.692+05:30 DEBUG 2600 --- [aplus-kids-api] [   scheduling-1] org.hibernate.SQL                        : select kcwace1_0.id,kcwace1_0.access_token_encrypted,kcwace1_0.business_account_id,kcwace1_0.graph_api_version,kcwace1_0.last_test_message,kcwace1_0.last_test_status,kcwace1_0.last_tested_at,kcwace1_0.phone_number_id,kcwace1_0.updated_at from kids_champ_whatsapp_config kcwace1_0 where kcwace1_0.id=?
2026-08-13T19:45:00.015+05:30 DEBUG 2600 --- [aplus-kids-api] [   scheduling-1] org.hibernate.SQL                        : select kcbe1_0.id,kcbe1_0.alternate_telecast_date,kcbe1_0.archive_path,kcbe1_0.batch_code,kcbe1_0.cleanup_failure_count,kcbe1_0.cleanup_pending,kcbe1_0.created_at,kcbe1_0.created_by_user_id,kcbe1_0.delete_after,kcbe1_0.deleted_at,kcbe1_0.deleted_by_user_id,kcbe1_0.edited_at,kcbe1_0.first_downloaded_at,kcbe1_0.last_cleanup_attempt_at,kcbe1_0.photo_count,kcbe1_0.public_id,kcbe1_0.purged_at,kcbe1_0.retention_days,kcbe1_0.status,kcbe1_0.telecast_completed_at,kcbe1_0.telecast_date,kcbe1_0.version,kcbe1_0.warning_days from kids_champ_batches kcbe1_0 where (kcbe1_0.delete_after<? and kcbe1_0.deleted_at is null) or kcbe1_0.cleanup_pending=true order by kcbe1_0.id for no key update of kcbe1_0
2026-08-13T19:45:00.027+05:30 DEBUG 2600 --- [aplus-kids-api] [   scheduling-1] org.hibernate.SQL                        : select kcse1_0.id,kcse1_0.age_at_submission,kcse1_0.assigned_reviewer_user_id,kcse1_0.batch_id,kcse1_0.category,kcse1_0.child_name,kcse1_0.child_profile_id,kcse1_0.consent_accepted_at,kcse1_0.country_code,kcse1_0.date_of_birth,kcse1_0.deleted_at,kcse1_0.deleted_by_user_id,kcse1_0.email,kcse1_0.file_size,kcse1_0.file_status,kcse1_0.guest_contact_id,kcse1_0.guest_participant_id,kcse1_0.hometown,kcse1_0.internal_note,kcse1_0.last_participant_merge_id,kcse1_0.media_type,kcse1_0.original_filename,kcse1_0.parent_name,kcse1_0.phone_e164,kcse1_0.photo_deleted_at,kcse1_0.previewed_at,kcse1_0.province,kcse1_0.public_id,kcse1_0.rejection_reason,kcse1_0.review_status,kcse1_0.reviewed_at,kcse1_0.reviewed_by_user_id,kcse1_0.stored_filename,kcse1_0.submitted_at,kcse1_0.telecast_status,kcse1_0.tracking_code,kcse1_0.user_id,kcse1_0.version,kcse1_0.whatsapp_consent_at,kcse1_0.work_description,kcse1_0.work_title from kids_champ_submissions kcse1_0 where kcse1_0.batch_id is null and kcse1_0.photo_deleted_at is not null and kcse1_0.stored_filename is not null order by kcse1_0.id for no key update of kcse1_0
2026-08-13T19:45:00.037+05:30 DEBUG 2600 --- [aplus-kids-api] [   scheduling-1] org.hibernate.SQL                        : select ue1_0.id,ue1_0.account_holder_name,ue1_0.created_at,ue1_0.credentials_changed_at,ue1_0.deleted_at,ue1_0.email,ue1_0.email_verified_at,ue1_0.failed_login_count,ue1_0.last_login_at,ue1_0.locked_until,ue1_0.password_hash,ue1_0.phone_e164,ue1_0.phone_verified_at,ue1_0.public_id,ue1_0.status,ue1_0.updated_at,ue1_0.version from users ue1_0
2026-08-13T19:45:00.043+05:30 DEBUG 2600 --- [aplus-kids-api] [   scheduling-1] org.hibernate.SQL                        : select r1_0.user_id,r1_1.id,r1_1.created_at,r1_1.description,r1_1.name from user_roles r1_0 join roles r1_1 on r1_1.id=r1_0.role_id where r1_0.user_id=?
2026-08-13T19:45:00.046+05:30 DEBUG 2600 --- [aplus-kids-api] [   scheduling-1] org.hibernate.SQL                        : select r1_0.user_id,r1_1.id,r1_1.created_at,r1_1.description,r1_1.name from user_roles r1_0 join roles r1_1 on r1_1.id=r1_0.role_id where r1_0.user_id=?
2026-08-13T19:45:00.048+05:30 DEBUG 2600 --- [aplus-kids-api] [   scheduling-1] org.hibernate.SQL                        : select r1_0.user_id,r1_1.id,r1_1.created_at,r1_1.description,r1_1.name from user_roles r1_0 join roles r1_1 on r1_1.id=r1_0.role_id where r1_0.user_id=?
2026-08-13T19:45:00.048+05:30 DEBUG 2600 --- [aplus-kids-api] [   scheduling-1] org.hibernate.SQL                        : select r1_0.user_id,r1_1.id,r1_1.created_at,r1_1.description,r1_1.name from user_roles r1_0 join roles r1_1 on r1_1.id=r1_0.role_id where r1_0.user_id=?
2026-08-13T19:45:00.048+05:30 DEBUG 2600 --- [aplus-kids-api] [   scheduling-1] org.hibernate.SQL                        : select r1_0.user_id,r1_1.id,r1_1.created_at,r1_1.description,r1_1.name from user_roles r1_0 join roles r1_1 on r1_1.id=r1_0.role_id where r1_0.user_id=?
2026-08-13T19:45:00.048+05:30 DEBUG 2600 --- [aplus-kids-api] [   scheduling-1] org.hibernate.SQL                        : select r1_0.user_id,r1_1.id,r1_1.created_at,r1_1.description,r1_1.name from user_roles r1_0 join roles r1_1 on r1_1.id=r1_0.role_id where r1_0.user_id=?
2026-08-13T19:45:00.048+05:30 DEBUG 2600 --- [aplus-kids-api] [         task-2] org.hibernate.SQL                        : select kcse1_0.id,kcse1_0.active_zip_started_at,kcse1_0.active_zip_target_size,kcse1_0.allowed_file_types,kcse1_0.campaign_limit,kcse1_0.categories,kcse1_0.daily_telecast_limit,kcse1_0.default_message,kcse1_0.default_telecast_time,kcse1_0.frequent_participant_threshold,kcse1_0.max_file_size_mb,kcse1_0.maximum_age,kcse1_0.minimum_age,kcse1_0.require_whatsapp_consent,kcse1_0.updated_at,kcse1_0.updated_by_user_id,kcse1_0.zip_batch_size,kcse1_0.zip_expiry_days,kcse1_0.zip_warning_days from kids_champ_settings kcse1_0 where kcse1_0.id=? for no key update of kcse1_0
2026-08-13T19:45:00.048+05:30 DEBUG 2600 --- [aplus-kids-api] [         task-2] org.hibernate.SQL                        : select kcse1_0.id,kcse1_0.age_at_submission,kcse1_0.assigned_reviewer_user_id,kcse1_0.batch_id,kcse1_0.category,kcse1_0.child_name,kcse1_0.child_profile_id,kcse1_0.consent_accepted_at,kcse1_0.country_code,kcse1_0.date_of_birth,kcse1_0.deleted_at,kcse1_0.deleted_by_user_id,kcse1_0.email,kcse1_0.file_size,kcse1_0.file_status,kcse1_0.guest_contact_id,kcse1_0.guest_participant_id,kcse1_0.hometown,kcse1_0.internal_note,kcse1_0.last_participant_merge_id,kcse1_0.media_type,kcse1_0.original_filename,kcse1_0.parent_name,kcse1_0.phone_e164,kcse1_0.photo_deleted_at,kcse1_0.previewed_at,kcse1_0.province,kcse1_0.public_id,kcse1_0.rejection_reason,kcse1_0.review_status,kcse1_0.reviewed_at,kcse1_0.reviewed_by_user_id,kcse1_0.stored_filename,kcse1_0.submitted_at,kcse1_0.telecast_status,kcse1_0.tracking_code,kcse1_0.user_id,kcse1_0.version,kcse1_0.whatsapp_consent_at,kcse1_0.work_description,kcse1_0.work_title from kids_champ_submissions kcse1_0 where kcse1_0.review_status=? and kcse1_0.batch_id is null and kcse1_0.deleted_at is null and kcse1_0.photo_deleted_at is null and kcse1_0.stored_filename is not null order by kcse1_0.submitted_at,kcse1_0.id fetch first ? rows only for no key update of kcse1_0
2026-08-13T19:45:00.709+05:30 DEBUG 2600 --- [aplus-kids-api] [   scheduling-1] org.hibernate.SQL                        : select kcwace1_0.id,kcwace1_0.access_token_encrypted,kcwace1_0.business_account_id,kcwace1_0.graph_api_version,kcwace1_0.last_test_message,kcwace1_0.last_test_status,kcwace1_0.last_tested_at,kcwace1_0.phone_number_id,kcwace1_0.updated_at from kids_champ_whatsapp_config kcwace1_0 where kcwace1_0.id=?
2026-08-13T19:45:01.727+05:30 DEBUG 2600 --- [aplus-kids-api] [   scheduling-1] org.hibernate.SQL                        : select kcwace1_0.id,kcwace1_0.access_token_encrypted,kcwace1_0.business_account_id,kcwace1_0.graph_api_version,kcwace1_0.last_test_message,kcwace1_0.last_test_status,kcwace1_0.last_tested_at,kcwace1_0.phone_number_id,kcwace1_0.updated_at from kids_champ_whatsapp_config kcwace1_0 where kcwace1_0.id=?
2026-08-13T19:45:02.746+05:30 DEBUG 2600 --- [aplus-kids-api] [   scheduling-1] org.hibernate.SQL                        : select kcwace1_0.id,kcwace1_0.access_token_encrypted,kcwace1_0.business_account_id,kcwace1_0.graph_api_version,kcwace1_0.last_test_message,kcwace1_0.last_test_status,kcwace1_0.last_tested_at,kcwace1_0.phone_number_id,kcwace1_0.updated_at from kids_champ_whatsapp_config kcwace1_0 where kcwace1_0.id=?
2026-08-13T19:45:03.762+05:30 DEBUG 2600 --- [aplus-kids-api] [   scheduling-1] org.hibernate.SQL                        : select kcwace1_0.id,kcwace1_0.access_token_encrypted,kcwace1_0.business_account_id,kcwace1_0.graph_api_version,kcwace1_0.last_test_message,kcwace1_0.last_test_status,kcwace1_0.last_tested_at,kcwace1_0.phone_number_id,kcwace1_0.updated_at from kids_champ_whatsapp_config kcwace1_0 where kcwace1_0.id=?
2026-08-13T19:45:04.779+05:30 DEBUG 2600 --- [aplus-kids-api] [   scheduling-1] org.hibernate.SQL                        : select kcwace1_0.id,kcwace1_0.access_token_encrypted,kcwace1_0.business_account_id,kcwace1_0.graph_api_version,kcwace1_0.last_test_message,kcwace1_0.last_test_status,kcwace1_0.last_tested_at,kcwace1_0.phone_number_id,kcwace1_0.updated_at from kids_champ_whatsapp_config kcwace1_0 where kcwace1_0.id=?
2026-08-13T19:45:05.794+05:30 DEBUG 2600 --- [aplus-kids-api] [   scheduling-1] org.hibernate.SQL                        : select kcwace1_0.id,kcwace1_0.access_token_encrypted,kcwace1_0.business_account_id,kcwace1_0.graph_api_version,kcwace1_0.last_test_message,kcwace1_0.last_test_status,kcwace1_0.last_tested_at,kcwace1_0.phone_number_id,kcwace1_0.updated_at from kids_champ_whatsapp_config kcwace1_0 where kcwace1_0.id=?
2026-08-13T19:45:06.800+05:30 DEBUG 2600 --- [aplus-kids-api] [   scheduling-1] org.hibernate.SQL                        : select kcwace1_0.id,kcwace1_0.access_token_encrypted,kcwace1_0.business_account_id,kcwace1_0.graph_api_version,kcwace1_0.last_test_message,kcwace1_0.last_test_status,kcwace1_0.last_tested_at,kcwace1_0.phone_number_id,kcwace1_0.updated_at from kids_champ_whatsapp_config kcwace1_0 where kcwace1_0.id=?
2026-08-13T19:45:07.817+05:30 DEBUG 2600 --- [aplus-kids-api] [   scheduling-1] org.hibernate.SQL                        : select kcwace1_0.id,kcwace1_0.access_token_encrypted,kcwace1_0.business_account_id,kcwace1_0.graph_api_version,kcwace1_0.last_test_message,kcwace1_0.last_test_status,kcwace1_0.last_tested_at,kcwace1_0.phone_number_id,kcwace1_0.updated_at from kids_champ_whatsapp_config kcwace1_0 where kcwace1_0.id=?
2026-08-13T19:45:08.836+05:30 DEBUG 2600 --- [aplus-kids-api] [   scheduling-1] org.hibernate.SQL                        : select kcwace1_0.id,kcwace1_0.access_token_encrypted,kcwace1_0.business_account_id,kcwace1_0.graph_api_version,kcwace1_0.last_test_message,kcwace1_0.last_test_status,kcwace1_0.last_tested_at,kcwace1_0.phone_number_id,kcwace1_0.updated_at from kids_champ_whatsapp_config kcwace1_0 where kcwace1_0.id=?
2026-08-13T19:45:09.901+05:30 DEBUG 2600 --- [aplus-kids-api] [   scheduling-1] org.hibernate.SQL                        : select kcwace1_0.id,kcwace1_0.access_token_encrypted,kcwace1_0.business_account_id,kcwace1_0.graph_api_version,kcwace1_0.last_test_message,kcwace1_0.last_test_status,kcwace1_0.last_tested_at,kcwace1_0.phone_number_id,kcwace1_0.updated_at from kids_champ_whatsapp_config kcwace1_0 where kcwace1_0.id=?
2026-08-13T19:45:10.920+05:30 DEBUG 2600 --- [aplus-kids-api] [   scheduling-1] org.hibernate.SQL                        : select kcwace1_0.id,kcwace1_0.access_token_encrypted,kcwace1_0.business_account_id,kcwace1_0.graph_api_version,kcwace1_0.last_test_message,kcwace1_0.last_test_status,kcwace1_0.last_tested_at,kcwace1_0.phone_number_id,kcwace1_0.updated_at from kids_champ_whatsapp_config kcwace1_0 where kcwace1_0.id=?
2026-08-13T19:45:11.938+05:30 DEBUG 2600 --- [aplus-kids-api] [   scheduling-1] org.hibernate.SQL                        : select kcwace1_0.id,kcwace1_0.access_token_encrypted,kcwace1_0.business_account_id,kcwace1_0.graph_api_version,kcwace1_0.last_test_message,kcwace1_0.last_test_status,kcwace1_0.last_tested_at,kcwace1_0.phone_number_id,kcwace1_0.updated_at from kids_champ_whatsapp_config kcwace1_0 where kcwace1_0.id=?
2026-08-13T19:45:12.957+05:30 DEBUG 2600 --- [aplus-kids-api] [   scheduling-1] org.hibernate.SQL                        : select kcwace1_0.id,kcwace1_0.access_token_encrypted,kcwace1_0.business_account_id,kcwace1_0.graph_api_version,kcwace1_0.last_test_message,kcwace1_0.last_test_status,kcwace1_0.last_tested_at,kcwace1_0.phone_number_id,kcwace1_0.updated_at from kids_champ_whatsapp_config kcwace1_0 where kcwace1_0.id=?
2026-08-13T19:45:13.974+05:30 DEBUG 2600 --- [aplus-kids-api] [   scheduling-1] org.hibernate.SQL                        : select kcwace1_0.id,kcwace1_0.access_token_encrypted,kcwace1_0.business_account_id,kcwace1_0.graph_api_version,kcwace1_0.last_test_message,kcwace1_0.last_test_status,kcwace1_0.last_tested_at,kcwace1_0.phone_number_id,kcwace1_0.updated_at from kids_champ_whatsapp_config kcwace1_0 where kcwace1_0.id=?
2026-08-13T19:45:14.994+05:30 DEBUG 2600 --- [aplus-kids-api] [   scheduling-1] org.hibernate.SQL                        : select kcwace1_0.id,kcwace1_0.access_token_encrypted,kcwace1_0.business_account_id,kcwace1_0.graph_api_version,kcwace1_0.last_test_message,kcwace1_0.last_test_status,kcwace1_0.last_tested_at,kcwace1_0.phone_number_id,kcwace1_0.updated_at from kids_champ_whatsapp_config kcwace1_0 where kcwace1_0.id=?
2026-08-13T19:45:16.011+05:30 DEBUG 2600 --- [aplus-kids-api] [   scheduling-1] org.hibernate.SQL                        : select kcwace1_0.id,kcwace1_0.access_token_encrypted,kcwace1_0.business_account_id,kcwace1_0.graph_api_version,kcwace1_0.last_test_message,kcwace1_0.last_test_status,kcwace1_0.last_tested_at,kcwace1_0.phone_number_id,kcwace1_0.updated_at from kids_champ_whatsapp_config kcwace1_0 where kcwace1_0.id=?
2026-08-13T19:45:17.030+05:30 DEBUG 2600 --- [aplus-kids-api] [   scheduling-1] org.hibernate.SQL                        : select kcwace1_0.id,kcwace1_0.access_token_encrypted,kcwace1_0.business_account_id,kcwace1_0.graph_api_version,kcwace1_0.last_test_message,kcwace1_0.last_test_status,kcwace1_0.last_tested_at,kcwace1_0.phone_number_id,kcwace1_0.updated_at from kids_champ_whatsapp_config kcwace1_0 where kcwace1_0.id=?
2026-08-13T19:45:18.046+05:30 DEBUG 2600 --- [aplus-kids-api] [   scheduling-1] org.hibernate.SQL                        : select kcwace1_0.id,kcwace1_0.access_token_encrypted,kcwace1_0.business_account_id,kcwace1_0.graph_api_version,kcwace1_0.last_test_message,kcwace1_0.last_test_status,kcwace1_0.last_tested_at,kcwace1_0.phone_number_id,kcwace1_0.updated_at from kids_champ_whatsapp_config kcwace1_0 where kcwace1_0.id=?
2026-08-13T19:45:19.066+05:30 DEBUG 2600 --- [aplus-kids-api] [   scheduling-1] org.hibernate.SQL                        : select kcwace1_0.id,kcwace1_0.access_token_encrypted,kcwace1_0.business_account_id,kcwace1_0.graph_api_version,kcwace1_0.last_test_message,kcwace1_0.last_test_status,kcwace1_0.last_tested_at,kcwace1_0.phone_number_id,kcwace1_0.updated_at from kids_champ_whatsapp_config kcwace1_0 where kcwace1_0.id=?
2026-08-13T19:45:20.082+05:30 DEBUG 2600 --- [aplus-kids-api] [   scheduling-1] org.hibernate.SQL                        : select kcwace1_0.id,kcwace1_0.access_token_encrypted,kcwace1_0.business_account_id,kcwace1_0.graph_api_version,kcwace1_0.last_test_message,kcwace1_0.last_test_status,kcwace1_0.last_tested_at,kcwace1_0.phone_number_id,kcwace1_0.updated_at from kids_champ_whatsapp_config kcwace1_0 where kcwace1_0.id=?
2026-08-13T19:45:21.099+05:30 DEBUG 2600 --- [aplus-kids-api] [   scheduling-1] org.hibernate.SQL                        : select kcwace1_0.id,kcwace1_0.access_token_encrypted,kcwace1_0.business_account_id,kcwace1_0.graph_api_version,kcwace1_0.last_test_message,kcwace1_0.last_test_status,kcwace1_0.last_tested_at,kcwace1_0.phone_number_id,kcwace1_0.updated_at from kids_champ_whatsapp_config kcwace1_0 where kcwace1_0.id=?
2026-08-13T19:45:22.117+05:30 DEBUG 2600 --- [aplus-kids-api] [   scheduling-1] org.hibernate.SQL                        : select kcwace1_0.id,kcwace1_0.access_token_encrypted,kcwace1_0.business_account_id,kcwace1_0.graph_api_version,kcwace1_0.last_test_message,kcwace1_0.last_test_status,kcwace1_0.last_tested_at,kcwace1_0.phone_number_id,kcwace1_0.updated_at from kids_champ_whatsapp_config kcwace1_0 where kcwace1_0.id=?
2026-08-13T19:45:23.129+05:30 DEBUG 2600 --- [aplus-kids-api] [   scheduling-1] org.hibernate.SQL                        : select kcwace1_0.id,kcwace1_0.access_token_encrypted,kcwace1_0.business_account_id,kcwace1_0.graph_api_version,kcwace1_0.last_test_message,kcwace1_0.last_test_status,kcwace1_0.last_tested_at,kcwace1_0.phone_number_id,kcwace1_0.updated_at from kids_champ_whatsapp_config kcwace1_0 where kcwace1_0.id=?
2026-08-13T19:45:24.145+05:30 DEBUG 2600 --- [aplus-kids-api] [   scheduling-1] org.hibernate.SQL                        : select kcwace1_0.id,kcwace1_0.access_token_encrypted,kcwace1_0.business_account_id,kcwace1_0.graph_api_version,kcwace1_0.last_test_message,kcwace1_0.last_test_status,kcwace1_0.last_tested_at,kcwace1_0.phone_number_id,kcwace1_0.updated_at from kids_champ_whatsapp_config kcwace1_0 where kcwace1_0.id=?
2026-08-13T19:45:25.158+05:30 DEBUG 2600 --- [aplus-kids-api] [   scheduling-1] org.hibernate.SQL                        : select kcwace1_0.id,kcwace1_0.access_token_encrypted,kcwace1_0.business_account_id,kcwace1_0.graph_api_version,kcwace1_0.last_test_message,kcwace1_0.last_test_status,kcwace1_0.last_tested_at,kcwace1_0.phone_number_id,kcwace1_0.updated_at from kids_champ_whatsapp_config kcwace1_0 where kcwace1_0.id=?
2026-08-13T19:45:26.174+05:30 DEBUG 2600 --- [aplus-kids-api] [   scheduling-1] org.hibernate.SQL                        : select kcwace1_0.id,kcwace1_0.access_token_encrypted,kcwace1_0.business_account_id,kcwace1_0.graph_api_version,kcwace1_0.last_test_message,kcwace1_0.last_test_status,kcwace1_0.last_tested_at,kcwace1_0.phone_number_id,kcwace1_0.updated_at from kids_champ_whatsapp_config kcwace1_0 where kcwace1_0.id=?
2026-08-13T19:45:27.193+05:30 DEBUG 2600 --- [aplus-kids-api] [   scheduling-1] org.hibernate.SQL                        : select kcwace1_0.id,kcwace1_0.access_token_encrypted,kcwace1_0.business_account_id,kcwace1_0.graph_api_version,kcwace1_0.last_test_message,kcwace1_0.last_test_status,kcwace1_0.last_tested_at,kcwace1_0.phone_number_id,kcwace1_0.updated_at from kids_champ_whatsapp_config kcwace1_0 where kcwace1_0.id=?
2026-08-13T19:45:28.211+05:30 DEBUG 2600 --- [aplus-kids-api] [   scheduling-1] org.hibernate.SQL                        : select kcwace1_0.id,kcwace1_0.access_token_encrypted,kcwace1_0.business_account_id,kcwace1_0.graph_api_version,kcwace1_0.last_test_message,kcwace1_0.last_test_status,kcwace1_0.last_tested_at,kcwace1_0.phone_number_id,kcwace1_0.updated_at from kids_champ_whatsapp_config kcwace1_0 where kcwace1_0.id=?
2026-08-13T19:45:29.229+05:30 DEBUG 2600 --- [aplus-kids-api] [   scheduling-1] org.hibernate.SQL                        : select kcwace1_0.id,kcwace1_0.access_token_encrypted,kcwace1_0.business_account_id,kcwace1_0.graph_api_version,kcwace1_0.last_test_message,kcwace1_0.last_test_status,kcwace1_0.last_tested_at,kcwace1_0.phone_number_id,kcwace1_0.updated_at from kids_champ_whatsapp_config kcwace1_0 where kcwace1_0.id=?
2026-08-13T19:45:30.244+05:30 DEBUG 2600 --- [aplus-kids-api] [   scheduling-1] org.hibernate.SQL                        : select kcwace1_0.id,kcwace1_0.access_token_encrypted,kcwace1_0.business_account_id,kcwace1_0.graph_api_version,kcwace1_0.last_test_message,kcwace1_0.last_test_status,kcwace1_0.last_tested_at,kcwace1_0.phone_number_id,kcwace1_0.updated_at from kids_champ_whatsapp_config kcwace1_0 where kcwace1_0.id=?
2026-08-13T19:45:31.249+05:30 DEBUG 2600 --- [aplus-kids-api] [   scheduling-1] org.hibernate.SQL                        : select kcwace1_0.id,kcwace1_0.access_token_encrypted,kcwace1_0.business_account_id,kcwace1_0.graph_api_version,kcwace1_0.last_test_message,kcwace1_0.last_test_status,kcwace1_0.last_tested_at,kcwace1_0.phone_number_id,kcwace1_0.updated_at from kids_champ_whatsapp_config kcwace1_0 where kcwace1_0.id=?
2026-08-13T19:45:32.266+05:30 DEBUG 2600 --- [aplus-kids-api] [   scheduling-1] org.hibernate.SQL                        : select kcwace1_0.id,kcwace1_0.access_token_encrypted,kcwace1_0.business_account_id,kcwace1_0.graph_api_version,kcwace1_0.last_test_message,kcwace1_0.last_test_status,kcwace1_0.last_tested_at,kcwace1_0.phone_number_id,kcwace1_0.updated_at from kids_champ_whatsapp_config kcwace1_0 where kcwace1_0.id=?
2026-08-13T19:45:33.282+05:30 DEBUG 2600 --- [aplus-kids-api] [   scheduling-1] org.hibernate.SQL                        : select kcwace1_0.id,kcwace1_0.access_token_encrypted,kcwace1_0.business_account_id,kcwace1_0.graph_api_version,kcwace1_0.last_test_message,kcwace1_0.last_test_status,kcwace1_0.last_tested_at,kcwace1_0.phone_number_id,kcwace1_0.updated_at from kids_champ_whatsapp_config kcwace1_0 where kcwace1_0.id=?
2026-08-13T19:45:34.299+05:30 DEBUG 2600 --- [aplus-kids-api] [   scheduling-1] org.hibernate.SQL                        : select kcwace1_0.id,kcwace1_0.access_token_encrypted,kcwace1_0.business_account_id,kcwace1_0.graph_api_version,kcwace1_0.last_test_message,kcwace1_0.last_test_status,kcwace1_0.last_tested_at,kcwace1_0.phone_number_id,kcwace1_0.updated_at from kids_champ_whatsapp_config kcwace1_0 where kcwace1_0.id=?
2026-08-13T19:45:35.319+05:30 DEBUG 2600 --- [aplus-kids-api] [   scheduling-1] org.hibernate.SQL                        : select kcwace1_0.id,kcwace1_0.access_token_encrypted,kcwace1_0.business_account_id,kcwace1_0.graph_api_version,kcwace1_0.last_test_message,kcwace1_0.last_test_status,kcwace1_0.last_tested_at,kcwace1_0.phone_number_id,kcwace1_0.updated_at from kids_champ_whatsapp_config kcwace1_0 where kcwace1_0.id=?
2026-08-13T19:45:36.337+05:30 DEBUG 2600 --- [aplus-kids-api] [   scheduling-1] org.hibernate.SQL                        : select kcwace1_0.id,kcwace1_0.access_token_encrypted,kcwace1_0.business_account_id,kcwace1_0.graph_api_version,kcwace1_0.last_test_message,kcwace1_0.last_test_status,kcwace1_0.last_tested_at,kcwace1_0.phone_number_id,kcwace1_0.updated_at from kids_champ_whatsapp_config kcwace1_0 where kcwace1_0.id=?
2026-08-13T19:45:37.356+05:30 DEBUG 2600 --- [aplus-kids-api] [   scheduling-1] org.hibernate.SQL                        : select kcwace1_0.id,kcwace1_0.access_token_encrypted,kcwace1_0.business_account_id,kcwace1_0.graph_api_version,kcwace1_0.last_test_message,kcwace1_0.last_test_status,kcwace1_0.last_tested_at,kcwace1_0.phone_number_id,kcwace1_0.updated_at from kids_champ_whatsapp_config kcwace1_0 where kcwace1_0.id=?
2026-08-13T19:45:38.374+05:30 DEBUG 2600 --- [aplus-kids-api] [   scheduling-1] org.hibernate.SQL                        : select kcwace1_0.id,kcwace1_0.access_token_encrypted,kcwace1_0.business_account_id,kcwace1_0.graph_api_version,kcwace1_0.last_test_message,kcwace1_0.last_test_status,kcwace1_0.last_tested_at,kcwace1_0.phone_number_id,kcwace1_0.updated_at from kids_champ_whatsapp_config kcwace1_0 where kcwace1_0.id=?
2026-08-13T19:45:39.394+05:30 DEBUG 2600 --- [aplus-kids-api] [   scheduling-1] org.hibernate.SQL                        : select kcwace1_0.id,kcwace1_0.access_token_encrypted,kcwace1_0.business_account_id,kcwace1_0.graph_api_version,kcwace1_0.last_test_message,kcwace1_0.last_test_status,kcwace1_0.last_tested_at,kcwace1_0.phone_number_id,kcwace1_0.updated_at from kids_champ_whatsapp_config kcwace1_0 where kcwace1_0.id=?
2026-08-13T19:45:40.411+05:30 DEBUG 2600 --- [aplus-kids-api] [   scheduling-1] org.hibernate.SQL                        : select kcwace1_0.id,kcwace1_0.access_token_encrypted,kcwace1_0.business_account_id,kcwace1_0.graph_api_version,kcwace1_0.last_test_message,kcwace1_0.last_test_status,kcwace1_0.last_tested_at,kcwace1_0.phone_number_id,kcwace1_0.updated_at from kids_champ_whatsapp_config kcwace1_0 where kcwace1_0.id=?
2026-08-13T19:45:41.430+05:30 DEBUG 2600 --- [aplus-kids-api] [   scheduling-1] org.hibernate.SQL                        : select kcwace1_0.id,kcwace1_0.access_token_encrypted,kcwace1_0.business_account_id,kcwace1_0.graph_api_version,kcwace1_0.last_test_message,kcwace1_0.last_test_status,kcwace1_0.last_tested_at,kcwace1_0.phone_number_id,kcwace1_0.updated_at from kids_champ_whatsapp_config kcwace1_0 where kcwace1_0.id=?
2026-08-13T19:45:42.447+05:30 DEBUG 2600 --- [aplus-kids-api] [   scheduling-1] org.hibernate.SQL                        : select kcwace1_0.id,kcwace1_0.access_token_encrypted,kcwace1_0.business_account_id,kcwace1_0.graph_api_version,kcwace1_0.last_test_message,kcwace1_0.last_test_status,kcwace1_0.last_tested_at,kcwace1_0.phone_number_id,kcwace1_0.updated_at from kids_champ_whatsapp_config kcwace1_0 where kcwace1_0.id=?
2026-08-13T19:45:43.463+05:30 DEBUG 2600 --- [aplus-kids-api] [   scheduling-1] org.hibernate.SQL                        : select kcwace1_0.id,kcwace1_0.access_token_encrypted,kcwace1_0.business_account_id,kcwace1_0.graph_api_version,kcwace1_0.last_test_message,kcwace1_0.last_test_status,kcwace1_0.last_tested_at,kcwace1_0.phone_number_id,kcwace1_0.updated_at from kids_champ_whatsapp_config kcwace1_0 where kcwace1_0.id=?
2026-08-13T19:45:44.481+05:30 DEBUG 2600 --- [aplus-kids-api] [   scheduling-1] org.hibernate.SQL                        : select kcwace1_0.id,kcwace1_0.access_token_encrypted,kcwace1_0.business_account_id,kcwace1_0.graph_api_version,kcwace1_0.last_test_message,kcwace1_0.last_test_status,kcwace1_0.last_tested_at,kcwace1_0.phone_number_id,kcwace1_0.updated_at from kids_champ_whatsapp_config kcwace1_0 where kcwace1_0.id=?
2026-08-13T19:45:44.778+05:30 DEBUG 2600 --- [aplus-kids-api] [nio-8081-exec-7] o.s.web.servlet.DispatcherServlet        : GET "/api/v1/health", parameters={}
2026-08-13T19:45:44.778+05:30 DEBUG 2600 --- [aplus-kids-api] [nio-8081-exec-7] s.w.s.m.m.a.RequestMappingHandlerMapping : Mapped to lk.apluskids.platform.common.DatabaseHealthController#health()
2026-08-13T19:45:44.778+05:30 DEBUG 2600 --- [aplus-kids-api] [nio-8081-exec-7] o.s.jdbc.core.JdbcTemplate               : Executing SQL query [SELECT 1]
2026-08-13T19:45:44.778+05:30 DEBUG 2600 --- [aplus-kids-api] [nio-8081-exec-7] m.m.a.RequestResponseBodyMethodProcessor : Using 'application/json', given [*/*] and supported [application/json, application/*+json]
2026-08-13T19:45:44.778+05:30 DEBUG 2600 --- [aplus-kids-api] [nio-8081-exec-7] m.m.a.RequestResponseBodyMethodProcessor : Writing [HealthResponse[status=UP]]
2026-08-13T19:45:44.778+05:30 DEBUG 2600 --- [aplus-kids-api] [nio-8081-exec-7] o.s.web.servlet.DispatcherServlet        : Completed 200 OK
2026-08-13T19:45:44.790+05:30 DEBUG 2600 --- [aplus-kids-api] [nio-8081-exec-8] org.hibernate.SQL                        : select ue1_0.id,ue1_0.account_holder_name,ue1_0.created_at,ue1_0.credentials_changed_at,ue1_0.deleted_at,ue1_0.email,ue1_0.email_verified_at,ue1_0.failed_login_count,ue1_0.last_login_at,ue1_0.locked_until,ue1_0.password_hash,ue1_0.phone_e164,ue1_0.phone_verified_at,ue1_0.public_id,ue1_0.status,ue1_0.updated_at,ue1_0.version from users ue1_0 where ue1_0.public_id=?
2026-08-13T19:45:44.790+05:30 DEBUG 2600 --- [aplus-kids-api] [nio-8081-exec-8] org.hibernate.SQL                        : select r1_0.user_id,r1_1.id,r1_1.created_at,r1_1.description,r1_1.name from user_roles r1_0 join roles r1_1 on r1_1.id=r1_0.role_id where r1_0.user_id=?
2026-08-13T19:45:44.790+05:30 DEBUG 2600 --- [aplus-kids-api] [nio-8081-exec-8] o.s.web.servlet.DispatcherServlet        : GET "/api/v1/admin/kids-champ/overview", parameters={}
2026-08-13T19:45:44.790+05:30 DEBUG 2600 --- [aplus-kids-api] [nio-8081-exec-8] s.w.s.m.m.a.RequestMappingHandlerMapping : Mapped to lk.apluskids.platform.kidschamp.KidsChampAdminController#overview(JwtAuthenticationToken)
2026-08-13T19:45:44.790+05:30 DEBUG 2600 --- [aplus-kids-api] [nio-8081-exec-8] org.hibernate.SQL                        : select kcse1_0.id,kcse1_0.age_at_submission,kcse1_0.assigned_reviewer_user_id,kcse1_0.batch_id,kcse1_0.category,kcse1_0.child_name,cp1_0.id,cp1_0.address,cp1_0.country_code,cp1_0.created_at,cp1_0.date_of_birth,cp1_0.deleted_at,cp1_0.full_name,cp1_0.gender,cp1_0.hometown,cp1_0.province,cp1_0.public_id,cp1_0.updated_at,cp1_0.user_id,cp1_0.version,kcse1_0.consent_accepted_at,kcse1_0.country_code,kcse1_0.date_of_birth,kcse1_0.deleted_at,kcse1_0.deleted_by_user_id,kcse1_0.email,kcse1_0.file_size,kcse1_0.file_status,gc1_0.id,gc1_0.claimed_at,gc1_0.claimed_by_user_id,gc1_0.country_code,gc1_0.deleted_at,gc1_0.email,gc1_0.first_submitted_at,gc1_0.hometown,gc1_0.last_submitted_at,gc1_0.parent_name,gc1_0.phone_e164,gc1_0.province,gc1_0.public_id,gc1_0.submission_count,gp1_0.id,gp1_0.child_name,gp1_0.guest_contact_id,c1_0.id,c1_0.claimed_at,c1_0.claimed_by_user_id,c1_0.country_code,c1_0.deleted_at,c1_0.email,c1_0.first_submitted_at,c1_0.hometown,c1_0.last_submitted_at,c1_0.parent_name,c1_0.phone_e164,c1_0.province,c1_0.public_id,c1_0.submission_count,gp1_0.created_at,gp1_0.date_of_birth,gp1_0.hometown,gp1_0.merge_reason,gp1_0.merged_at,gp1_0.merged_by_user_id,gp1_0.merged_into_reference,gp1_0.merged_into_type,gp1_0.normalized_child_name,gp1_0.province,gp1_0.public_id,gp1_0.updated_at,gp1_0.version,kcse1_0.hometown,kcse1_0.internal_note,kcse1_0.last_participant_merge_id,kcse1_0.media_type,kcse1_0.original_filename,kcse1_0.parent_name,kcse1_0.phone_e164,kcse1_0.photo_deleted_at,kcse1_0.previewed_at,kcse1_0.province,kcse1_0.public_id,kcse1_0.rejection_reason,kcse1_0.review_status,kcse1_0.reviewed_at,kcse1_0.reviewed_by_user_id,kcse1_0.stored_filename,kcse1_0.submitted_at,kcse1_0.telecast_status,kcse1_0.tracking_code,u2_0.id,u2_0.account_holder_name,u2_0.created_at,u2_0.credentials_changed_at,u2_0.deleted_at,u2_0.email,u2_0.email_verified_at,u2_0.failed_login_count,u2_0.last_login_at,u2_0.locked_until,u2_0.password_hash,u2_0.phone_e164,u2_0.phone_verified_at,u2_0.public_id,u2_0.status,u2_0.updated_at,u2_0.version,kcse1_0.version,kcse1_0.whatsapp_consent_at,kcse1_0.work_description,kcse1_0.work_title from kids_champ_submissions kcse1_0 left join child_profiles cp1_0 on cp1_0.id=kcse1_0.child_profile_id left join kids_champ_guest_contacts gc1_0 on gc1_0.id=kcse1_0.guest_contact_id left join kids_champ_guest_participants gp1_0 on gp1_0.id=kcse1_0.guest_participant_id left join kids_champ_guest_contacts c1_0 on c1_0.id=gp1_0.guest_contact_id left join users u2_0 on u2_0.id=kcse1_0.user_id where kcse1_0.deleted_at is null order by kcse1_0.submitted_at desc
2026-08-13T19:45:44.878+05:30 DEBUG 2600 --- [aplus-kids-api] [nio-8081-exec-8] org.hibernate.SQL                        : select kcwape1_0.participant_reference,kcwape1_0.opted_in_at,kcwape1_0.opted_out_at,kcwape1_0.reason,kcwape1_0.source,kcwape1_0.status,kcwape1_0.updated_at,kcwape1_0.updated_by_user_id from kids_champ_whatsapp_preferences kcwape1_0
2026-08-13T19:45:44.886+05:30 DEBUG 2600 --- [aplus-kids-api] [nio-8081-exec-8] org.hibernate.SQL                        : select kcse1_0.id,kcse1_0.age_at_submission,kcse1_0.assigned_reviewer_user_id,kcse1_0.batch_id,kcse1_0.category,kcse1_0.child_name,cp1_0.id,cp1_0.address,cp1_0.country_code,cp1_0.created_at,cp1_0.date_of_birth,cp1_0.deleted_at,cp1_0.full_name,cp1_0.gender,cp1_0.hometown,cp1_0.province,cp1_0.public_id,cp1_0.updated_at,cp1_0.user_id,cp1_0.version,kcse1_0.consent_accepted_at,kcse1_0.country_code,kcse1_0.date_of_birth,kcse1_0.deleted_at,kcse1_0.deleted_by_user_id,kcse1_0.email,kcse1_0.file_size,kcse1_0.file_status,gc1_0.id,gc1_0.claimed_at,gc1_0.claimed_by_user_id,gc1_0.country_code,gc1_0.deleted_at,gc1_0.email,gc1_0.first_submitted_at,gc1_0.hometown,gc1_0.last_submitted_at,gc1_0.parent_name,gc1_0.phone_e164,gc1_0.province,gc1_0.public_id,gc1_0.submission_count,gp1_0.id,gp1_0.child_name,gp1_0.guest_contact_id,c1_0.id,c1_0.claimed_at,c1_0.claimed_by_user_id,c1_0.country_code,c1_0.deleted_at,c1_0.email,c1_0.first_submitted_at,c1_0.hometown,c1_0.last_submitted_at,c1_0.parent_name,c1_0.phone_e164,c1_0.province,c1_0.public_id,c1_0.submission_count,gp1_0.created_at,gp1_0.date_of_birth,gp1_0.hometown,gp1_0.merge_reason,gp1_0.merged_at,gp1_0.merged_by_user_id,gp1_0.merged_into_reference,gp1_0.merged_into_type,gp1_0.normalized_child_name,gp1_0.province,gp1_0.public_id,gp1_0.updated_at,gp1_0.version,kcse1_0.hometown,kcse1_0.internal_note,kcse1_0.last_participant_merge_id,kcse1_0.media_type,kcse1_0.original_filename,kcse1_0.parent_name,kcse1_0.phone_e164,kcse1_0.photo_deleted_at,kcse1_0.previewed_at,kcse1_0.province,kcse1_0.public_id,kcse1_0.rejection_reason,kcse1_0.review_status,kcse1_0.reviewed_at,kcse1_0.reviewed_by_user_id,kcse1_0.stored_filename,kcse1_0.submitted_at,kcse1_0.telecast_status,kcse1_0.tracking_code,u2_0.id,u2_0.account_holder_name,u2_0.created_at,u2_0.credentials_changed_at,u2_0.deleted_at,u2_0.email,u2_0.email_verified_at,u2_0.failed_login_count,u2_0.last_login_at,u2_0.locked_until,u2_0.password_hash,u2_0.phone_e164,u2_0.phone_verified_at,u2_0.public_id,u2_0.status,u2_0.updated_at,u2_0.version,kcse1_0.version,kcse1_0.whatsapp_consent_at,kcse1_0.work_description,kcse1_0.work_title from kids_champ_submissions kcse1_0 left join child_profiles cp1_0 on cp1_0.id=kcse1_0.child_profile_id left join kids_champ_guest_contacts gc1_0 on gc1_0.id=kcse1_0.guest_contact_id left join kids_champ_guest_participants gp1_0 on gp1_0.id=kcse1_0.guest_participant_id left join kids_champ_guest_contacts c1_0 on c1_0.id=gp1_0.guest_contact_id left join users u2_0 on u2_0.id=kcse1_0.user_id where kcse1_0.deleted_at is null order by kcse1_0.submitted_at desc
2026-08-13T19:45:44.918+05:30 DEBUG 2600 --- [aplus-kids-api] [nio-8081-exec-8] org.hibernate.SQL                        : select kcbe1_0.id,kcbe1_0.alternate_telecast_date,kcbe1_0.archive_path,kcbe1_0.batch_code,kcbe1_0.cleanup_failure_count,kcbe1_0.cleanup_pending,kcbe1_0.created_at,kcbe1_0.created_by_user_id,kcbe1_0.delete_after,kcbe1_0.deleted_at,kcbe1_0.deleted_by_user_id,kcbe1_0.edited_at,kcbe1_0.first_downloaded_at,kcbe1_0.last_cleanup_attempt_at,kcbe1_0.photo_count,kcbe1_0.public_id,kcbe1_0.purged_at,kcbe1_0.retention_days,kcbe1_0.status,kcbe1_0.telecast_completed_at,kcbe1_0.telecast_date,kcbe1_0.version,kcbe1_0.warning_days from kids_champ_batches kcbe1_0 order by kcbe1_0.created_at desc,kcbe1_0.id desc
2026-08-13T19:45:44.918+05:30 DEBUG 2600 --- [aplus-kids-api] [nio-8081-exec-8] m.m.a.RequestResponseBodyMethodProcessor : Using 'application/json', given [*/*] and supported [application/json, application/*+json]
2026-08-13T19:45:44.918+05:30 DEBUG 2600 --- [aplus-kids-api] [nio-8081-exec-8] m.m.a.RequestResponseBodyMethodProcessor : Writing [OverviewResponse[totalSubmissions=1237, newToday=0, pendingReviews=40, approved=1197, selectedForTv= (truncated)...]
2026-08-13T19:45:44.918+05:30 DEBUG 2600 --- [aplus-kids-api] [nio-8081-exec-8] o.s.web.servlet.DispatcherServlet        : Completed 200 OK
2026-08-13T19:45:45.497+05:30 DEBUG 2600 --- [aplus-kids-api] [   scheduling-1] org.hibernate.SQL                        : select kcwace1_0.id,kcwace1_0.access_token_encrypted,kcwace1_0.business_account_id,kcwace1_0.graph_api_version,kcwace1_0.last_test_message,kcwace1_0.last_test_status,kcwace1_0.last_tested_at,kcwace1_0.phone_number_id,kcwace1_0.updated_at from kids_champ_whatsapp_config kcwace1_0 where kcwace1_0.id=?
2026-08-13T19:45:46.517+05:30 DEBUG 2600 --- [aplus-kids-api] [   scheduling-1] org.hibernate.SQL                        : select kcwace1_0.id,kcwace1_0.access_token_encrypted,kcwace1_0.business_account_id,kcwace1_0.graph_api_version,kcwace1_0.last_test_message,kcwace1_0.last_test_status,kcwace1_0.last_tested_at,kcwace1_0.phone_number_id,kcwace1_0.updated_at from kids_champ_whatsapp_config kcwace1_0 where kcwace1_0.id=?
2026-08-13T19:45:47.537+05:30 DEBUG 2600 --- [aplus-kids-api] [   scheduling-1] org.hibernate.SQL                        : select kcwace1_0.id,kcwace1_0.access_token_encrypted,kcwace1_0.business_account_id,kcwace1_0.graph_api_version,kcwace1_0.last_test_message,kcwace1_0.last_test_status,kcwace1_0.last_tested_at,kcwace1_0.phone_number_id,kcwace1_0.updated_at from kids_champ_whatsapp_config kcwace1_0 where kcwace1_0.id=?
2026-08-13T19:45:48.552+05:30 DEBUG 2600 --- [aplus-kids-api] [   scheduling-1] org.hibernate.SQL                        : select kcwace1_0.id,kcwace1_0.access_token_encrypted,kcwace1_0.business_account_id,kcwace1_0.graph_api_version,kcwace1_0.last_test_message,kcwace1_0.last_test_status,kcwace1_0.last_tested_at,kcwace1_0.phone_number_id,kcwace1_0.updated_at from kids_champ_whatsapp_config kcwace1_0 where kcwace1_0.id=?
2026-08-13T19:45:49.571+05:30 DEBUG 2600 --- [aplus-kids-api] [   scheduling-1] org.hibernate.SQL                        : select kcwace1_0.id,kcwace1_0.access_token_encrypted,kcwace1_0.business_account_id,kcwace1_0.graph_api_version,kcwace1_0.last_test_message,kcwace1_0.last_test_status,kcwace1_0.last_tested_at,kcwace1_0.phone_number_id,kcwace1_0.updated_at from kids_champ_whatsapp_config kcwace1_0 where kcwace1_0.id=?
2026-08-13T19:45:50.590+05:30 DEBUG 2600 --- [aplus-kids-api] [   scheduling-1] org.hibernate.SQL                        : select kcwace1_0.id,kcwace1_0.access_token_encrypted,kcwace1_0.business_account_id,kcwace1_0.graph_api_version,kcwace1_0.last_test_message,kcwace1_0.last_test_status,kcwace1_0.last_tested_at,kcwace1_0.phone_number_id,kcwace1_0.updated_at from kids_champ_whatsapp_config kcwace1_0 where kcwace1_0.id=?
2026-08-13T19:45:51.608+05:30 DEBUG 2600 --- [aplus-kids-api] [   scheduling-1] org.hibernate.SQL                        : select kcwace1_0.id,kcwace1_0.access_token_encrypted,kcwace1_0.business_account_id,kcwace1_0.graph_api_version,kcwace1_0.last_test_message,kcwace1_0.last_test_status,kcwace1_0.last_tested_at,kcwace1_0.phone_number_id,kcwace1_0.updated_at from kids_champ_whatsapp_config kcwace1_0 where kcwace1_0.id=?
2026-08-13T19:45:52.626+05:30 DEBUG 2600 --- [aplus-kids-api] [   scheduling-1] org.hibernate.SQL                        : select kcwace1_0.id,kcwace1_0.access_token_encrypted,kcwace1_0.business_account_id,kcwace1_0.graph_api_version,kcwace1_0.last_test_message,kcwace1_0.last_test_status,kcwace1_0.last_tested_at,kcwace1_0.phone_number_id,kcwace1_0.updated_at from kids_champ_whatsapp_config kcwace1_0 where kcwace1_0.id=?
2026-08-13T19:45:53.643+05:30 DEBUG 2600 --- [aplus-kids-api] [   scheduling-1] org.hibernate.SQL                        : select kcwace1_0.id,kcwace1_0.access_token_encrypted,kcwace1_0.business_account_id,kcwace1_0.graph_api_version,kcwace1_0.last_test_message,kcwace1_0.last_test_status,kcwace1_0.last_tested_at,kcwace1_0.phone_number_id,kcwace1_0.updated_at from kids_champ_whatsapp_config kcwace1_0 where kcwace1_0.id=?
2026-08-13T19:45:54.649+05:30 DEBUG 2600 --- [aplus-kids-api] [   scheduling-1] org.hibernate.SQL                        : select kcwace1_0.id,kcwace1_0.access_token_encrypted,kcwace1_0.business_account_id,kcwace1_0.graph_api_version,kcwace1_0.last_test_message,kcwace1_0.last_test_status,kcwace1_0.last_tested_at,kcwace1_0.phone_number_id,kcwace1_0.updated_at from kids_champ_whatsapp_config kcwace1_0 where kcwace1_0.id=?
2026-08-13T19:45:55.666+05:30 DEBUG 2600 --- [aplus-kids-api] [   scheduling-1] org.hibernate.SQL                        : select kcwace1_0.id,kcwace1_0.access_token_encrypted,kcwace1_0.business_account_id,kcwace1_0.graph_api_version,kcwace1_0.last_test_message,kcwace1_0.last_test_status,kcwace1_0.last_tested_at,kcwace1_0.phone_number_id,kcwace1_0.updated_at from kids_champ_whatsapp_config kcwace1_0 where kcwace1_0.id=?
2026-08-13T19:45:56.684+05:30 DEBUG 2600 --- [aplus-kids-api] [   scheduling-1] org.hibernate.SQL                        : select kcwace1_0.id,kcwace1_0.access_token_encrypted,kcwace1_0.business_account_id,kcwace1_0.graph_api_version,kcwace1_0.last_test_message,kcwace1_0.last_test_status,kcwace1_0.last_tested_at,kcwace1_0.phone_number_id,kcwace1_0.updated_at from kids_champ_whatsapp_config kcwace1_0 where kcwace1_0.id=?
2026-08-13T19:45:57.699+05:30 DEBUG 2600 --- [aplus-kids-api] [   scheduling-1] org.hibernate.SQL                        : select kcwace1_0.id,kcwace1_0.access_token_encrypted,kcwace1_0.business_account_id,kcwace1_0.graph_api_version,kcwace1_0.last_test_message,kcwace1_0.last_test_status,kcwace1_0.last_tested_at,kcwace1_0.phone_number_id,kcwace1_0.updated_at from kids_champ_whatsapp_config kcwace1_0 where kcwace1_0.id=?
2026-08-13T19:45:58.715+05:30 DEBUG 2600 --- [aplus-kids-api] [   scheduling-1] org.hibernate.SQL                        : select kcwace1_0.id,kcwace1_0.access_token_encrypted,kcwace1_0.business_account_id,kcwace1_0.graph_api_version,kcwace1_0.last_test_message,kcwace1_0.last_test_status,kcwace1_0.last_tested_at,kcwace1_0.phone_number_id,kcwace1_0.updated_at from kids_champ_whatsapp_config kcwace1_0 where kcwace1_0.id=?
2026-08-13T19:45:59.733+05:30 DEBUG 2600 --- [aplus-kids-api] [   scheduling-1] org.hibernate.SQL                        : select kcwace1_0.id,kcwace1_0.access_token_encrypted,kcwace1_0.business_account_id,kcwace1_0.graph_api_version,kcwace1_0.last_test_message,kcwace1_0.last_test_status,kcwace1_0.last_tested_at,kcwace1_0.phone_number_id,kcwace1_0.updated_at from kids_champ_whatsapp_config kcwace1_0 where kcwace1_0.id=?
2026-08-13T19:46:00.013+05:30 DEBUG 2600 --- [aplus-kids-api] [   scheduling-1] org.hibernate.SQL                        : select ue1_0.id,ue1_0.account_holder_name,ue1_0.created_at,ue1_0.credentials_changed_at,ue1_0.deleted_at,ue1_0.email,ue1_0.email_verified_at,ue1_0.failed_login_count,ue1_0.last_login_at,ue1_0.locked_until,ue1_0.password_hash,ue1_0.phone_e164,ue1_0.phone_verified_at,ue1_0.public_id,ue1_0.status,ue1_0.updated_at,ue1_0.version from users ue1_0
2026-08-13T19:46:00.019+05:30 DEBUG 2600 --- [aplus-kids-api] [   scheduling-1] org.hibernate.SQL                        : select r1_0.user_id,r1_1.id,r1_1.created_at,r1_1.description,r1_1.name from user_roles r1_0 join roles r1_1 on r1_1.id=r1_0.role_id where r1_0.user_id=?
2026-08-13T19:46:00.019+05:30 DEBUG 2600 --- [aplus-kids-api] [   scheduling-1] org.hibernate.SQL                        : select r1_0.user_id,r1_1.id,r1_1.created_at,r1_1.description,r1_1.name from user_roles r1_0 join roles r1_1 on r1_1.id=r1_0.role_id where r1_0.user_id=?
2026-08-13T19:46:00.019+05:30 DEBUG 2600 --- [aplus-kids-api] [   scheduling-1] org.hibernate.SQL                        : select r1_0.user_id,r1_1.id,r1_1.created_at,r1_1.description,r1_1.name from user_roles r1_0 join roles r1_1 on r1_1.id=r1_0.role_id where r1_0.user_id=?
2026-08-13T19:46:00.019+05:30 DEBUG 2600 --- [aplus-kids-api] [   scheduling-1] org.hibernate.SQL                        : select r1_0.user_id,r1_1.id,r1_1.created_at,r1_1.description,r1_1.name from user_roles r1_0 join roles r1_1 on r1_1.id=r1_0.role_id where r1_0.user_id=?
2026-08-13T19:46:00.025+05:30 DEBUG 2600 --- [aplus-kids-api] [   scheduling-1] org.hibernate.SQL                        : select r1_0.user_id,r1_1.id,r1_1.created_at,r1_1.description,r1_1.name from user_roles r1_0 join roles r1_1 on r1_1.id=r1_0.role_id where r1_0.user_id=?
2026-08-13T19:46:00.025+05:30 DEBUG 2600 --- [aplus-kids-api] [   scheduling-1] org.hibernate.SQL                        : select r1_0.user_id,r1_1.id,r1_1.created_at,r1_1.description,r1_1.name from user_roles r1_0 join roles r1_1 on r1_1.id=r1_0.role_id where r1_0.user_id=?
2026-08-13T19:46:00.025+05:30 DEBUG 2600 --- [aplus-kids-api] [         task-3] org.hibernate.SQL                        : select kcse1_0.id,kcse1_0.active_zip_started_at,kcse1_0.active_zip_target_size,kcse1_0.allowed_file_types,kcse1_0.campaign_limit,kcse1_0.categories,kcse1_0.daily_telecast_limit,kcse1_0.default_message,kcse1_0.default_telecast_time,kcse1_0.frequent_participant_threshold,kcse1_0.max_file_size_mb,kcse1_0.maximum_age,kcse1_0.minimum_age,kcse1_0.require_whatsapp_consent,kcse1_0.updated_at,kcse1_0.updated_by_user_id,kcse1_0.zip_batch_size,kcse1_0.zip_expiry_days,kcse1_0.zip_warning_days from kids_champ_settings kcse1_0 where kcse1_0.id=? for no key update of kcse1_0
2026-08-13T19:46:00.025+05:30 DEBUG 2600 --- [aplus-kids-api] [         task-3] org.hibernate.SQL                        : select kcse1_0.id,kcse1_0.age_at_submission,kcse1_0.assigned_reviewer_user_id,kcse1_0.batch_id,kcse1_0.category,kcse1_0.child_name,kcse1_0.child_profile_id,kcse1_0.consent_accepted_at,kcse1_0.country_code,kcse1_0.date_of_birth,kcse1_0.deleted_at,kcse1_0.deleted_by_user_id,kcse1_0.email,kcse1_0.file_size,kcse1_0.file_status,kcse1_0.guest_contact_id,kcse1_0.guest_participant_id,kcse1_0.hometown,kcse1_0.internal_note,kcse1_0.last_participant_merge_id,kcse1_0.media_type,kcse1_0.original_filename,kcse1_0.parent_name,kcse1_0.phone_e164,kcse1_0.photo_deleted_at,kcse1_0.previewed_at,kcse1_0.province,kcse1_0.public_id,kcse1_0.rejection_reason,kcse1_0.review_status,kcse1_0.reviewed_at,kcse1_0.reviewed_by_user_id,kcse1_0.stored_filename,kcse1_0.submitted_at,kcse1_0.telecast_status,kcse1_0.tracking_code,kcse1_0.user_id,kcse1_0.version,kcse1_0.whatsapp_consent_at,kcse1_0.work_description,kcse1_0.work_title from kids_champ_submissions kcse1_0 where kcse1_0.review_status=? and kcse1_0.batch_id is null and kcse1_0.deleted_at is null and kcse1_0.photo_deleted_at is null and kcse1_0.stored_filename is not null order by kcse1_0.submitted_at,kcse1_0.id fetch first ? rows only for no key update of kcse1_0
2026-08-13T19:46:00.752+05:30 DEBUG 2600 --- [aplus-kids-api] [   scheduling-1] org.hibernate.SQL                        : select kcwace1_0.id,kcwace1_0.access_token_encrypted,kcwace1_0.business_account_id,kcwace1_0.graph_api_version,kcwace1_0.last_test_message,kcwace1_0.last_test_status,kcwace1_0.last_tested_at,kcwace1_0.phone_number_id,kcwace1_0.updated_at from kids_champ_whatsapp_config kcwace1_0 where kcwace1_0.id=?
2026-08-13T19:46:01.772+05:30 DEBUG 2600 --- [aplus-kids-api] [   scheduling-1] org.hibernate.SQL                        : select kcwace1_0.id,kcwace1_0.access_token_encrypted,kcwace1_0.business_account_id,kcwace1_0.graph_api_version,kcwace1_0.last_test_message,kcwace1_0.last_test_status,kcwace1_0.last_tested_at,kcwace1_0.phone_number_id,kcwace1_0.updated_at from kids_champ_whatsapp_config kcwace1_0 where kcwace1_0.id=?
2026-08-13T19:46:02.789+05:30 DEBUG 2600 --- [aplus-kids-api] [   scheduling-1] org.hibernate.SQL                        : select kcwace1_0.id,kcwace1_0.access_token_encrypted,kcwace1_0.business_account_id,kcwace1_0.graph_api_version,kcwace1_0.last_test_message,kcwace1_0.last_test_status,kcwace1_0.last_tested_at,kcwace1_0.phone_number_id,kcwace1_0.updated_at from kids_champ_whatsapp_config kcwace1_0 where kcwace1_0.id=?
2026-08-13T19:46:03.809+05:30 DEBUG 2600 --- [aplus-kids-api] [   scheduling-1] org.hibernate.SQL                        : select kcwace1_0.id,kcwace1_0.access_token_encrypted,kcwace1_0.business_account_id,kcwace1_0.graph_api_version,kcwace1_0.last_test_message,kcwace1_0.last_test_status,kcwace1_0.last_tested_at,kcwace1_0.phone_number_id,kcwace1_0.updated_at from kids_champ_whatsapp_config kcwace1_0 where kcwace1_0.id=?
2026-08-13T19:46:04.825+05:30 DEBUG 2600 --- [aplus-kids-api] [   scheduling-1] org.hibernate.SQL                        : select kcwace1_0.id,kcwace1_0.access_token_encrypted,kcwace1_0.business_account_id,kcwace1_0.graph_api_version,kcwace1_0.last_test_message,kcwace1_0.last_test_status,kcwace1_0.last_tested_at,kcwace1_0.phone_number_id,kcwace1_0.updated_at from kids_champ_whatsapp_config kcwace1_0 where kcwace1_0.id=?
2026-08-13T19:46:05.835+05:30 DEBUG 2600 --- [aplus-kids-api] [   scheduling-1] org.hibernate.SQL                        : select kcwace1_0.id,kcwace1_0.access_token_encrypted,kcwace1_0.business_account_id,kcwace1_0.graph_api_version,kcwace1_0.last_test_message,kcwace1_0.last_test_status,kcwace1_0.last_tested_at,kcwace1_0.phone_number_id,kcwace1_0.updated_at from kids_champ_whatsapp_config kcwace1_0 where kcwace1_0.id=?
2026-08-13T19:46:06.844+05:30 DEBUG 2600 --- [aplus-kids-api] [   scheduling-1] org.hibernate.SQL                        : select kcwace1_0.id,kcwace1_0.access_token_encrypted,kcwace1_0.business_account_id,kcwace1_0.graph_api_version,kcwace1_0.last_test_message,kcwace1_0.last_test_status,kcwace1_0.last_tested_at,kcwace1_0.phone_number_id,kcwace1_0.updated_at from kids_champ_whatsapp_config kcwace1_0 where kcwace1_0.id=?
2026-08-13T19:46:07.861+05:30 DEBUG 2600 --- [aplus-kids-api] [   scheduling-1] org.hibernate.SQL                        : select kcwace1_0.id,kcwace1_0.access_token_encrypted,kcwace1_0.business_account_id,kcwace1_0.graph_api_version,kcwace1_0.last_test_message,kcwace1_0.last_test_status,kcwace1_0.last_tested_at,kcwace1_0.phone_number_id,kcwace1_0.updated_at from kids_champ_whatsapp_config kcwace1_0 where kcwace1_0.id=?
2026-08-13T19:46:08.878+05:30 DEBUG 2600 --- [aplus-kids-api] [   scheduling-1] org.hibernate.SQL                        : select kcwace1_0.id,kcwace1_0.access_token_encrypted,kcwace1_0.business_account_id,kcwace1_0.graph_api_version,kcwace1_0.last_test_message,kcwace1_0.last_test_status,kcwace1_0.last_tested_at,kcwace1_0.phone_number_id,kcwace1_0.updated_at from kids_champ_whatsapp_config kcwace1_0 where kcwace1_0.id=?
2026-08-13T19:46:09.893+05:30 DEBUG 2600 --- [aplus-kids-api] [   scheduling-1] org.hibernate.SQL                        : select kcwace1_0.id,kcwace1_0.access_token_encrypted,kcwace1_0.business_account_id,kcwace1_0.graph_api_version,kcwace1_0.last_test_message,kcwace1_0.last_test_status,kcwace1_0.last_tested_at,kcwace1_0.phone_number_id,kcwace1_0.updated_at from kids_champ_whatsapp_config kcwace1_0 where kcwace1_0.id=?
2026-08-13T19:46:10.911+05:30 DEBUG 2600 --- [aplus-kids-api] [   scheduling-1] org.hibernate.SQL                        : select kcwace1_0.id,kcwace1_0.access_token_encrypted,kcwace1_0.business_account_id,kcwace1_0.graph_api_version,kcwace1_0.last_test_message,kcwace1_0.last_test_status,kcwace1_0.last_tested_at,kcwace1_0.phone_number_id,kcwace1_0.updated_at from kids_champ_whatsapp_config kcwace1_0 where kcwace1_0.id=?
2026-08-13T19:46:11.927+05:30 DEBUG 2600 --- [aplus-kids-api] [   scheduling-1] org.hibernate.SQL                        : select kcwace1_0.id,kcwace1_0.access_token_encrypted,kcwace1_0.business_account_id,kcwace1_0.graph_api_version,kcwace1_0.last_test_message,kcwace1_0.last_test_status,kcwace1_0.last_tested_at,kcwace1_0.phone_number_id,kcwace1_0.updated_at from kids_champ_whatsapp_config kcwace1_0 where kcwace1_0.id=?
2026-08-13T19:46:12.944+05:30 DEBUG 2600 --- [aplus-kids-api] [   scheduling-1] org.hibernate.SQL                        : select kcwace1_0.id,kcwace1_0.access_token_encrypted,kcwace1_0.business_account_id,kcwace1_0.graph_api_version,kcwace1_0.last_test_message,kcwace1_0.last_test_status,kcwace1_0.last_tested_at,kcwace1_0.phone_number_id,kcwace1_0.updated_at from kids_champ_whatsapp_config kcwace1_0 where kcwace1_0.id=?
2026-08-13T19:46:13.960+05:30 DEBUG 2600 --- [aplus-kids-api] [   scheduling-1] org.hibernate.SQL                        : select kcwace1_0.id,kcwace1_0.access_token_encrypted,kcwace1_0.business_account_id,kcwace1_0.graph_api_version,kcwace1_0.last_test_message,kcwace1_0.last_test_status,kcwace1_0.last_tested_at,kcwace1_0.phone_number_id,kcwace1_0.updated_at from kids_champ_whatsapp_config kcwace1_0 where kcwace1_0.id=?
2026-08-13T19:46:14.978+05:30 DEBUG 2600 --- [aplus-kids-api] [   scheduling-1] org.hibernate.SQL                        : select kcwace1_0.id,kcwace1_0.access_token_encrypted,kcwace1_0.business_account_id,kcwace1_0.graph_api_version,kcwace1_0.last_test_message,kcwace1_0.last_test_status,kcwace1_0.last_tested_at,kcwace1_0.phone_number_id,kcwace1_0.updated_at from kids_champ_whatsapp_config kcwace1_0 where kcwace1_0.id=?
2026-08-13T19:46:15.995+05:30 DEBUG 2600 --- [aplus-kids-api] [   scheduling-1] org.hibernate.SQL                        : select kcwace1_0.id,kcwace1_0.access_token_encrypted,kcwace1_0.business_account_id,kcwace1_0.graph_api_version,kcwace1_0.last_test_message,kcwace1_0.last_test_status,kcwace1_0.last_tested_at,kcwace1_0.phone_number_id,kcwace1_0.updated_at from kids_champ_whatsapp_config kcwace1_0 where kcwace1_0.id=?
2026-08-13T19:46:17.011+05:30 DEBUG 2600 --- [aplus-kids-api] [   scheduling-1] org.hibernate.SQL                        : select kcwace1_0.id,kcwace1_0.access_token_encrypted,kcwace1_0.business_account_id,kcwace1_0.graph_api_version,kcwace1_0.last_test_message,kcwace1_0.last_test_status,kcwace1_0.last_tested_at,kcwace1_0.phone_number_id,kcwace1_0.updated_at from kids_champ_whatsapp_config kcwace1_0 where kcwace1_0.id=?
2026-08-13T19:46:18.029+05:30 DEBUG 2600 --- [aplus-kids-api] [   scheduling-1] org.hibernate.SQL                        : select kcwace1_0.id,kcwace1_0.access_token_encrypted,kcwace1_0.business_account_id,kcwace1_0.graph_api_version,kcwace1_0.last_test_message,kcwace1_0.last_test_status,kcwace1_0.last_tested_at,kcwace1_0.phone_number_id,kcwace1_0.updated_at from kids_champ_whatsapp_config kcwace1_0 where kcwace1_0.id=?
2026-08-13T19:46:19.044+05:30 DEBUG 2600 --- [aplus-kids-api] [   scheduling-1] org.hibernate.SQL                        : select kcwace1_0.id,kcwace1_0.access_token_encrypted,kcwace1_0.business_account_id,kcwace1_0.graph_api_version,kcwace1_0.last_test_message,kcwace1_0.last_test_status,kcwace1_0.last_tested_at,kcwace1_0.phone_number_id,kcwace1_0.updated_at from kids_champ_whatsapp_config kcwace1_0 where kcwace1_0.id=?
2026-08-13T19:46:20.062+05:30 DEBUG 2600 --- [aplus-kids-api] [   scheduling-1] org.hibernate.SQL                        : select kcwace1_0.id,kcwace1_0.access_token_encrypted,kcwace1_0.business_account_id,kcwace1_0.graph_api_version,kcwace1_0.last_test_message,kcwace1_0.last_test_status,kcwace1_0.last_tested_at,kcwace1_0.phone_number_id,kcwace1_0.updated_at from kids_champ_whatsapp_config kcwace1_0 where kcwace1_0.id=?
2026-08-13T19:46:21.077+05:30 DEBUG 2600 --- [aplus-kids-api] [   scheduling-1] org.hibernate.SQL                        : select kcwace1_0.id,kcwace1_0.access_token_encrypted,kcwace1_0.business_account_id,kcwace1_0.graph_api_version,kcwace1_0.last_test_message,kcwace1_0.last_test_status,kcwace1_0.last_tested_at,kcwace1_0.phone_number_id,kcwace1_0.updated_at from kids_champ_whatsapp_config kcwace1_0 where kcwace1_0.id=?
2026-08-13T19:46:22.094+05:30 DEBUG 2600 --- [aplus-kids-api] [   scheduling-1] org.hibernate.SQL                        : select kcwace1_0.id,kcwace1_0.access_token_encrypted,kcwace1_0.business_account_id,kcwace1_0.graph_api_version,kcwace1_0.last_test_message,kcwace1_0.last_test_status,kcwace1_0.last_tested_at,kcwace1_0.phone_number_id,kcwace1_0.updated_at from kids_champ_whatsapp_config kcwace1_0 where kcwace1_0.id=?
2026-08-13T19:46:22.877+05:30 DEBUG 2600 --- [aplus-kids-api] [nio-8081-exec-9] o.s.web.servlet.DispatcherServlet        : POST "/api/v1/admin-invitations/validate", parameters={}
2026-08-13T19:46:22.877+05:30 DEBUG 2600 --- [aplus-kids-api] [nio-8081-exec-9] s.w.s.m.m.a.RequestMappingHandlerMapping : Mapped to lk.apluskids.platform.adminmanagement.AdministratorManagementController#validate(ValidateInvitationRequest)
2026-08-13T19:46:22.877+05:30 DEBUG 2600 --- [aplus-kids-api] [nio-8081-exec-9] m.m.a.RequestResponseBodyMethodProcessor : Read "application/json;charset=UTF-8" to [ValidateInvitationRequest[email=kawshal43@gmail.com, code=021035]]
2026-08-13T19:46:22.893+05:30 DEBUG 2600 --- [aplus-kids-api] [nio-8081-exec-9] org.hibernate.SQL                        : select ame1_0.id,ame1_0.activated_at,ame1_0.cancelled_at,ame1_0.cancelled_by_user_id,ame1_0.invite_reason,ame1_0.invited_at,ame1_0.invited_by_user_id,ame1_0.public_id,ame1_0.role,ame1_0.status,ame1_0.suspended_at,ame1_0.suspended_by_user_id,ame1_0.suspension_reason,ame1_0.updated_at,ame1_0.user_id,u1_0.id,u1_0.account_holder_name,u1_0.created_at,u1_0.credentials_changed_at,u1_0.deleted_at,u1_0.email,u1_0.email_verified_at,u1_0.failed_login_count,u1_0.last_login_at,u1_0.locked_until,u1_0.password_hash,u1_0.phone_e164,u1_0.phone_verified_at,u1_0.public_id,u1_0.status,u1_0.updated_at,u1_0.version,ame1_0.verification_failed_attempts,ame1_0.verification_locked_until,ame1_0.version from administrator_memberships ame1_0 join users u1_0 on u1_0.id=ame1_0.user_id where lower(u1_0.email)=lower(?) for no key update of ame1_0
2026-08-13T19:46:22.893+05:30 DEBUG 2600 --- [aplus-kids-api] [nio-8081-exec-9] org.hibernate.SQL                        : select r1_0.user_id,r1_1.id,r1_1.created_at,r1_1.description,r1_1.name from user_roles r1_0 join roles r1_1 on r1_1.id=r1_0.role_id where r1_0.user_id=?
2026-08-13T19:46:22.893+05:30 DEBUG 2600 --- [aplus-kids-api] [nio-8081-exec-9] org.hibernate.SQL                        : select evte1_0.id,evte1_0.consumed_at,evte1_0.created_at,evte1_0.expires_at,evte1_0.issued_at,evte1_0.public_id,evte1_0.revoked_at,evte1_0.token_hash,evte1_0.user_id from email_verification_tokens evte1_0 where evte1_0.token_hash=?
2026-08-13T19:46:22.893+05:30 DEBUG 2600 --- [aplus-kids-api] [nio-8081-exec-9] m.m.a.RequestResponseBodyMethodProcessor : Using 'application/json', given [*/*] and supported [application/json, application/*+json]
2026-08-13T19:46:22.910+05:30 DEBUG 2600 --- [aplus-kids-api] [nio-8081-exec-9] m.m.a.RequestResponseBodyMethodProcessor : Writing [{message=Verification code confirmed.}]
2026-08-13T19:46:22.911+05:30 DEBUG 2600 --- [aplus-kids-api] [nio-8081-exec-9] o.s.web.servlet.DispatcherServlet        : Completed 200 OK
2026-08-13T19:46:23.112+05:30 DEBUG 2600 --- [aplus-kids-api] [   scheduling-1] org.hibernate.SQL                        : select kcwace1_0.id,kcwace1_0.access_token_encrypted,kcwace1_0.business_account_id,kcwace1_0.graph_api_version,kcwace1_0.last_test_message,kcwace1_0.last_test_status,kcwace1_0.last_tested_at,kcwace1_0.phone_number_id,kcwace1_0.updated_at from kids_champ_whatsapp_config kcwace1_0 where kcwace1_0.id=?
2026-08-13T19:46:24.127+05:30 DEBUG 2600 --- [aplus-kids-api] [   scheduling-1] org.hibernate.SQL                        : select kcwace1_0.id,kcwace1_0.access_token_encrypted,kcwace1_0.business_account_id,kcwace1_0.graph_api_version,kcwace1_0.last_test_message,kcwace1_0.last_test_status,kcwace1_0.last_tested_at,kcwace1_0.phone_number_id,kcwace1_0.updated_at from kids_champ_whatsapp_config kcwace1_0 where kcwace1_0.id=?
2026-08-13T19:46:25.144+05:30 DEBUG 2600 --- [aplus-kids-api] [   scheduling-1] org.hibernate.SQL                        : select kcwace1_0.id,kcwace1_0.access_token_encrypted,kcwace1_0.business_account_id,kcwace1_0.graph_api_version,kcwace1_0.last_test_message,kcwace1_0.last_test_status,kcwace1_0.last_tested_at,kcwace1_0.phone_number_id,kcwace1_0.updated_at from kids_champ_whatsapp_config kcwace1_0 where kcwace1_0.id=?
2026-08-13T19:46:26.160+05:30 DEBUG 2600 --- [aplus-kids-api] [   scheduling-1] org.hibernate.SQL                        : select kcwace1_0.id,kcwace1_0.access_token_encrypted,kcwace1_0.business_account_id,kcwace1_0.graph_api_version,kcwace1_0.last_test_message,kcwace1_0.last_test_status,kcwace1_0.last_tested_at,kcwace1_0.phone_number_id,kcwace1_0.updated_at from kids_champ_whatsapp_config kcwace1_0 where kcwace1_0.id=?
2026-08-13T19:46:27.177+05:30 DEBUG 2600 --- [aplus-kids-api] [   scheduling-1] org.hibernate.SQL                        : select kcwace1_0.id,kcwace1_0.access_token_encrypted,kcwace1_0.business_account_id,kcwace1_0.graph_api_version,kcwace1_0.last_test_message,kcwace1_0.last_test_status,kcwace1_0.last_tested_at,kcwace1_0.phone_number_id,kcwace1_0.updated_at from kids_champ_whatsapp_config kcwace1_0 where kcwace1_0.id=?
2026-08-13T19:46:28.194+05:30 DEBUG 2600 --- [aplus-kids-api] [   scheduling-1] org.hibernate.SQL                        : select kcwace1_0.id,kcwace1_0.access_token_encrypted,kcwace1_0.business_account_id,kcwace1_0.graph_api_version,kcwace1_0.last_test_message,kcwace1_0.last_test_status,kcwace1_0.last_tested_at,kcwace1_0.phone_number_id,kcwace1_0.updated_at from kids_champ_whatsapp_config kcwace1_0 where kcwace1_0.id=?
2026-08-13T19:46:29.211+05:30 DEBUG 2600 --- [aplus-kids-api] [   scheduling-1] org.hibernate.SQL                        : select kcwace1_0.id,kcwace1_0.access_token_encrypted,kcwace1_0.business_account_id,kcwace1_0.graph_api_version,kcwace1_0.last_test_message,kcwace1_0.last_test_status,kcwace1_0.last_tested_at,kcwace1_0.phone_number_id,kcwace1_0.updated_at from kids_champ_whatsapp_config kcwace1_0 where kcwace1_0.id=?
2026-08-13T19:46:30.227+05:30 DEBUG 2600 --- [aplus-kids-api] [   scheduling-1] org.hibernate.SQL                        : select kcwace1_0.id,kcwace1_0.access_token_encrypted,kcwace1_0.business_account_id,kcwace1_0.graph_api_version,kcwace1_0.last_test_message,kcwace1_0.last_test_status,kcwace1_0.last_tested_at,kcwace1_0.phone_number_id,kcwace1_0.updated_at from kids_champ_whatsapp_config kcwace1_0 where kcwace1_0.id=?
2026-08-13T19:46:31.261+05:30 DEBUG 2600 --- [aplus-kids-api] [   scheduling-1] org.hibernate.SQL                        : select kcwace1_0.id,kcwace1_0.access_token_encrypted,kcwace1_0.business_account_id,kcwace1_0.graph_api_version,kcwace1_0.last_test_message,kcwace1_0.last_test_status,kcwace1_0.last_tested_at,kcwace1_0.phone_number_id,kcwace1_0.updated_at from kids_champ_whatsapp_config kcwace1_0 where kcwace1_0.id=?
2026-08-13T19:46:32.277+05:30 DEBUG 2600 --- [aplus-kids-api] [   scheduling-1] org.hibernate.SQL                        : select kcwace1_0.id,kcwace1_0.access_token_encrypted,kcwace1_0.business_account_id,kcwace1_0.graph_api_version,kcwace1_0.last_test_message,kcwace1_0.last_test_status,kcwace1_0.last_tested_at,kcwace1_0.phone_number_id,kcwace1_0.updated_at from kids_champ_whatsapp_config kcwace1_0 where kcwace1_0.id=?
2026-08-13T19:46:33.293+05:30 DEBUG 2600 --- [aplus-kids-api] [   scheduling-1] org.hibernate.SQL                        : select kcwace1_0.id,kcwace1_0.access_token_encrypted,kcwace1_0.business_account_id,kcwace1_0.graph_api_version,kcwace1_0.last_test_message,kcwace1_0.last_test_status,kcwace1_0.last_tested_at,kcwace1_0.phone_number_id,kcwace1_0.updated_at from kids_champ_whatsapp_config kcwace1_0 where kcwace1_0.id=?
2026-08-13T19:46:34.311+05:30 DEBUG 2600 --- [aplus-kids-api] [   scheduling-1] org.hibernate.SQL                        : select kcwace1_0.id,kcwace1_0.access_token_encrypted,kcwace1_0.business_account_id,kcwace1_0.graph_api_version,kcwace1_0.last_test_message,kcwace1_0.last_test_status,kcwace1_0.last_tested_at,kcwace1_0.phone_number_id,kcwace1_0.updated_at from kids_champ_whatsapp_config kcwace1_0 where kcwace1_0.id=?
2026-08-13T19:46:35.327+05:30 DEBUG 2600 --- [aplus-kids-api] [   scheduling-1] org.hibernate.SQL                        : select kcwace1_0.id,kcwace1_0.access_token_encrypted,kcwace1_0.business_account_id,kcwace1_0.graph_api_version,kcwace1_0.last_test_message,kcwace1_0.last_test_status,kcwace1_0.last_tested_at,kcwace1_0.phone_number_id,kcwace1_0.updated_at from kids_champ_whatsapp_config kcwace1_0 where kcwace1_0.id=?
2026-08-13T19:46:36.344+05:30 DEBUG 2600 --- [aplus-kids-api] [   scheduling-1] org.hibernate.SQL                        : select kcwace1_0.id,kcwace1_0.access_token_encrypted,kcwace1_0.business_account_id,kcwace1_0.graph_api_version,kcwace1_0.last_test_message,kcwace1_0.last_test_status,kcwace1_0.last_tested_at,kcwace1_0.phone_number_id,kcwace1_0.updated_at from kids_champ_whatsapp_config kcwace1_0 where kcwace1_0.id=?
2026-08-13T19:46:37.362+05:30 DEBUG 2600 --- [aplus-kids-api] [   scheduling-1] org.hibernate.SQL                        : select kcwace1_0.id,kcwace1_0.access_token_encrypted,kcwace1_0.business_account_id,kcwace1_0.graph_api_version,kcwace1_0.last_test_message,kcwace1_0.last_test_status,kcwace1_0.last_tested_at,kcwace1_0.phone_number_id,kcwace1_0.updated_at from kids_champ_whatsapp_config kcwace1_0 where kcwace1_0.id=?
2026-08-13T19:46:38.377+05:30 DEBUG 2600 --- [aplus-kids-api] [   scheduling-1] org.hibernate.SQL                        : select kcwace1_0.id,kcwace1_0.access_token_encrypted,kcwace1_0.business_account_id,kcwace1_0.graph_api_version,kcwace1_0.last_test_message,kcwace1_0.last_test_status,kcwace1_0.last_tested_at,kcwace1_0.phone_number_id,kcwace1_0.updated_at from kids_champ_whatsapp_config kcwace1_0 where kcwace1_0.id=?
2026-08-13T19:46:39.393+05:30 DEBUG 2600 --- [aplus-kids-api] [   scheduling-1] org.hibernate.SQL                        : select kcwace1_0.id,kcwace1_0.access_token_encrypted,kcwace1_0.business_account_id,kcwace1_0.graph_api_version,kcwace1_0.last_test_message,kcwace1_0.last_test_status,kcwace1_0.last_tested_at,kcwace1_0.phone_number_id,kcwace1_0.updated_at from kids_champ_whatsapp_config kcwace1_0 where kcwace1_0.id=?
2026-08-13T19:46:40.410+05:30 DEBUG 2600 --- [aplus-kids-api] [   scheduling-1] org.hibernate.SQL                        : select kcwace1_0.id,kcwace1_0.access_token_encrypted,kcwace1_0.business_account_id,kcwace1_0.graph_api_version,kcwace1_0.last_test_message,kcwace1_0.last_test_status,kcwace1_0.last_tested_at,kcwace1_0.phone_number_id,kcwace1_0.updated_at from kids_champ_whatsapp_config kcwace1_0 where kcwace1_0.id=?
2026-08-13T19:46:41.427+05:30 DEBUG 2600 --- [aplus-kids-api] [   scheduling-1] org.hibernate.SQL                        : select kcwace1_0.id,kcwace1_0.access_token_encrypted,kcwace1_0.business_account_id,kcwace1_0.graph_api_version,kcwace1_0.last_test_message,kcwace1_0.last_test_status,kcwace1_0.last_tested_at,kcwace1_0.phone_number_id,kcwace1_0.updated_at from kids_champ_whatsapp_config kcwace1_0 where kcwace1_0.id=?
2026-08-13T19:46:42.596+05:30 DEBUG 2600 --- [aplus-kids-api] [   scheduling-1] org.hibernate.SQL                        : select kcwace1_0.id,kcwace1_0.access_token_encrypted,kcwace1_0.business_account_id,kcwace1_0.graph_api_version,kcwace1_0.last_test_message,kcwace1_0.last_test_status,kcwace1_0.last_tested_at,kcwace1_0.phone_number_id,kcwace1_0.updated_at from kids_champ_whatsapp_config kcwace1_0 where kcwace1_0.id=?
2026-08-13T19:46:43.611+05:30 DEBUG 2600 --- [aplus-kids-api] [   scheduling-1] org.hibernate.SQL                        : select kcwace1_0.id,kcwace1_0.access_token_encrypted,kcwace1_0.business_account_id,kcwace1_0.graph_api_version,kcwace1_0.last_test_message,kcwace1_0.last_test_status,kcwace1_0.last_tested_at,kcwace1_0.phone_number_id,kcwace1_0.updated_at from kids_champ_whatsapp_config kcwace1_0 where kcwace1_0.id=?
2026-08-13T19:46:44.628+05:30 DEBUG 2600 --- [aplus-kids-api] [   scheduling-1] org.hibernate.SQL                        : select kcwace1_0.id,kcwace1_0.access_token_encrypted,kcwace1_0.business_account_id,kcwace1_0.graph_api_version,kcwace1_0.last_test_message,kcwace1_0.last_test_status,kcwace1_0.last_tested_at,kcwace1_0.phone_number_id,kcwace1_0.updated_at from kids_champ_whatsapp_config kcwace1_0 where kcwace1_0.id=?
2026-08-13T19:46:44.783+05:30 DEBUG 2600 --- [aplus-kids-api] [nio-8081-exec-1] o.s.web.servlet.DispatcherServlet        : GET "/api/v1/health", parameters={}
2026-08-13T19:46:44.783+05:30 DEBUG 2600 --- [aplus-kids-api] [nio-8081-exec-1] s.w.s.m.m.a.RequestMappingHandlerMapping : Mapped to lk.apluskids.platform.common.DatabaseHealthController#health()
2026-08-13T19:46:44.783+05:30 DEBUG 2600 --- [aplus-kids-api] [nio-8081-exec-1] o.s.jdbc.core.JdbcTemplate               : Executing SQL query [SELECT 1]
2026-08-13T19:46:44.783+05:30 DEBUG 2600 --- [aplus-kids-api] [nio-8081-exec-1] m.m.a.RequestResponseBodyMethodProcessor : Using 'application/json', given [*/*] and supported [application/json, application/*+json]
2026-08-13T19:46:44.794+05:30 DEBUG 2600 --- [aplus-kids-api] [nio-8081-exec-1] m.m.a.RequestResponseBodyMethodProcessor : Writing [HealthResponse[status=UP]]
2026-08-13T19:46:44.795+05:30 DEBUG 2600 --- [aplus-kids-api] [nio-8081-exec-1] o.s.web.servlet.DispatcherServlet        : Completed 200 OK
2026-08-13T19:46:44.806+05:30 DEBUG 2600 --- [aplus-kids-api] [nio-8081-exec-2] org.hibernate.SQL                        : select ue1_0.id,ue1_0.account_holder_name,ue1_0.created_at,ue1_0.credentials_changed_at,ue1_0.deleted_at,ue1_0.email,ue1_0.email_verified_at,ue1_0.failed_login_count,ue1_0.last_login_at,ue1_0.locked_until,ue1_0.password_hash,ue1_0.phone_e164,ue1_0.phone_verified_at,ue1_0.public_id,ue1_0.status,ue1_0.updated_at,ue1_0.version from users ue1_0 where ue1_0.public_id=?
2026-08-13T19:46:44.806+05:30 DEBUG 2600 --- [aplus-kids-api] [nio-8081-exec-2] org.hibernate.SQL                        : select r1_0.user_id,r1_1.id,r1_1.created_at,r1_1.description,r1_1.name from user_roles r1_0 join roles r1_1 on r1_1.id=r1_0.role_id where r1_0.user_id=?
2026-08-13T19:46:44.806+05:30 DEBUG 2600 --- [aplus-kids-api] [nio-8081-exec-2] o.s.web.servlet.DispatcherServlet        : GET "/api/v1/admin/kids-champ/overview", parameters={}
2026-08-13T19:46:44.810+05:30 DEBUG 2600 --- [aplus-kids-api] [nio-8081-exec-2] s.w.s.m.m.a.RequestMappingHandlerMapping : Mapped to lk.apluskids.platform.kidschamp.KidsChampAdminController#overview(JwtAuthenticationToken)
2026-08-13T19:46:44.810+05:30 DEBUG 2600 --- [aplus-kids-api] [nio-8081-exec-2] org.hibernate.SQL                        : select kcse1_0.id,kcse1_0.age_at_submission,kcse1_0.assigned_reviewer_user_id,kcse1_0.batch_id,kcse1_0.category,kcse1_0.child_name,cp1_0.id,cp1_0.address,cp1_0.country_code,cp1_0.created_at,cp1_0.date_of_birth,cp1_0.deleted_at,cp1_0.full_name,cp1_0.gender,cp1_0.hometown,cp1_0.province,cp1_0.public_id,cp1_0.updated_at,cp1_0.user_id,cp1_0.version,kcse1_0.consent_accepted_at,kcse1_0.country_code,kcse1_0.date_of_birth,kcse1_0.deleted_at,kcse1_0.deleted_by_user_id,kcse1_0.email,kcse1_0.file_size,kcse1_0.file_status,gc1_0.id,gc1_0.claimed_at,gc1_0.claimed_by_user_id,gc1_0.country_code,gc1_0.deleted_at,gc1_0.email,gc1_0.first_submitted_at,gc1_0.hometown,gc1_0.last_submitted_at,gc1_0.parent_name,gc1_0.phone_e164,gc1_0.province,gc1_0.public_id,gc1_0.submission_count,gp1_0.id,gp1_0.child_name,gp1_0.guest_contact_id,c1_0.id,c1_0.claimed_at,c1_0.claimed_by_user_id,c1_0.country_code,c1_0.deleted_at,c1_0.email,c1_0.first_submitted_at,c1_0.hometown,c1_0.last_submitted_at,c1_0.parent_name,c1_0.phone_e164,c1_0.province,c1_0.public_id,c1_0.submission_count,gp1_0.created_at,gp1_0.date_of_birth,gp1_0.hometown,gp1_0.merge_reason,gp1_0.merged_at,gp1_0.merged_by_user_id,gp1_0.merged_into_reference,gp1_0.merged_into_type,gp1_0.normalized_child_name,gp1_0.province,gp1_0.public_id,gp1_0.updated_at,gp1_0.version,kcse1_0.hometown,kcse1_0.internal_note,kcse1_0.last_participant_merge_id,kcse1_0.media_type,kcse1_0.original_filename,kcse1_0.parent_name,kcse1_0.phone_e164,kcse1_0.photo_deleted_at,kcse1_0.previewed_at,kcse1_0.province,kcse1_0.public_id,kcse1_0.rejection_reason,kcse1_0.review_status,kcse1_0.reviewed_at,kcse1_0.reviewed_by_user_id,kcse1_0.stored_filename,kcse1_0.submitted_at,kcse1_0.telecast_status,kcse1_0.tracking_code,u2_0.id,u2_0.account_holder_name,u2_0.created_at,u2_0.credentials_changed_at,u2_0.deleted_at,u2_0.email,u2_0.email_verified_at,u2_0.failed_login_count,u2_0.last_login_at,u2_0.locked_until,u2_0.password_hash,u2_0.phone_e164,u2_0.phone_verified_at,u2_0.public_id,u2_0.status,u2_0.updated_at,u2_0.version,kcse1_0.version,kcse1_0.whatsapp_consent_at,kcse1_0.work_description,kcse1_0.work_title from kids_champ_submissions kcse1_0 left join child_profiles cp1_0 on cp1_0.id=kcse1_0.child_profile_id left join kids_champ_guest_contacts gc1_0 on gc1_0.id=kcse1_0.guest_contact_id left join kids_champ_guest_participants gp1_0 on gp1_0.id=kcse1_0.guest_participant_id left join kids_champ_guest_contacts c1_0 on c1_0.id=gp1_0.guest_contact_id left join users u2_0 on u2_0.id=kcse1_0.user_id where kcse1_0.deleted_at is null order by kcse1_0.submitted_at desc
2026-08-13T19:46:44.869+05:30 DEBUG 2600 --- [aplus-kids-api] [nio-8081-exec-2] org.hibernate.SQL                        : select kcwape1_0.participant_reference,kcwape1_0.opted_in_at,kcwape1_0.opted_out_at,kcwape1_0.reason,kcwape1_0.source,kcwape1_0.status,kcwape1_0.updated_at,kcwape1_0.updated_by_user_id from kids_champ_whatsapp_preferences kcwape1_0
2026-08-13T19:46:44.876+05:30 DEBUG 2600 --- [aplus-kids-api] [nio-8081-exec-2] org.hibernate.SQL                        : select kcse1_0.id,kcse1_0.age_at_submission,kcse1_0.assigned_reviewer_user_id,kcse1_0.batch_id,kcse1_0.category,kcse1_0.child_name,cp1_0.id,cp1_0.address,cp1_0.country_code,cp1_0.created_at,cp1_0.date_of_birth,cp1_0.deleted_at,cp1_0.full_name,cp1_0.gender,cp1_0.hometown,cp1_0.province,cp1_0.public_id,cp1_0.updated_at,cp1_0.user_id,cp1_0.version,kcse1_0.consent_accepted_at,kcse1_0.country_code,kcse1_0.date_of_birth,kcse1_0.deleted_at,kcse1_0.deleted_by_user_id,kcse1_0.email,kcse1_0.file_size,kcse1_0.file_status,gc1_0.id,gc1_0.claimed_at,gc1_0.claimed_by_user_id,gc1_0.country_code,gc1_0.deleted_at,gc1_0.email,gc1_0.first_submitted_at,gc1_0.hometown,gc1_0.last_submitted_at,gc1_0.parent_name,gc1_0.phone_e164,gc1_0.province,gc1_0.public_id,gc1_0.submission_count,gp1_0.id,gp1_0.child_name,gp1_0.guest_contact_id,c1_0.id,c1_0.claimed_at,c1_0.claimed_by_user_id,c1_0.country_code,c1_0.deleted_at,c1_0.email,c1_0.first_submitted_at,c1_0.hometown,c1_0.last_submitted_at,c1_0.parent_name,c1_0.phone_e164,c1_0.province,c1_0.public_id,c1_0.submission_count,gp1_0.created_at,gp1_0.date_of_birth,gp1_0.hometown,gp1_0.merge_reason,gp1_0.merged_at,gp1_0.merged_by_user_id,gp1_0.merged_into_reference,gp1_0.merged_into_type,gp1_0.normalized_child_name,gp1_0.province,gp1_0.public_id,gp1_0.updated_at,gp1_0.version,kcse1_0.hometown,kcse1_0.internal_note,kcse1_0.last_participant_merge_id,kcse1_0.media_type,kcse1_0.original_filename,kcse1_0.parent_name,kcse1_0.phone_e164,kcse1_0.photo_deleted_at,kcse1_0.previewed_at,kcse1_0.province,kcse1_0.public_id,kcse1_0.rejection_reason,kcse1_0.review_status,kcse1_0.reviewed_at,kcse1_0.reviewed_by_user_id,kcse1_0.stored_filename,kcse1_0.submitted_at,kcse1_0.telecast_status,kcse1_0.tracking_code,u2_0.id,u2_0.account_holder_name,u2_0.created_at,u2_0.credentials_changed_at,u2_0.deleted_at,u2_0.email,u2_0.email_verified_at,u2_0.failed_login_count,u2_0.last_login_at,u2_0.locked_until,u2_0.password_hash,u2_0.phone_e164,u2_0.phone_verified_at,u2_0.public_id,u2_0.status,u2_0.updated_at,u2_0.version,kcse1_0.version,kcse1_0.whatsapp_consent_at,kcse1_0.work_description,kcse1_0.work_title from kids_champ_submissions kcse1_0 left join child_profiles cp1_0 on cp1_0.id=kcse1_0.child_profile_id left join kids_champ_guest_contacts gc1_0 on gc1_0.id=kcse1_0.guest_contact_id left join kids_champ_guest_participants gp1_0 on gp1_0.id=kcse1_0.guest_participant_id left join kids_champ_guest_contacts c1_0 on c1_0.id=gp1_0.guest_contact_id left join users u2_0 on u2_0.id=kcse1_0.user_id where kcse1_0.deleted_at is null order by kcse1_0.submitted_at desc
2026-08-13T19:46:44.910+05:30 DEBUG 2600 --- [aplus-kids-api] [nio-8081-exec-2] org.hibernate.SQL                        : select kcbe1_0.id,kcbe1_0.alternate_telecast_date,kcbe1_0.archive_path,kcbe1_0.batch_code,kcbe1_0.cleanup_failure_count,kcbe1_0.cleanup_pending,kcbe1_0.created_at,kcbe1_0.created_by_user_id,kcbe1_0.delete_after,kcbe1_0.deleted_at,kcbe1_0.deleted_by_user_id,kcbe1_0.edited_at,kcbe1_0.first_downloaded_at,kcbe1_0.last_cleanup_attempt_at,kcbe1_0.photo_count,kcbe1_0.public_id,kcbe1_0.purged_at,kcbe1_0.retention_days,kcbe1_0.status,kcbe1_0.telecast_completed_at,kcbe1_0.telecast_date,kcbe1_0.version,kcbe1_0.warning_days from kids_champ_batches kcbe1_0 order by kcbe1_0.created_at desc,kcbe1_0.id desc
2026-08-13T19:46:44.910+05:30 DEBUG 2600 --- [aplus-kids-api] [nio-8081-exec-2] m.m.a.RequestResponseBodyMethodProcessor : Using 'application/json', given [*/*] and supported [application/json, application/*+json]
2026-08-13T19:46:44.910+05:30 DEBUG 2600 --- [aplus-kids-api] [nio-8081-exec-2] m.m.a.RequestResponseBodyMethodProcessor : Writing [OverviewResponse[totalSubmissions=1237, newToday=0, pendingReviews=40, approved=1197, selectedForTv= (truncated)...]
2026-08-13T19:46:44.910+05:30 DEBUG 2600 --- [aplus-kids-api] [nio-8081-exec-2] o.s.web.servlet.DispatcherServlet        : Completed 200 OK
2026-08-13T19:46:45.643+05:30 DEBUG 2600 --- [aplus-kids-api] [   scheduling-1] org.hibernate.SQL                        : select kcwace1_0.id,kcwace1_0.access_token_encrypted,kcwace1_0.business_account_id,kcwace1_0.graph_api_version,kcwace1_0.last_test_message,kcwace1_0.last_test_status,kcwace1_0.last_tested_at,kcwace1_0.phone_number_id,kcwace1_0.updated_at from kids_champ_whatsapp_config kcwace1_0 where kcwace1_0.id=?
2026-08-13T19:46:46.660+05:30 DEBUG 2600 --- [aplus-kids-api] [   scheduling-1] org.hibernate.SQL                        : select kcwace1_0.id,kcwace1_0.access_token_encrypted,kcwace1_0.business_account_id,kcwace1_0.graph_api_version,kcwace1_0.last_test_message,kcwace1_0.last_test_status,kcwace1_0.last_tested_at,kcwace1_0.phone_number_id,kcwace1_0.updated_at from kids_champ_whatsapp_config kcwace1_0 where kcwace1_0.id=?
2026-08-13T19:46:47.677+05:30 DEBUG 2600 --- [aplus-kids-api] [   scheduling-1] org.hibernate.SQL                        : select kcwace1_0.id,kcwace1_0.access_token_encrypted,kcwace1_0.business_account_id,kcwace1_0.graph_api_version,kcwace1_0.last_test_message,kcwace1_0.last_test_status,kcwace1_0.last_tested_at,kcwace1_0.phone_number_id,kcwace1_0.updated_at from kids_champ_whatsapp_config kcwace1_0 where kcwace1_0.id=?
2026-08-13T19:46:48.693+05:30 DEBUG 2600 --- [aplus-kids-api] [   scheduling-1] org.hibernate.SQL                        : select kcwace1_0.id,kcwace1_0.access_token_encrypted,kcwace1_0.business_account_id,kcwace1_0.graph_api_version,kcwace1_0.last_test_message,kcwace1_0.last_test_status,kcwace1_0.last_tested_at,kcwace1_0.phone_number_id,kcwace1_0.updated_at from kids_champ_whatsapp_config kcwace1_0 where kcwace1_0.id=?
2026-08-13T19:46:49.712+05:30 DEBUG 2600 --- [aplus-kids-api] [   scheduling-1] org.hibernate.SQL                        : select kcwace1_0.id,kcwace1_0.access_token_encrypted,kcwace1_0.business_account_id,kcwace1_0.graph_api_version,kcwace1_0.last_test_message,kcwace1_0.last_test_status,kcwace1_0.last_tested_at,kcwace1_0.phone_number_id,kcwace1_0.updated_at from kids_champ_whatsapp_config kcwace1_0 where kcwace1_0.id=?
2026-08-13T19:46:50.726+05:30 DEBUG 2600 --- [aplus-kids-api] [   scheduling-1] org.hibernate.SQL                        : select kcwace1_0.id,kcwace1_0.access_token_encrypted,kcwace1_0.business_account_id,kcwace1_0.graph_api_version,kcwace1_0.last_test_message,kcwace1_0.last_test_status,kcwace1_0.last_tested_at,kcwace1_0.phone_number_id,kcwace1_0.updated_at from kids_champ_whatsapp_config kcwace1_0 where kcwace1_0.id=?
2026-08-13T19:46:51.743+05:30 DEBUG 2600 --- [aplus-kids-api] [   scheduling-1] org.hibernate.SQL                        : select kcwace1_0.id,kcwace1_0.access_token_encrypted,kcwace1_0.business_account_id,kcwace1_0.graph_api_version,kcwace1_0.last_test_message,kcwace1_0.last_test_status,kcwace1_0.last_tested_at,kcwace1_0.phone_number_id,kcwace1_0.updated_at from kids_champ_whatsapp_config kcwace1_0 where kcwace1_0.id=?
2026-08-13T19:46:52.760+05:30 DEBUG 2600 --- [aplus-kids-api] [   scheduling-1] org.hibernate.SQL                        : select kcwace1_0.id,kcwace1_0.access_token_encrypted,kcwace1_0.business_account_id,kcwace1_0.graph_api_version,kcwace1_0.last_test_message,kcwace1_0.last_test_status,kcwace1_0.last_tested_at,kcwace1_0.phone_number_id,kcwace1_0.updated_at from kids_champ_whatsapp_config kcwace1_0 where kcwace1_0.id=?
2026-08-13T19:46:53.776+05:30 DEBUG 2600 --- [aplus-kids-api] [   scheduling-1] org.hibernate.SQL                        : select kcwace1_0.id,kcwace1_0.access_token_encrypted,kcwace1_0.business_account_id,kcwace1_0.graph_api_version,kcwace1_0.last_test_message,kcwace1_0.last_test_status,kcwace1_0.last_tested_at,kcwace1_0.phone_number_id,kcwace1_0.updated_at from kids_champ_whatsapp_config kcwace1_0 where kcwace1_0.id=?
2026-08-13T19:46:54.793+05:30 DEBUG 2600 --- [aplus-kids-api] [   scheduling-1] org.hibernate.SQL                        : select kcwace1_0.id,kcwace1_0.access_token_encrypted,kcwace1_0.business_account_id,kcwace1_0.graph_api_version,kcwace1_0.last_test_message,kcwace1_0.last_test_status,kcwace1_0.last_tested_at,kcwace1_0.phone_number_id,kcwace1_0.updated_at from kids_champ_whatsapp_config kcwace1_0 where kcwace1_0.id=?
2026-08-13T19:46:55.810+05:30 DEBUG 2600 --- [aplus-kids-api] [   scheduling-1] org.hibernate.SQL                        : select kcwace1_0.id,kcwace1_0.access_token_encrypted,kcwace1_0.business_account_id,kcwace1_0.graph_api_version,kcwace1_0.last_test_message,kcwace1_0.last_test_status,kcwace1_0.last_tested_at,kcwace1_0.phone_number_id,kcwace1_0.updated_at from kids_champ_whatsapp_config kcwace1_0 where kcwace1_0.id=?
2026-08-13T19:46:56.827+05:30 DEBUG 2600 --- [aplus-kids-api] [   scheduling-1] org.hibernate.SQL                        : select kcwace1_0.id,kcwace1_0.access_token_encrypted,kcwace1_0.business_account_id,kcwace1_0.graph_api_version,kcwace1_0.last_test_message,kcwace1_0.last_test_status,kcwace1_0.last_tested_at,kcwace1_0.phone_number_id,kcwace1_0.updated_at from kids_champ_whatsapp_config kcwace1_0 where kcwace1_0.id=?
2026-08-13T19:46:57.845+05:30 DEBUG 2600 --- [aplus-kids-api] [   scheduling-1] org.hibernate.SQL                        : select kcwace1_0.id,kcwace1_0.access_token_encrypted,kcwace1_0.business_account_id,kcwace1_0.graph_api_version,kcwace1_0.last_test_message,kcwace1_0.last_test_status,kcwace1_0.last_tested_at,kcwace1_0.phone_number_id,kcwace1_0.updated_at from kids_champ_whatsapp_config kcwace1_0 where kcwace1_0.id=?
2026-08-13T19:46:58.861+05:30 DEBUG 2600 --- [aplus-kids-api] [   scheduling-1] org.hibernate.SQL                        : select kcwace1_0.id,kcwace1_0.access_token_encrypted,kcwace1_0.business_account_id,kcwace1_0.graph_api_version,kcwace1_0.last_test_message,kcwace1_0.last_test_status,kcwace1_0.last_tested_at,kcwace1_0.phone_number_id,kcwace1_0.updated_at from kids_champ_whatsapp_config kcwace1_0 where kcwace1_0.id=?
2026-08-13T19:46:59.878+05:30 DEBUG 2600 --- [aplus-kids-api] [   scheduling-1] org.hibernate.SQL                        : select kcwace1_0.id,kcwace1_0.access_token_encrypted,kcwace1_0.business_account_id,kcwace1_0.graph_api_version,kcwace1_0.last_test_message,kcwace1_0.last_test_status,kcwace1_0.last_tested_at,kcwace1_0.phone_number_id,kcwace1_0.updated_at from kids_champ_whatsapp_config kcwace1_0 where kcwace1_0.id=?
2026-08-13T19:47:00.013+05:30 DEBUG 2600 --- [aplus-kids-api] [   scheduling-1] org.hibernate.SQL                        : select ue1_0.id,ue1_0.account_holder_name,ue1_0.created_at,ue1_0.credentials_changed_at,ue1_0.deleted_at,ue1_0.email,ue1_0.email_verified_at,ue1_0.failed_login_count,ue1_0.last_login_at,ue1_0.locked_until,ue1_0.password_hash,ue1_0.phone_e164,ue1_0.phone_verified_at,ue1_0.public_id,ue1_0.status,ue1_0.updated_at,ue1_0.version from users ue1_0
2026-08-13T19:47:00.018+05:30 DEBUG 2600 --- [aplus-kids-api] [   scheduling-1] org.hibernate.SQL                        : select r1_0.user_id,r1_1.id,r1_1.created_at,r1_1.description,r1_1.name from user_roles r1_0 join roles r1_1 on r1_1.id=r1_0.role_id where r1_0.user_id=?
2026-08-13T19:47:00.018+05:30 DEBUG 2600 --- [aplus-kids-api] [   scheduling-1] org.hibernate.SQL                        : select r1_0.user_id,r1_1.id,r1_1.created_at,r1_1.description,r1_1.name from user_roles r1_0 join roles r1_1 on r1_1.id=r1_0.role_id where r1_0.user_id=?
2026-08-13T19:47:00.018+05:30 DEBUG 2600 --- [aplus-kids-api] [   scheduling-1] org.hibernate.SQL                        : select r1_0.user_id,r1_1.id,r1_1.created_at,r1_1.description,r1_1.name from user_roles r1_0 join roles r1_1 on r1_1.id=r1_0.role_id where r1_0.user_id=?
2026-08-13T19:47:00.027+05:30 DEBUG 2600 --- [aplus-kids-api] [   scheduling-1] org.hibernate.SQL                        : select r1_0.user_id,r1_1.id,r1_1.created_at,r1_1.description,r1_1.name from user_roles r1_0 join roles r1_1 on r1_1.id=r1_0.role_id where r1_0.user_id=?
2026-08-13T19:47:00.028+05:30 DEBUG 2600 --- [aplus-kids-api] [   scheduling-1] org.hibernate.SQL                        : select r1_0.user_id,r1_1.id,r1_1.created_at,r1_1.description,r1_1.name from user_roles r1_0 join roles r1_1 on r1_1.id=r1_0.role_id where r1_0.user_id=?
2026-08-13T19:47:00.030+05:30 DEBUG 2600 --- [aplus-kids-api] [   scheduling-1] org.hibernate.SQL                        : select r1_0.user_id,r1_1.id,r1_1.created_at,r1_1.description,r1_1.name from user_roles r1_0 join roles r1_1 on r1_1.id=r1_0.role_id where r1_0.user_id=?
2026-08-13T19:47:00.038+05:30 DEBUG 2600 --- [aplus-kids-api] [         task-4] org.hibernate.SQL                        : select kcse1_0.id,kcse1_0.active_zip_started_at,kcse1_0.active_zip_target_size,kcse1_0.allowed_file_types,kcse1_0.campaign_limit,kcse1_0.categories,kcse1_0.daily_telecast_limit,kcse1_0.default_message,kcse1_0.default_telecast_time,kcse1_0.frequent_participant_threshold,kcse1_0.max_file_size_mb,kcse1_0.maximum_age,kcse1_0.minimum_age,kcse1_0.require_whatsapp_consent,kcse1_0.updated_at,kcse1_0.updated_by_user_id,kcse1_0.zip_batch_size,kcse1_0.zip_expiry_days,kcse1_0.zip_warning_days from kids_champ_settings kcse1_0 where kcse1_0.id=? for no key update of kcse1_0
2026-08-13T19:47:00.038+05:30 DEBUG 2600 --- [aplus-kids-api] [         task-4] org.hibernate.SQL                        : select kcse1_0.id,kcse1_0.age_at_submission,kcse1_0.assigned_reviewer_user_id,kcse1_0.batch_id,kcse1_0.category,kcse1_0.child_name,kcse1_0.child_profile_id,kcse1_0.consent_accepted_at,kcse1_0.country_code,kcse1_0.date_of_birth,kcse1_0.deleted_at,kcse1_0.deleted_by_user_id,kcse1_0.email,kcse1_0.file_size,kcse1_0.file_status,kcse1_0.guest_contact_id,kcse1_0.guest_participant_id,kcse1_0.hometown,kcse1_0.internal_note,kcse1_0.last_participant_merge_id,kcse1_0.media_type,kcse1_0.original_filename,kcse1_0.parent_name,kcse1_0.phone_e164,kcse1_0.photo_deleted_at,kcse1_0.previewed_at,kcse1_0.province,kcse1_0.public_id,kcse1_0.rejection_reason,kcse1_0.review_status,kcse1_0.reviewed_at,kcse1_0.reviewed_by_user_id,kcse1_0.stored_filename,kcse1_0.submitted_at,kcse1_0.telecast_status,kcse1_0.tracking_code,kcse1_0.user_id,kcse1_0.version,kcse1_0.whatsapp_consent_at,kcse1_0.work_description,kcse1_0.work_title from kids_champ_submissions kcse1_0 where kcse1_0.review_status=? and kcse1_0.batch_id is null and kcse1_0.deleted_at is null and kcse1_0.photo_deleted_at is null and kcse1_0.stored_filename is not null order by kcse1_0.submitted_at,kcse1_0.id fetch first ? rows only for no key update of kcse1_0
2026-08-13T19:47:00.893+05:30 DEBUG 2600 --- [aplus-kids-api] [   scheduling-1] org.hibernate.SQL                        : select kcwace1_0.id,kcwace1_0.access_token_encrypted,kcwace1_0.business_account_id,kcwace1_0.graph_api_version,kcwace1_0.last_test_message,kcwace1_0.last_test_status,kcwace1_0.last_tested_at,kcwace1_0.phone_number_id,kcwace1_0.updated_at from kids_champ_whatsapp_config kcwace1_0 where kcwace1_0.id=?
2026-08-13T19:47:01.910+05:30 DEBUG 2600 --- [aplus-kids-api] [   scheduling-1] org.hibernate.SQL                        : select kcwace1_0.id,kcwace1_0.access_token_encrypted,kcwace1_0.business_account_id,kcwace1_0.graph_api_version,kcwace1_0.last_test_message,kcwace1_0.last_test_status,kcwace1_0.last_tested_at,kcwace1_0.phone_number_id,kcwace1_0.updated_at from kids_champ_whatsapp_config kcwace1_0 where kcwace1_0.id=?
2026-08-13T19:47:02.510+05:30 DEBUG 2600 --- [aplus-kids-api] [nio-8081-exec-6] o.s.web.servlet.DispatcherServlet        : POST "/api/v1/admin-invitations/validate", parameters={}
2026-08-13T19:47:02.510+05:30 DEBUG 2600 --- [aplus-kids-api] [nio-8081-exec-6] s.w.s.m.m.a.RequestMappingHandlerMapping : Mapped to lk.apluskids.platform.adminmanagement.AdministratorManagementController#validate(ValidateInvitationRequest)
2026-08-13T19:47:02.510+05:30 DEBUG 2600 --- [aplus-kids-api] [nio-8081-exec-6] m.m.a.RequestResponseBodyMethodProcessor : Read "application/json;charset=UTF-8" to [ValidateInvitationRequest[email=kawshal43@gmail.com, code=021035]]
2026-08-13T19:47:02.510+05:30 DEBUG 2600 --- [aplus-kids-api] [nio-8081-exec-6] org.hibernate.SQL                        : select ame1_0.id,ame1_0.activated_at,ame1_0.cancelled_at,ame1_0.cancelled_by_user_id,ame1_0.invite_reason,ame1_0.invited_at,ame1_0.invited_by_user_id,ame1_0.public_id,ame1_0.role,ame1_0.status,ame1_0.suspended_at,ame1_0.suspended_by_user_id,ame1_0.suspension_reason,ame1_0.updated_at,ame1_0.user_id,u1_0.id,u1_0.account_holder_name,u1_0.created_at,u1_0.credentials_changed_at,u1_0.deleted_at,u1_0.email,u1_0.email_verified_at,u1_0.failed_login_count,u1_0.last_login_at,u1_0.locked_until,u1_0.password_hash,u1_0.phone_e164,u1_0.phone_verified_at,u1_0.public_id,u1_0.status,u1_0.updated_at,u1_0.version,ame1_0.verification_failed_attempts,ame1_0.verification_locked_until,ame1_0.version from administrator_memberships ame1_0 join users u1_0 on u1_0.id=ame1_0.user_id where lower(u1_0.email)=lower(?) for no key update of ame1_0
2026-08-13T19:47:02.526+05:30 DEBUG 2600 --- [aplus-kids-api] [nio-8081-exec-6] org.hibernate.SQL                        : select r1_0.user_id,r1_1.id,r1_1.created_at,r1_1.description,r1_1.name from user_roles r1_0 join roles r1_1 on r1_1.id=r1_0.role_id where r1_0.user_id=?
2026-08-13T19:47:02.526+05:30 DEBUG 2600 --- [aplus-kids-api] [nio-8081-exec-6] org.hibernate.SQL                        : select evte1_0.id,evte1_0.consumed_at,evte1_0.created_at,evte1_0.expires_at,evte1_0.issued_at,evte1_0.public_id,evte1_0.revoked_at,evte1_0.token_hash,evte1_0.user_id from email_verification_tokens evte1_0 where evte1_0.token_hash=?
2026-08-13T19:47:02.526+05:30 DEBUG 2600 --- [aplus-kids-api] [nio-8081-exec-6] m.m.a.RequestResponseBodyMethodProcessor : Using 'application/json', given [*/*] and supported [application/json, application/*+json]
2026-08-13T19:47:02.526+05:30 DEBUG 2600 --- [aplus-kids-api] [nio-8081-exec-6] m.m.a.RequestResponseBodyMethodProcessor : Writing [{message=Verification code confirmed.}]
2026-08-13T19:47:02.526+05:30 DEBUG 2600 --- [aplus-kids-api] [nio-8081-exec-6] o.s.web.servlet.DispatcherServlet        : Completed 200 OK
2026-08-13T19:47:02.926+05:30 DEBUG 2600 --- [aplus-kids-api] [   scheduling-1] org.hibernate.SQL                        : select kcwace1_0.id,kcwace1_0.access_token_encrypted,kcwace1_0.business_account_id,kcwace1_0.graph_api_version,kcwace1_0.last_test_message,kcwace1_0.last_test_status,kcwace1_0.last_tested_at,kcwace1_0.phone_number_id,kcwace1_0.updated_at from kids_champ_whatsapp_config kcwace1_0 where kcwace1_0.id=?
2026-08-13T19:47:03.944+05:30 DEBUG 2600 --- [aplus-kids-api] [   scheduling-1] org.hibernate.SQL                        : select kcwace1_0.id,kcwace1_0.access_token_encrypted,kcwace1_0.business_account_id,kcwace1_0.graph_api_version,kcwace1_0.last_test_message,kcwace1_0.last_test_status,kcwace1_0.last_tested_at,kcwace1_0.phone_number_id,kcwace1_0.updated_at from kids_champ_whatsapp_config kcwace1_0 where kcwace1_0.id=?
2026-08-13T19:47:04.960+05:30 DEBUG 2600 --- [aplus-kids-api] [   scheduling-1] org.hibernate.SQL                        : select kcwace1_0.id,kcwace1_0.access_token_encrypted,kcwace1_0.business_account_id,kcwace1_0.graph_api_version,kcwace1_0.last_test_message,kcwace1_0.last_test_status,kcwace1_0.last_tested_at,kcwace1_0.phone_number_id,kcwace1_0.updated_at from kids_champ_whatsapp_config kcwace1_0 where kcwace1_0.id=?
2026-08-13T19:47:05.976+05:30 DEBUG 2600 --- [aplus-kids-api] [   scheduling-1] org.hibernate.SQL                        : select kcwace1_0.id,kcwace1_0.access_token_encrypted,kcwace1_0.business_account_id,kcwace1_0.graph_api_version,kcwace1_0.last_test_message,kcwace1_0.last_test_status,kcwace1_0.last_tested_at,kcwace1_0.phone_number_id,kcwace1_0.updated_at from kids_champ_whatsapp_config kcwace1_0 where kcwace1_0.id=?
2026-08-13T19:47:06.995+05:30 DEBUG 2600 --- [aplus-kids-api] [   scheduling-1] org.hibernate.SQL                        : select kcwace1_0.id,kcwace1_0.access_token_encrypted,kcwace1_0.business_account_id,kcwace1_0.graph_api_version,kcwace1_0.last_test_message,kcwace1_0.last_test_status,kcwace1_0.last_tested_at,kcwace1_0.phone_number_id,kcwace1_0.updated_at from kids_champ_whatsapp_config kcwace1_0 where kcwace1_0.id=?
2026-08-13T19:47:08.011+05:30 DEBUG 2600 --- [aplus-kids-api] [   scheduling-1] org.hibernate.SQL                        : select kcwace1_0.id,kcwace1_0.access_token_encrypted,kcwace1_0.business_account_id,kcwace1_0.graph_api_version,kcwace1_0.last_test_message,kcwace1_0.last_test_status,kcwace1_0.last_tested_at,kcwace1_0.phone_number_id,kcwace1_0.updated_at from kids_champ_whatsapp_config kcwace1_0 where kcwace1_0.id=?
2026-08-13T19:47:09.028+05:30 DEBUG 2600 --- [aplus-kids-api] [   scheduling-1] org.hibernate.SQL                        : select kcwace1_0.id,kcwace1_0.access_token_encrypted,kcwace1_0.business_account_id,kcwace1_0.graph_api_version,kcwace1_0.last_test_message,kcwace1_0.last_test_status,kcwace1_0.last_tested_at,kcwace1_0.phone_number_id,kcwace1_0.updated_at from kids_champ_whatsapp_config kcwace1_0 where kcwace1_0.id=?
2026-08-13T19:47:10.043+05:30 DEBUG 2600 --- [aplus-kids-api] [   scheduling-1] org.hibernate.SQL                        : select kcwace1_0.id,kcwace1_0.access_token_encrypted,kcwace1_0.business_account_id,kcwace1_0.graph_api_version,kcwace1_0.last_test_message,kcwace1_0.last_test_status,kcwace1_0.last_tested_at,kcwace1_0.phone_number_id,kcwace1_0.updated_at from kids_champ_whatsapp_config kcwace1_0 where kcwace1_0.id=?
2026-08-13T19:47:11.060+05:30 DEBUG 2600 --- [aplus-kids-api] [   scheduling-1] org.hibernate.SQL                        : select kcwace1_0.id,kcwace1_0.access_token_encrypted,kcwace1_0.business_account_id,kcwace1_0.graph_api_version,kcwace1_0.last_test_message,kcwace1_0.last_test_status,kcwace1_0.last_tested_at,kcwace1_0.phone_number_id,kcwace1_0.updated_at from kids_champ_whatsapp_config kcwace1_0 where kcwace1_0.id=?
2026-08-13T19:47:12.077+05:30 DEBUG 2600 --- [aplus-kids-api] [   scheduling-1] org.hibernate.SQL                        : select kcwace1_0.id,kcwace1_0.access_token_encrypted,kcwace1_0.business_account_id,kcwace1_0.graph_api_version,kcwace1_0.last_test_message,kcwace1_0.last_test_status,kcwace1_0.last_tested_at,kcwace1_0.phone_number_id,kcwace1_0.updated_at from kids_champ_whatsapp_config kcwace1_0 where kcwace1_0.id=?
2026-08-13T19:47:13.095+05:30 DEBUG 2600 --- [aplus-kids-api] [   scheduling-1] org.hibernate.SQL                        : select kcwace1_0.id,kcwace1_0.access_token_encrypted,kcwace1_0.business_account_id,kcwace1_0.graph_api_version,kcwace1_0.last_test_message,kcwace1_0.last_test_status,kcwace1_0.last_tested_at,kcwace1_0.phone_number_id,kcwace1_0.updated_at from kids_champ_whatsapp_config kcwace1_0 where kcwace1_0.id=?
2026-08-13T19:47:14.110+05:30 DEBUG 2600 --- [aplus-kids-api] [   scheduling-1] org.hibernate.SQL                        : select kcwace1_0.id,kcwace1_0.access_token_encrypted,kcwace1_0.business_account_id,kcwace1_0.graph_api_version,kcwace1_0.last_test_message,kcwace1_0.last_test_status,kcwace1_0.last_tested_at,kcwace1_0.phone_number_id,kcwace1_0.updated_at from kids_champ_whatsapp_config kcwace1_0 where kcwace1_0.id=?
2026-08-13T19:47:15.127+05:30 DEBUG 2600 --- [aplus-kids-api] [   scheduling-1] org.hibernate.SQL                        : select kcwace1_0.id,kcwace1_0.access_token_encrypted,kcwace1_0.business_account_id,kcwace1_0.graph_api_version,kcwace1_0.last_test_message,kcwace1_0.last_test_status,kcwace1_0.last_tested_at,kcwace1_0.phone_number_id,kcwace1_0.updated_at from kids_champ_whatsapp_config kcwace1_0 where kcwace1_0.id=?
2026-08-13T19:47:16.143+05:30 DEBUG 2600 --- [aplus-kids-api] [   scheduling-1] org.hibernate.SQL                        : select kcwace1_0.id,kcwace1_0.access_token_encrypted,kcwace1_0.business_account_id,kcwace1_0.graph_api_version,kcwace1_0.last_test_message,kcwace1_0.last_test_status,kcwace1_0.last_tested_at,kcwace1_0.phone_number_id,kcwace1_0.updated_at from kids_champ_whatsapp_config kcwace1_0 where kcwace1_0.id=?
2026-08-13T19:47:17.161+05:30 DEBUG 2600 --- [aplus-kids-api] [   scheduling-1] org.hibernate.SQL                        : select kcwace1_0.id,kcwace1_0.access_token_encrypted,kcwace1_0.business_account_id,kcwace1_0.graph_api_version,kcwace1_0.last_test_message,kcwace1_0.last_test_status,kcwace1_0.last_tested_at,kcwace1_0.phone_number_id,kcwace1_0.updated_at from kids_champ_whatsapp_config kcwace1_0 where kcwace1_0.id=?
2026-08-13T19:47:18.178+05:30 DEBUG 2600 --- [aplus-kids-api] [   scheduling-1] org.hibernate.SQL                        : select kcwace1_0.id,kcwace1_0.access_token_encrypted,kcwace1_0.business_account_id,kcwace1_0.graph_api_version,kcwace1_0.last_test_message,kcwace1_0.last_test_status,kcwace1_0.last_tested_at,kcwace1_0.phone_number_id,kcwace1_0.updated_at from kids_champ_whatsapp_config kcwace1_0 where kcwace1_0.id=?
2026-08-13T19:47:19.194+05:30 DEBUG 2600 --- [aplus-kids-api] [   scheduling-1] org.hibernate.SQL                        : select kcwace1_0.id,kcwace1_0.access_token_encrypted,kcwace1_0.business_account_id,kcwace1_0.graph_api_version,kcwace1_0.last_test_message,kcwace1_0.last_test_status,kcwace1_0.last_tested_at,kcwace1_0.phone_number_id,kcwace1_0.updated_at from kids_champ_whatsapp_config kcwace1_0 where kcwace1_0.id=?
2026-08-13T19:47:20.211+05:30 DEBUG 2600 --- [aplus-kids-api] [   scheduling-1] org.hibernate.SQL                        : select kcwace1_0.id,kcwace1_0.access_token_encrypted,kcwace1_0.business_account_id,kcwace1_0.graph_api_version,kcwace1_0.last_test_message,kcwace1_0.last_test_status,kcwace1_0.last_tested_at,kcwace1_0.phone_number_id,kcwace1_0.updated_at from kids_champ_whatsapp_config kcwace1_0 where kcwace1_0.id=?
2026-08-13T19:47:21.227+05:30 DEBUG 2600 --- [aplus-kids-api] [   scheduling-1] org.hibernate.SQL                        : select kcwace1_0.id,kcwace1_0.access_token_encrypted,kcwace1_0.business_account_id,kcwace1_0.graph_api_version,kcwace1_0.last_test_message,kcwace1_0.last_test_status,kcwace1_0.last_tested_at,kcwace1_0.phone_number_id,kcwace1_0.updated_at from kids_champ_whatsapp_config kcwace1_0 where kcwace1_0.id=?
2026-08-13T19:47:22.244+05:30 DEBUG 2600 --- [aplus-kids-api] [   scheduling-1] org.hibernate.SQL                        : select kcwace1_0.id,kcwace1_0.access_token_encrypted,kcwace1_0.business_account_id,kcwace1_0.graph_api_version,kcwace1_0.last_test_message,kcwace1_0.last_test_status,kcwace1_0.last_tested_at,kcwace1_0.phone_number_id,kcwace1_0.updated_at from kids_champ_whatsapp_config kcwace1_0 where kcwace1_0.id=?
2026-08-13T19:47:23.261+05:30 DEBUG 2600 --- [aplus-kids-api] [   scheduling-1] org.hibernate.SQL                        : select kcwace1_0.id,kcwace1_0.access_token_encrypted,kcwace1_0.business_account_id,kcwace1_0.graph_api_version,kcwace1_0.last_test_message,kcwace1_0.last_test_status,kcwace1_0.last_tested_at,kcwace1_0.phone_number_id,kcwace1_0.updated_at from kids_champ_whatsapp_config kcwace1_0 where kcwace1_0.id=?
2026-08-13T19:47:24.278+05:30 DEBUG 2600 --- [aplus-kids-api] [   scheduling-1] org.hibernate.SQL                        : select kcwace1_0.id,kcwace1_0.access_token_encrypted,kcwace1_0.business_account_id,kcwace1_0.graph_api_version,kcwace1_0.last_test_message,kcwace1_0.last_test_status,kcwace1_0.last_tested_at,kcwace1_0.phone_number_id,kcwace1_0.updated_at from kids_champ_whatsapp_config kcwace1_0 where kcwace1_0.id=?
2026-08-13T19:47:25.293+05:30 DEBUG 2600 --- [aplus-kids-api] [   scheduling-1] org.hibernate.SQL                        : select kcwace1_0.id,kcwace1_0.access_token_encrypted,kcwace1_0.business_account_id,kcwace1_0.graph_api_version,kcwace1_0.last_test_message,kcwace1_0.last_test_status,kcwace1_0.last_tested_at,kcwace1_0.phone_number_id,kcwace1_0.updated_at from kids_champ_whatsapp_config kcwace1_0 where kcwace1_0.id=?
2026-08-13T19:47:26.309+05:30 DEBUG 2600 --- [aplus-kids-api] [   scheduling-1] org.hibernate.SQL                        : select kcwace1_0.id,kcwace1_0.access_token_encrypted,kcwace1_0.business_account_id,kcwace1_0.graph_api_version,kcwace1_0.last_test_message,kcwace1_0.last_test_status,kcwace1_0.last_tested_at,kcwace1_0.phone_number_id,kcwace1_0.updated_at from kids_champ_whatsapp_config kcwace1_0 where kcwace1_0.id=?
2026-08-13T19:47:27.315+05:30 DEBUG 2600 --- [aplus-kids-api] [   scheduling-1] org.hibernate.SQL                        : select kcwace1_0.id,kcwace1_0.access_token_encrypted,kcwace1_0.business_account_id,kcwace1_0.graph_api_version,kcwace1_0.last_test_message,kcwace1_0.last_test_status,kcwace1_0.last_tested_at,kcwace1_0.phone_number_id,kcwace1_0.updated_at from kids_champ_whatsapp_config kcwace1_0 where kcwace1_0.id=?
2026-08-13T19:47:28.327+05:30 DEBUG 2600 --- [aplus-kids-api] [   scheduling-1] org.hibernate.SQL                        : select kcwace1_0.id,kcwace1_0.access_token_encrypted,kcwace1_0.business_account_id,kcwace1_0.graph_api_version,kcwace1_0.last_test_message,kcwace1_0.last_test_status,kcwace1_0.last_tested_at,kcwace1_0.phone_number_id,kcwace1_0.updated_at from kids_champ_whatsapp_config kcwace1_0 where kcwace1_0.id=?
2026-08-13T19:47:29.338+05:30 DEBUG 2600 --- [aplus-kids-api] [   scheduling-1] org.hibernate.SQL                        : select kcwace1_0.id,kcwace1_0.access_token_encrypted,kcwace1_0.business_account_id,kcwace1_0.graph_api_version,kcwace1_0.last_test_message,kcwace1_0.last_test_status,kcwace1_0.last_tested_at,kcwace1_0.phone_number_id,kcwace1_0.updated_at from kids_champ_whatsapp_config kcwace1_0 where kcwace1_0.id=?
2026-08-13T19:47:30.343+05:30 DEBUG 2600 --- [aplus-kids-api] [   scheduling-1] org.hibernate.SQL                        : select kcwace1_0.id,kcwace1_0.access_token_encrypted,kcwace1_0.business_account_id,kcwace1_0.graph_api_version,kcwace1_0.last_test_message,kcwace1_0.last_test_status,kcwace1_0.last_tested_at,kcwace1_0.phone_number_id,kcwace1_0.updated_at from kids_champ_whatsapp_config kcwace1_0 where kcwace1_0.id=?
2026-08-13T19:47:31.360+05:30 DEBUG 2600 --- [aplus-kids-api] [   scheduling-1] org.hibernate.SQL                        : select kcwace1_0.id,kcwace1_0.access_token_encrypted,kcwace1_0.business_account_id,kcwace1_0.graph_api_version,kcwace1_0.last_test_message,kcwace1_0.last_test_status,kcwace1_0.last_tested_at,kcwace1_0.phone_number_id,kcwace1_0.updated_at from kids_champ_whatsapp_config kcwace1_0 where kcwace1_0.id=?
2026-08-13T19:47:32.377+05:30 DEBUG 2600 --- [aplus-kids-api] [   scheduling-1] org.hibernate.SQL                        : select kcwace1_0.id,kcwace1_0.access_token_encrypted,kcwace1_0.business_account_id,kcwace1_0.graph_api_version,kcwace1_0.last_test_message,kcwace1_0.last_test_status,kcwace1_0.last_tested_at,kcwace1_0.phone_number_id,kcwace1_0.updated_at from kids_champ_whatsapp_config kcwace1_0 where kcwace1_0.id=?
2026-08-13T19:47:33.393+05:30 DEBUG 2600 --- [aplus-kids-api] [   scheduling-1] org.hibernate.SQL                        : select kcwace1_0.id,kcwace1_0.access_token_encrypted,kcwace1_0.business_account_id,kcwace1_0.graph_api_version,kcwace1_0.last_test_message,kcwace1_0.last_test_status,kcwace1_0.last_tested_at,kcwace1_0.phone_number_id,kcwace1_0.updated_at from kids_champ_whatsapp_config kcwace1_0 where kcwace1_0.id=?
2026-08-13T19:47:34.410+05:30 DEBUG 2600 --- [aplus-kids-api] [   scheduling-1] org.hibernate.SQL                        : select kcwace1_0.id,kcwace1_0.access_token_encrypted,kcwace1_0.business_account_id,kcwace1_0.graph_api_version,kcwace1_0.last_test_message,kcwace1_0.last_test_status,kcwace1_0.last_tested_at,kcwace1_0.phone_number_id,kcwace1_0.updated_at from kids_champ_whatsapp_config kcwace1_0 where kcwace1_0.id=?
2026-08-13T19:47:35.426+05:30 DEBUG 2600 --- [aplus-kids-api] [   scheduling-1] org.hibernate.SQL                        : select kcwace1_0.id,kcwace1_0.access_token_encrypted,kcwace1_0.business_account_id,kcwace1_0.graph_api_version,kcwace1_0.last_test_message,kcwace1_0.last_test_status,kcwace1_0.last_tested_at,kcwace1_0.phone_number_id,kcwace1_0.updated_at from kids_champ_whatsapp_config kcwace1_0 where kcwace1_0.id=?
2026-08-13T19:47:36.443+05:30 DEBUG 2600 --- [aplus-kids-api] [   scheduling-1] org.hibernate.SQL                        : select kcwace1_0.id,kcwace1_0.access_token_encrypted,kcwace1_0.business_account_id,kcwace1_0.graph_api_version,kcwace1_0.last_test_message,kcwace1_0.last_test_status,kcwace1_0.last_tested_at,kcwace1_0.phone_number_id,kcwace1_0.updated_at from kids_champ_whatsapp_config kcwace1_0 where kcwace1_0.id=?
2026-08-13T19:47:37.461+05:30 DEBUG 2600 --- [aplus-kids-api] [   scheduling-1] org.hibernate.SQL                        : select kcwace1_0.id,kcwace1_0.access_token_encrypted,kcwace1_0.business_account_id,kcwace1_0.graph_api_version,kcwace1_0.last_test_message,kcwace1_0.last_test_status,kcwace1_0.last_tested_at,kcwace1_0.phone_number_id,kcwace1_0.updated_at from kids_champ_whatsapp_config kcwace1_0 where kcwace1_0.id=?
2026-08-13T19:47:38.476+05:30 DEBUG 2600 --- [aplus-kids-api] [   scheduling-1] org.hibernate.SQL                        : select kcwace1_0.id,kcwace1_0.access_token_encrypted,kcwace1_0.business_account_id,kcwace1_0.graph_api_version,kcwace1_0.last_test_message,kcwace1_0.last_test_status,kcwace1_0.last_tested_at,kcwace1_0.phone_number_id,kcwace1_0.updated_at from kids_champ_whatsapp_config kcwace1_0 where kcwace1_0.id=?
2026-08-13T19:47:39.493+05:30 DEBUG 2600 --- [aplus-kids-api] [   scheduling-1] org.hibernate.SQL                        : select kcwace1_0.id,kcwace1_0.access_token_encrypted,kcwace1_0.business_account_id,kcwace1_0.graph_api_version,kcwace1_0.last_test_message,kcwace1_0.last_test_status,kcwace1_0.last_tested_at,kcwace1_0.phone_number_id,kcwace1_0.updated_at from kids_champ_whatsapp_config kcwace1_0 where kcwace1_0.id=?
2026-08-13T19:47:40.509+05:30 DEBUG 2600 --- [aplus-kids-api] [   scheduling-1] org.hibernate.SQL                        : select kcwace1_0.id,kcwace1_0.access_token_encrypted,kcwace1_0.business_account_id,kcwace1_0.graph_api_version,kcwace1_0.last_test_message,kcwace1_0.last_test_status,kcwace1_0.last_tested_at,kcwace1_0.phone_number_id,kcwace1_0.updated_at from kids_champ_whatsapp_config kcwace1_0 where kcwace1_0.id=?
2026-08-13T19:47:40.684+05:30 DEBUG 2600 --- [aplus-kids-api] [nio-8081-exec-5] o.s.web.servlet.DispatcherServlet        : POST "/api/v1/admin-invitations/accept", parameters={}
2026-08-13T19:47:40.684+05:30 DEBUG 2600 --- [aplus-kids-api] [nio-8081-exec-5] s.w.s.m.m.a.RequestMappingHandlerMapping : Mapped to lk.apluskids.platform.adminmanagement.AdministratorManagementController#accept(AcceptInvitationRequest)
2026-08-13T19:47:40.694+05:30 DEBUG 2600 --- [aplus-kids-api] [nio-8081-exec-5] m.m.a.RequestResponseBodyMethodProcessor : Read "application/json;charset=UTF-8" to [AcceptInvitationRequest[email=kawshal43@gmail.com, code=021035, password=Kc!99PyA4cEkokasBlZjA80Avkp (truncated)...]
2026-08-13T19:47:40.702+05:30 DEBUG 2600 --- [aplus-kids-api] [nio-8081-exec-5] org.hibernate.SQL                        : select ame1_0.id,ame1_0.activated_at,ame1_0.cancelled_at,ame1_0.cancelled_by_user_id,ame1_0.invite_reason,ame1_0.invited_at,ame1_0.invited_by_user_id,ame1_0.public_id,ame1_0.role,ame1_0.status,ame1_0.suspended_at,ame1_0.suspended_by_user_id,ame1_0.suspension_reason,ame1_0.updated_at,ame1_0.user_id,u1_0.id,u1_0.account_holder_name,u1_0.created_at,u1_0.credentials_changed_at,u1_0.deleted_at,u1_0.email,u1_0.email_verified_at,u1_0.failed_login_count,u1_0.last_login_at,u1_0.locked_until,u1_0.password_hash,u1_0.phone_e164,u1_0.phone_verified_at,u1_0.public_id,u1_0.status,u1_0.updated_at,u1_0.version,ame1_0.verification_failed_attempts,ame1_0.verification_locked_until,ame1_0.version from administrator_memberships ame1_0 join users u1_0 on u1_0.id=ame1_0.user_id where lower(u1_0.email)=lower(?) for no key update of ame1_0
2026-08-13T19:47:40.702+05:30 DEBUG 2600 --- [aplus-kids-api] [nio-8081-exec-5] org.hibernate.SQL                        : select r1_0.user_id,r1_1.id,r1_1.created_at,r1_1.description,r1_1.name from user_roles r1_0 join roles r1_1 on r1_1.id=r1_0.role_id where r1_0.user_id=?
2026-08-13T19:47:40.702+05:30 DEBUG 2600 --- [aplus-kids-api] [nio-8081-exec-5] org.hibernate.SQL                        : select evte1_0.id,evte1_0.consumed_at,evte1_0.created_at,evte1_0.expires_at,evte1_0.issued_at,evte1_0.public_id,evte1_0.revoked_at,evte1_0.token_hash,evte1_0.user_id from email_verification_tokens evte1_0 where evte1_0.token_hash=?
2026-08-13T19:47:40.712+05:30 DEBUG 2600 --- [aplus-kids-api] [nio-8081-exec-5] org.hibernate.SQL                        : update email_verification_tokens set consumed_at=?,expires_at=?,issued_at=?,revoked_at=?,token_hash=?,user_id=? where id=?
2026-08-13T19:47:40.712+05:30 DEBUG 2600 --- [aplus-kids-api] [nio-8081-exec-5] org.hibernate.SQL                        : select evte1_0.id,evte1_0.consumed_at,evte1_0.created_at,evte1_0.expires_at,evte1_0.issued_at,evte1_0.public_id,evte1_0.revoked_at,evte1_0.token_hash,evte1_0.user_id from email_verification_tokens evte1_0 where evte1_0.user_id=? and evte1_0.consumed_at is null and evte1_0.revoked_at is null
2026-08-13T19:47:40.910+05:30 DEBUG 2600 --- [aplus-kids-api] [nio-8081-exec-5] org.hibernate.SQL                        : select re1_0.id,re1_0.created_at,re1_0.description,re1_0.name from roles re1_0 where re1_0.name=?
2026-08-13T19:47:40.910+05:30 DEBUG 2600 --- [aplus-kids-api] [nio-8081-exec-5] org.hibernate.SQL                        : select ue1_0.id,ue1_0.account_holder_name,ue1_0.created_at,ue1_0.credentials_changed_at,ue1_0.deleted_at,ue1_0.email,ue1_0.email_verified_at,ue1_0.failed_login_count,ue1_0.last_login_at,ue1_0.locked_until,ue1_0.password_hash,ue1_0.phone_e164,ue1_0.phone_verified_at,ue1_0.public_id,r1_0.user_id,r1_1.id,r1_1.created_at,r1_1.description,r1_1.name,ue1_0.status,ue1_0.updated_at,ue1_0.version from users ue1_0 left join user_roles r1_0 on ue1_0.id=r1_0.user_id left join roles r1_1 on r1_1.id=r1_0.role_id where ue1_0.id=?
2026-08-13T19:47:40.927+05:30 DEBUG 2600 --- [aplus-kids-api] [nio-8081-exec-5] org.hibernate.SQL                        : update users set account_holder_name=?,credentials_changed_at=?,deleted_at=?,email=?,email_verified_at=?,failed_login_count=?,last_login_at=?,locked_until=?,password_hash=?,phone_e164=?,phone_verified_at=?,status=?,updated_at=?,version=? where id=? and version=?
2026-08-13T19:47:40.927+05:30 DEBUG 2600 --- [aplus-kids-api] [nio-8081-exec-5] org.hibernate.SQL                        : update administrator_memberships set activated_at=?,cancelled_at=?,cancelled_by_user_id=?,invite_reason=?,invited_at=?,invited_by_user_id=?,role=?,status=?,suspended_at=?,suspended_by_user_id=?,suspension_reason=?,updated_at=?,user_id=?,verification_failed_attempts=?,verification_locked_until=?,version=? where id=? and version=?
2026-08-13T19:47:40.927+05:30 DEBUG 2600 --- [aplus-kids-api] [nio-8081-exec-5] org.hibernate.SQL                        : insert into user_roles (user_id,role_id) values (?,?)
2026-08-13T19:47:40.927+05:30 DEBUG 2600 --- [aplus-kids-api] [nio-8081-exec-5] org.hibernate.SQL                        : select ue1_0.id,ue1_0.account_holder_name,ue1_0.created_at,ue1_0.credentials_changed_at,ue1_0.deleted_at,ue1_0.email,ue1_0.email_verified_at,ue1_0.failed_login_count,ue1_0.last_login_at,ue1_0.locked_until,ue1_0.password_hash,ue1_0.phone_e164,ue1_0.phone_verified_at,ue1_0.public_id,ue1_0.status,ue1_0.updated_at,ue1_0.version from users ue1_0 where ue1_0.public_id=?
2026-08-13T19:47:40.943+05:30 DEBUG 2600 --- [aplus-kids-api] [nio-8081-exec-5] org.hibernate.SQL                        : insert into kids_champ_audit_log (action,actor_user_id,details,entity_public_id,entity_type) values (?,?,?,?,?)
2026-08-13T19:47:40.943+05:30 DEBUG 2600 --- [aplus-kids-api] [nio-8081-exec-5] m.m.a.RequestResponseBodyMethodProcessor : Using 'application/json', given [*/*] and supported [application/json, application/*+json]
2026-08-13T19:47:40.943+05:30 DEBUG 2600 --- [aplus-kids-api] [nio-8081-exec-5] m.m.a.RequestResponseBodyMethodProcessor : Writing [{message=Email verified. Your administrator account is ready.}]
2026-08-13T19:47:40.943+05:30 DEBUG 2600 --- [aplus-kids-api] [nio-8081-exec-5] o.s.web.servlet.DispatcherServlet        : Completed 200 OK
2026-08-13T19:47:40.960+05:30 DEBUG 2600 --- [aplus-kids-api] [nio-8081-exec-4] o.s.web.servlet.DispatcherServlet        : POST "/api/v1/auth/login", parameters={}
2026-08-13T19:47:40.960+05:30 DEBUG 2600 --- [aplus-kids-api] [nio-8081-exec-4] s.w.s.m.m.a.RequestMappingHandlerMapping : Mapped to lk.apluskids.platform.auth.AuthController#login(LoginRequest, HttpServletResponse)
2026-08-13T19:47:40.976+05:30 DEBUG 2600 --- [aplus-kids-api] [nio-8081-exec-4] m.m.a.RequestResponseBodyMethodProcessor : Read "application/json;charset=UTF-8" to [LoginRequest[login=kawshal43@gmail.com, password=Kc!99PyA4cEkokasBlZjA80Avkp5Z5W1JBayeIvEYeJdbGQ, re (truncated)...]
2026-08-13T19:47:40.978+05:30 DEBUG 2600 --- [aplus-kids-api] [nio-8081-exec-4] org.hibernate.SQL                        : select ue1_0.id,ue1_0.account_holder_name,ue1_0.created_at,ue1_0.credentials_changed_at,ue1_0.deleted_at,ue1_0.email,ue1_0.email_verified_at,ue1_0.failed_login_count,ue1_0.last_login_at,ue1_0.locked_until,ue1_0.password_hash,ue1_0.phone_e164,ue1_0.phone_verified_at,ue1_0.public_id,ue1_0.status,ue1_0.updated_at,ue1_0.version from users ue1_0 where upper(ue1_0.email)=upper(?)
2026-08-13T19:47:40.978+05:30 DEBUG 2600 --- [aplus-kids-api] [nio-8081-exec-4] org.hibernate.SQL                        : select r1_0.user_id,r1_1.id,r1_1.created_at,r1_1.description,r1_1.name from user_roles r1_0 join roles r1_1 on r1_1.id=r1_0.role_id where r1_0.user_id=?
2026-08-13T19:47:41.080+05:30 DEBUG 2600 --- [aplus-kids-api] [nio-8081-exec-4] org.hibernate.SQL                        : insert into refresh_tokens (expires_at,issued_at,last_used_at,public_id,remember_me,revocation_reason,revoked_at,token_family_id,token_hash,user_id) values (?,?,?,?,?,?,?,?,?,?)
2026-08-13T19:47:41.080+05:30 DEBUG 2600 --- [aplus-kids-api] [nio-8081-exec-4] org.hibernate.SQL                        : update users set account_holder_name=?,credentials_changed_at=?,deleted_at=?,email=?,email_verified_at=?,failed_login_count=?,last_login_at=?,locked_until=?,password_hash=?,phone_e164=?,phone_verified_at=?,status=?,updated_at=?,version=? where id=? and version=?
2026-08-13T19:47:41.094+05:30 DEBUG 2600 --- [aplus-kids-api] [nio-8081-exec-4] m.m.a.RequestResponseBodyMethodProcessor : Using 'application/json', given [*/*] and supported [application/json, application/*+json]
2026-08-13T19:47:41.094+05:30 DEBUG 2600 --- [aplus-kids-api] [nio-8081-exec-4] m.m.a.RequestResponseBodyMethodProcessor : Writing [LoginResponse[accessToken=eyJraWQiOiJiMGlGZWZFbVU0bXRsUlBEMzFtcjhKYm9FdW9fS3NBQTZLUkgyNDdDN2gwIiwidH (truncated)...]
2026-08-13T19:47:41.094+05:30 DEBUG 2600 --- [aplus-kids-api] [nio-8081-exec-4] o.s.web.servlet.DispatcherServlet        : Completed 200 OK
2026-08-13T19:47:41.127+05:30 DEBUG 2600 --- [aplus-kids-api] [nio-8081-exec-7] o.s.web.servlet.DispatcherServlet        : POST "/api/v1/auth/logout", parameters={masked}
2026-08-13T19:47:41.142+05:30 DEBUG 2600 --- [aplus-kids-api] [nio-8081-exec-7] s.w.s.m.m.a.RequestMappingHandlerMapping : Mapped to lk.apluskids.platform.auth.AuthController#logout(String, HttpServletResponse)
2026-08-13T19:47:41.143+05:30 DEBUG 2600 --- [aplus-kids-api] [nio-8081-exec-7] org.hibernate.SQL                        : select rte1_0.id,rte1_0.created_at,rte1_0.expires_at,rte1_0.issued_at,rte1_0.last_used_at,rte1_0.public_id,rte1_0.remember_me,rte1_0.revocation_reason,rte1_0.revoked_at,rte1_0.token_family_id,rte1_0.token_hash,rte1_0.user_id from refresh_tokens rte1_0 where rte1_0.token_hash=?
2026-08-13T19:47:41.143+05:30 DEBUG 2600 --- [aplus-kids-api] [nio-8081-exec-7] org.hibernate.SQL                        : update refresh_tokens set expires_at=?,issued_at=?,last_used_at=?,remember_me=?,revocation_reason=?,revoked_at=?,token_hash=?,user_id=? where id=?
2026-08-13T19:47:41.143+05:30 DEBUG 2600 --- [aplus-kids-api] [nio-8081-exec-7] o.s.web.servlet.DispatcherServlet        : Completed 204 NO_CONTENT
2026-08-13T19:47:41.143+05:30 DEBUG 2600 --- [aplus-kids-api] [nio-8081-exec-8] o.s.web.servlet.DispatcherServlet        : POST "/api/v1/auth/forgot-password", parameters={}
2026-08-13T19:47:41.143+05:30 DEBUG 2600 --- [aplus-kids-api] [nio-8081-exec-8] s.w.s.m.m.a.RequestMappingHandlerMapping : Mapped to lk.apluskids.platform.auth.AuthController#forgotPassword(ForgotPasswordRequest)
2026-08-13T19:47:41.160+05:30 DEBUG 2600 --- [aplus-kids-api] [nio-8081-exec-8] m.m.a.RequestResponseBodyMethodProcessor : Read "application/json;charset=UTF-8" to [ForgotPasswordRequest[email=kawshal43@gmail.com]]
2026-08-13T19:47:41.160+05:30 DEBUG 2600 --- [aplus-kids-api] [nio-8081-exec-8] org.hibernate.SQL                        : select ue1_0.id,ue1_0.account_holder_name,ue1_0.created_at,ue1_0.credentials_changed_at,ue1_0.deleted_at,ue1_0.email,ue1_0.email_verified_at,ue1_0.failed_login_count,ue1_0.last_login_at,ue1_0.locked_until,ue1_0.password_hash,ue1_0.phone_e164,ue1_0.phone_verified_at,ue1_0.public_id,ue1_0.status,ue1_0.updated_at,ue1_0.version from users ue1_0 where upper(ue1_0.email)=upper(?)
2026-08-13T19:47:41.160+05:30 DEBUG 2600 --- [aplus-kids-api] [nio-8081-exec-8] org.hibernate.SQL                        : select r1_0.user_id,r1_1.id,r1_1.created_at,r1_1.description,r1_1.name from user_roles r1_0 join roles r1_1 on r1_1.id=r1_0.role_id where r1_0.user_id=?
2026-08-13T19:47:41.160+05:30 DEBUG 2600 --- [aplus-kids-api] [nio-8081-exec-8] org.hibernate.SQL                        : insert into password_reset_tokens (consumed_at,expires_at,issued_at,public_id,revoked_at,token_hash,user_id) values (?,?,?,?,?,?,?)
2026-08-13T19:47:41.526+05:30 DEBUG 2600 --- [aplus-kids-api] [   scheduling-1] org.hibernate.SQL                        : select kcwace1_0.id,kcwace1_0.access_token_encrypted,kcwace1_0.business_account_id,kcwace1_0.graph_api_version,kcwace1_0.last_test_message,kcwace1_0.last_test_status,kcwace1_0.last_tested_at,kcwace1_0.phone_number_id,kcwace1_0.updated_at from kids_champ_whatsapp_config kcwace1_0 where kcwace1_0.id=?
2026-08-13T19:47:42.543+05:30 DEBUG 2600 --- [aplus-kids-api] [   scheduling-1] org.hibernate.SQL                        : select kcwace1_0.id,kcwace1_0.access_token_encrypted,kcwace1_0.business_account_id,kcwace1_0.graph_api_version,kcwace1_0.last_test_message,kcwace1_0.last_test_status,kcwace1_0.last_tested_at,kcwace1_0.phone_number_id,kcwace1_0.updated_at from kids_champ_whatsapp_config kcwace1_0 where kcwace1_0.id=?
2026-08-13T19:47:43.560+05:30 DEBUG 2600 --- [aplus-kids-api] [   scheduling-1] org.hibernate.SQL                        : select kcwace1_0.id,kcwace1_0.access_token_encrypted,kcwace1_0.business_account_id,kcwace1_0.graph_api_version,kcwace1_0.last_test_message,kcwace1_0.last_test_status,kcwace1_0.last_tested_at,kcwace1_0.phone_number_id,kcwace1_0.updated_at from kids_champ_whatsapp_config kcwace1_0 where kcwace1_0.id=?
2026-08-13T19:47:44.577+05:30 DEBUG 2600 --- [aplus-kids-api] [   scheduling-1] org.hibernate.SQL                        : select kcwace1_0.id,kcwace1_0.access_token_encrypted,kcwace1_0.business_account_id,kcwace1_0.graph_api_version,kcwace1_0.last_test_message,kcwace1_0.last_test_status,kcwace1_0.last_tested_at,kcwace1_0.phone_number_id,kcwace1_0.updated_at from kids_champ_whatsapp_config kcwace1_0 where kcwace1_0.id=?
2026-08-13T19:47:44.783+05:30 DEBUG 2600 --- [aplus-kids-api] [nio-8081-exec-9] o.s.web.servlet.DispatcherServlet        : GET "/api/v1/health", parameters={}
2026-08-13T19:47:44.783+05:30 DEBUG 2600 --- [aplus-kids-api] [nio-8081-exec-9] s.w.s.m.m.a.RequestMappingHandlerMapping : Mapped to lk.apluskids.platform.common.DatabaseHealthController#health()
2026-08-13T19:47:44.783+05:30 DEBUG 2600 --- [aplus-kids-api] [nio-8081-exec-9] o.s.jdbc.core.JdbcTemplate               : Executing SQL query [SELECT 1]
2026-08-13T19:47:44.783+05:30 DEBUG 2600 --- [aplus-kids-api] [nio-8081-exec-9] m.m.a.RequestResponseBodyMethodProcessor : Using 'application/json', given [*/*] and supported [application/json, application/*+json]
2026-08-13T19:47:44.783+05:30 DEBUG 2600 --- [aplus-kids-api] [nio-8081-exec-9] m.m.a.RequestResponseBodyMethodProcessor : Writing [HealthResponse[status=UP]]
2026-08-13T19:47:44.783+05:30 DEBUG 2600 --- [aplus-kids-api] [nio-8081-exec-9] o.s.web.servlet.DispatcherServlet        : Completed 200 OK
2026-08-13T19:47:44.799+05:30 DEBUG 2600 --- [aplus-kids-api] [io-8081-exec-10] org.hibernate.SQL                        : select ue1_0.id,ue1_0.account_holder_name,ue1_0.created_at,ue1_0.credentials_changed_at,ue1_0.deleted_at,ue1_0.email,ue1_0.email_verified_at,ue1_0.failed_login_count,ue1_0.last_login_at,ue1_0.locked_until,ue1_0.password_hash,ue1_0.phone_e164,ue1_0.phone_verified_at,ue1_0.public_id,ue1_0.status,ue1_0.updated_at,ue1_0.version from users ue1_0 where ue1_0.public_id=?
2026-08-13T19:47:44.801+05:30 DEBUG 2600 --- [aplus-kids-api] [io-8081-exec-10] org.hibernate.SQL                        : select r1_0.user_id,r1_1.id,r1_1.created_at,r1_1.description,r1_1.name from user_roles r1_0 join roles r1_1 on r1_1.id=r1_0.role_id where r1_0.user_id=?
2026-08-13T19:47:44.804+05:30 DEBUG 2600 --- [aplus-kids-api] [io-8081-exec-10] o.s.web.servlet.DispatcherServlet        : GET "/api/v1/admin/kids-champ/overview", parameters={}
2026-08-13T19:47:44.804+05:30 DEBUG 2600 --- [aplus-kids-api] [io-8081-exec-10] s.w.s.m.m.a.RequestMappingHandlerMapping : Mapped to lk.apluskids.platform.kidschamp.KidsChampAdminController#overview(JwtAuthenticationToken)
2026-08-13T19:47:44.809+05:30 DEBUG 2600 --- [aplus-kids-api] [io-8081-exec-10] org.hibernate.SQL                        : select kcse1_0.id,kcse1_0.age_at_submission,kcse1_0.assigned_reviewer_user_id,kcse1_0.batch_id,kcse1_0.category,kcse1_0.child_name,cp1_0.id,cp1_0.address,cp1_0.country_code,cp1_0.created_at,cp1_0.date_of_birth,cp1_0.deleted_at,cp1_0.full_name,cp1_0.gender,cp1_0.hometown,cp1_0.province,cp1_0.public_id,cp1_0.updated_at,cp1_0.user_id,cp1_0.version,kcse1_0.consent_accepted_at,kcse1_0.country_code,kcse1_0.date_of_birth,kcse1_0.deleted_at,kcse1_0.deleted_by_user_id,kcse1_0.email,kcse1_0.file_size,kcse1_0.file_status,gc1_0.id,gc1_0.claimed_at,gc1_0.claimed_by_user_id,gc1_0.country_code,gc1_0.deleted_at,gc1_0.email,gc1_0.first_submitted_at,gc1_0.hometown,gc1_0.last_submitted_at,gc1_0.parent_name,gc1_0.phone_e164,gc1_0.province,gc1_0.public_id,gc1_0.submission_count,gp1_0.id,gp1_0.child_name,gp1_0.guest_contact_id,c1_0.id,c1_0.claimed_at,c1_0.claimed_by_user_id,c1_0.country_code,c1_0.deleted_at,c1_0.email,c1_0.first_submitted_at,c1_0.hometown,c1_0.last_submitted_at,c1_0.parent_name,c1_0.phone_e164,c1_0.province,c1_0.public_id,c1_0.submission_count,gp1_0.created_at,gp1_0.date_of_birth,gp1_0.hometown,gp1_0.merge_reason,gp1_0.merged_at,gp1_0.merged_by_user_id,gp1_0.merged_into_reference,gp1_0.merged_into_type,gp1_0.normalized_child_name,gp1_0.province,gp1_0.public_id,gp1_0.updated_at,gp1_0.version,kcse1_0.hometown,kcse1_0.internal_note,kcse1_0.last_participant_merge_id,kcse1_0.media_type,kcse1_0.original_filename,kcse1_0.parent_name,kcse1_0.phone_e164,kcse1_0.photo_deleted_at,kcse1_0.previewed_at,kcse1_0.province,kcse1_0.public_id,kcse1_0.rejection_reason,kcse1_0.review_status,kcse1_0.reviewed_at,kcse1_0.reviewed_by_user_id,kcse1_0.stored_filename,kcse1_0.submitted_at,kcse1_0.telecast_status,kcse1_0.tracking_code,u2_0.id,u2_0.account_holder_name,u2_0.created_at,u2_0.credentials_changed_at,u2_0.deleted_at,u2_0.email,u2_0.email_verified_at,u2_0.failed_login_count,u2_0.last_login_at,u2_0.locked_until,u2_0.password_hash,u2_0.phone_e164,u2_0.phone_verified_at,u2_0.public_id,u2_0.status,u2_0.updated_at,u2_0.version,kcse1_0.version,kcse1_0.whatsapp_consent_at,kcse1_0.work_description,kcse1_0.work_title from kids_champ_submissions kcse1_0 left join child_profiles cp1_0 on cp1_0.id=kcse1_0.child_profile_id left join kids_champ_guest_contacts gc1_0 on gc1_0.id=kcse1_0.guest_contact_id left join kids_champ_guest_participants gp1_0 on gp1_0.id=kcse1_0.guest_participant_id left join kids_champ_guest_contacts c1_0 on c1_0.id=gp1_0.guest_contact_id left join users u2_0 on u2_0.id=kcse1_0.user_id where kcse1_0.deleted_at is null order by kcse1_0.submitted_at desc
2026-08-13T19:47:44.909+05:30 DEBUG 2600 --- [aplus-kids-api] [io-8081-exec-10] org.hibernate.SQL                        : select kcwape1_0.participant_reference,kcwape1_0.opted_in_at,kcwape1_0.opted_out_at,kcwape1_0.reason,kcwape1_0.source,kcwape1_0.status,kcwape1_0.updated_at,kcwape1_0.updated_by_user_id from kids_champ_whatsapp_preferences kcwape1_0
2026-08-13T19:47:44.910+05:30 DEBUG 2600 --- [aplus-kids-api] [io-8081-exec-10] org.hibernate.SQL                        : select kcse1_0.id,kcse1_0.age_at_submission,kcse1_0.assigned_reviewer_user_id,kcse1_0.batch_id,kcse1_0.category,kcse1_0.child_name,cp1_0.id,cp1_0.address,cp1_0.country_code,cp1_0.created_at,cp1_0.date_of_birth,cp1_0.deleted_at,cp1_0.full_name,cp1_0.gender,cp1_0.hometown,cp1_0.province,cp1_0.public_id,cp1_0.updated_at,cp1_0.user_id,cp1_0.version,kcse1_0.consent_accepted_at,kcse1_0.country_code,kcse1_0.date_of_birth,kcse1_0.deleted_at,kcse1_0.deleted_by_user_id,kcse1_0.email,kcse1_0.file_size,kcse1_0.file_status,gc1_0.id,gc1_0.claimed_at,gc1_0.claimed_by_user_id,gc1_0.country_code,gc1_0.deleted_at,gc1_0.email,gc1_0.first_submitted_at,gc1_0.hometown,gc1_0.last_submitted_at,gc1_0.parent_name,gc1_0.phone_e164,gc1_0.province,gc1_0.public_id,gc1_0.submission_count,gp1_0.id,gp1_0.child_name,gp1_0.guest_contact_id,c1_0.id,c1_0.claimed_at,c1_0.claimed_by_user_id,c1_0.country_code,c1_0.deleted_at,c1_0.email,c1_0.first_submitted_at,c1_0.hometown,c1_0.last_submitted_at,c1_0.parent_name,c1_0.phone_e164,c1_0.province,c1_0.public_id,c1_0.submission_count,gp1_0.created_at,gp1_0.date_of_birth,gp1_0.hometown,gp1_0.merge_reason,gp1_0.merged_at,gp1_0.merged_by_user_id,gp1_0.merged_into_reference,gp1_0.merged_into_type,gp1_0.normalized_child_name,gp1_0.province,gp1_0.public_id,gp1_0.updated_at,gp1_0.version,kcse1_0.hometown,kcse1_0.internal_note,kcse1_0.last_participant_merge_id,kcse1_0.media_type,kcse1_0.original_filename,kcse1_0.parent_name,kcse1_0.phone_e164,kcse1_0.photo_deleted_at,kcse1_0.previewed_at,kcse1_0.province,kcse1_0.public_id,kcse1_0.rejection_reason,kcse1_0.review_status,kcse1_0.reviewed_at,kcse1_0.reviewed_by_user_id,kcse1_0.stored_filename,kcse1_0.submitted_at,kcse1_0.telecast_status,kcse1_0.tracking_code,u2_0.id,u2_0.account_holder_name,u2_0.created_at,u2_0.credentials_changed_at,u2_0.deleted_at,u2_0.email,u2_0.email_verified_at,u2_0.failed_login_count,u2_0.last_login_at,u2_0.locked_until,u2_0.password_hash,u2_0.phone_e164,u2_0.phone_verified_at,u2_0.public_id,u2_0.status,u2_0.updated_at,u2_0.version,kcse1_0.version,kcse1_0.whatsapp_consent_at,kcse1_0.work_description,kcse1_0.work_title from kids_champ_submissions kcse1_0 left join child_profiles cp1_0 on cp1_0.id=kcse1_0.child_profile_id left join kids_champ_guest_contacts gc1_0 on gc1_0.id=kcse1_0.guest_contact_id left join kids_champ_guest_participants gp1_0 on gp1_0.id=kcse1_0.guest_participant_id left join kids_champ_guest_contacts c1_0 on c1_0.id=gp1_0.guest_contact_id left join users u2_0 on u2_0.id=kcse1_0.user_id where kcse1_0.deleted_at is null order by kcse1_0.submitted_at desc
2026-08-13T19:47:44.943+05:30 DEBUG 2600 --- [aplus-kids-api] [io-8081-exec-10] org.hibernate.SQL                        : select kcbe1_0.id,kcbe1_0.alternate_telecast_date,kcbe1_0.archive_path,kcbe1_0.batch_code,kcbe1_0.cleanup_failure_count,kcbe1_0.cleanup_pending,kcbe1_0.created_at,kcbe1_0.created_by_user_id,kcbe1_0.delete_after,kcbe1_0.deleted_at,kcbe1_0.deleted_by_user_id,kcbe1_0.edited_at,kcbe1_0.first_downloaded_at,kcbe1_0.last_cleanup_attempt_at,kcbe1_0.photo_count,kcbe1_0.public_id,kcbe1_0.purged_at,kcbe1_0.retention_days,kcbe1_0.status,kcbe1_0.telecast_completed_at,kcbe1_0.telecast_date,kcbe1_0.version,kcbe1_0.warning_days from kids_champ_batches kcbe1_0 order by kcbe1_0.created_at desc,kcbe1_0.id desc
2026-08-13T19:47:44.960+05:30 DEBUG 2600 --- [aplus-kids-api] [io-8081-exec-10] m.m.a.RequestResponseBodyMethodProcessor : Using 'application/json', given [*/*] and supported [application/json, application/*+json]
2026-08-13T19:47:44.960+05:30 DEBUG 2600 --- [aplus-kids-api] [io-8081-exec-10] m.m.a.RequestResponseBodyMethodProcessor : Writing [OverviewResponse[totalSubmissions=1237, newToday=0, pendingReviews=40, approved=1197, selectedForTv= (truncated)...]
2026-08-13T19:47:44.960+05:30 DEBUG 2600 --- [aplus-kids-api] [io-8081-exec-10] o.s.web.servlet.DispatcherServlet        : Completed 200 OK
2026-08-13T19:47:45.592+05:30 DEBUG 2600 --- [aplus-kids-api] [   scheduling-1] org.hibernate.SQL                        : select kcwace1_0.id,kcwace1_0.access_token_encrypted,kcwace1_0.business_account_id,kcwace1_0.graph_api_version,kcwace1_0.last_test_message,kcwace1_0.last_test_status,kcwace1_0.last_tested_at,kcwace1_0.phone_number_id,kcwace1_0.updated_at from kids_champ_whatsapp_config kcwace1_0 where kcwace1_0.id=?
2026-08-13T19:47:45.760+05:30 DEBUG 2600 --- [aplus-kids-api] [nio-8081-exec-8] m.m.a.RequestResponseBodyMethodProcessor : Using 'application/json', given [*/*] and supported [application/json, application/*+json]
2026-08-13T19:47:45.760+05:30 DEBUG 2600 --- [aplus-kids-api] [nio-8081-exec-8] m.m.a.RequestResponseBodyMethodProcessor : Writing [{message=If that email is registered, a password reset link has been sent.}]
2026-08-13T19:47:45.760+05:30 DEBUG 2600 --- [aplus-kids-api] [nio-8081-exec-8] o.s.web.servlet.DispatcherServlet        : Completed 200 OK
2026-08-13T19:47:46.609+05:30 DEBUG 2600 --- [aplus-kids-api] [   scheduling-1] org.hibernate.SQL                        : select kcwace1_0.id,kcwace1_0.access_token_encrypted,kcwace1_0.business_account_id,kcwace1_0.graph_api_version,kcwace1_0.last_test_message,kcwace1_0.last_test_status,kcwace1_0.last_tested_at,kcwace1_0.phone_number_id,kcwace1_0.updated_at from kids_champ_whatsapp_config kcwace1_0 where kcwace1_0.id=?
2026-08-13T19:47:47.627+05:30 DEBUG 2600 --- [aplus-kids-api] [   scheduling-1] org.hibernate.SQL                        : select kcwace1_0.id,kcwace1_0.access_token_encrypted,kcwace1_0.business_account_id,kcwace1_0.graph_api_version,kcwace1_0.last_test_message,kcwace1_0.last_test_status,kcwace1_0.last_tested_at,kcwace1_0.phone_number_id,kcwace1_0.updated_at from kids_champ_whatsapp_config kcwace1_0 where kcwace1_0.id=?
2026-08-13T19:47:48.643+05:30 DEBUG 2600 --- [aplus-kids-api] [   scheduling-1] org.hibernate.SQL                        : select kcwace1_0.id,kcwace1_0.access_token_encrypted,kcwace1_0.business_account_id,kcwace1_0.graph_api_version,kcwace1_0.last_test_message,kcwace1_0.last_test_status,kcwace1_0.last_tested_at,kcwace1_0.phone_number_id,kcwace1_0.updated_at from kids_champ_whatsapp_config kcwace1_0 where kcwace1_0.id=?
2026-08-13T19:47:49.660+05:30 DEBUG 2600 --- [aplus-kids-api] [   scheduling-1] org.hibernate.SQL                        : select kcwace1_0.id,kcwace1_0.access_token_encrypted,kcwace1_0.business_account_id,kcwace1_0.graph_api_version,kcwace1_0.last_test_message,kcwace1_0.last_test_status,kcwace1_0.last_tested_at,kcwace1_0.phone_number_id,kcwace1_0.updated_at from kids_champ_whatsapp_config kcwace1_0 where kcwace1_0.id=?
2026-08-13T19:47:50.676+05:30 DEBUG 2600 --- [aplus-kids-api] [   scheduling-1] org.hibernate.SQL                        : select kcwace1_0.id,kcwace1_0.access_token_encrypted,kcwace1_0.business_account_id,kcwace1_0.graph_api_version,kcwace1_0.last_test_message,kcwace1_0.last_test_status,kcwace1_0.last_tested_at,kcwace1_0.phone_number_id,kcwace1_0.updated_at from kids_champ_whatsapp_config kcwace1_0 where kcwace1_0.id=?
2026-08-13T19:47:51.695+05:30 DEBUG 2600 --- [aplus-kids-api] [   scheduling-1] org.hibernate.SQL                        : select kcwace1_0.id,kcwace1_0.access_token_encrypted,kcwace1_0.business_account_id,kcwace1_0.graph_api_version,kcwace1_0.last_test_message,kcwace1_0.last_test_status,kcwace1_0.last_tested_at,kcwace1_0.phone_number_id,kcwace1_0.updated_at from kids_champ_whatsapp_config kcwace1_0 where kcwace1_0.id=?
2026-08-13T19:47:52.709+05:30 DEBUG 2600 --- [aplus-kids-api] [   scheduling-1] org.hibernate.SQL                        : select kcwace1_0.id,kcwace1_0.access_token_encrypted,kcwace1_0.business_account_id,kcwace1_0.graph_api_version,kcwace1_0.last_test_message,kcwace1_0.last_test_status,kcwace1_0.last_tested_at,kcwace1_0.phone_number_id,kcwace1_0.updated_at from kids_champ_whatsapp_config kcwace1_0 where kcwace1_0.id=?
2026-08-13T19:47:53.715+05:30 DEBUG 2600 --- [aplus-kids-api] [   scheduling-1] org.hibernate.SQL                        : select kcwace1_0.id,kcwace1_0.access_token_encrypted,kcwace1_0.business_account_id,kcwace1_0.graph_api_version,kcwace1_0.last_test_message,kcwace1_0.last_test_status,kcwace1_0.last_tested_at,kcwace1_0.phone_number_id,kcwace1_0.updated_at from kids_champ_whatsapp_config kcwace1_0 where kcwace1_0.id=?
2026-08-13T19:47:54.728+05:30 DEBUG 2600 --- [aplus-kids-api] [   scheduling-1] org.hibernate.SQL                        : select kcwace1_0.id,kcwace1_0.access_token_encrypted,kcwace1_0.business_account_id,kcwace1_0.graph_api_version,kcwace1_0.last_test_message,kcwace1_0.last_test_status,kcwace1_0.last_tested_at,kcwace1_0.phone_number_id,kcwace1_0.updated_at from kids_champ_whatsapp_config kcwace1_0 where kcwace1_0.id=?
2026-08-13T19:47:55.745+05:30 DEBUG 2600 --- [aplus-kids-api] [   scheduling-1] org.hibernate.SQL                        : select kcwace1_0.id,kcwace1_0.access_token_encrypted,kcwace1_0.business_account_id,kcwace1_0.graph_api_version,kcwace1_0.last_test_message,kcwace1_0.last_test_status,kcwace1_0.last_tested_at,kcwace1_0.phone_number_id,kcwace1_0.updated_at from kids_champ_whatsapp_config kcwace1_0 where kcwace1_0.id=?
2026-08-13T19:47:56.761+05:30 DEBUG 2600 --- [aplus-kids-api] [   scheduling-1] org.hibernate.SQL                        : select kcwace1_0.id,kcwace1_0.access_token_encrypted,kcwace1_0.business_account_id,kcwace1_0.graph_api_version,kcwace1_0.last_test_message,kcwace1_0.last_test_status,kcwace1_0.last_tested_at,kcwace1_0.phone_number_id,kcwace1_0.updated_at from kids_champ_whatsapp_config kcwace1_0 where kcwace1_0.id=?
2026-08-13T19:47:57.776+05:30 DEBUG 2600 --- [aplus-kids-api] [   scheduling-1] org.hibernate.SQL                        : select kcwace1_0.id,kcwace1_0.access_token_encrypted,kcwace1_0.business_account_id,kcwace1_0.graph_api_version,kcwace1_0.last_test_message,kcwace1_0.last_test_status,kcwace1_0.last_tested_at,kcwace1_0.phone_number_id,kcwace1_0.updated_at from kids_champ_whatsapp_config kcwace1_0 where kcwace1_0.id=?
2026-08-13T19:47:58.794+05:30 DEBUG 2600 --- [aplus-kids-api] [   scheduling-1] org.hibernate.SQL                        : select kcwace1_0.id,kcwace1_0.access_token_encrypted,kcwace1_0.business_account_id,kcwace1_0.graph_api_version,kcwace1_0.last_test_message,kcwace1_0.last_test_status,kcwace1_0.last_tested_at,kcwace1_0.phone_number_id,kcwace1_0.updated_at from kids_champ_whatsapp_config kcwace1_0 where kcwace1_0.id=?
2026-08-13T19:47:59.810+05:30 DEBUG 2600 --- [aplus-kids-api] [   scheduling-1] org.hibernate.SQL                        : select kcwace1_0.id,kcwace1_0.access_token_encrypted,kcwace1_0.business_account_id,kcwace1_0.graph_api_version,kcwace1_0.last_test_message,kcwace1_0.last_test_status,kcwace1_0.last_tested_at,kcwace1_0.phone_number_id,kcwace1_0.updated_at from kids_champ_whatsapp_config kcwace1_0 where kcwace1_0.id=?
2026-08-13T19:48:00.012+05:30 DEBUG 2600 --- [aplus-kids-api] [   scheduling-1] org.hibernate.SQL                        : select ue1_0.id,ue1_0.account_holder_name,ue1_0.created_at,ue1_0.credentials_changed_at,ue1_0.deleted_at,ue1_0.email,ue1_0.email_verified_at,ue1_0.failed_login_count,ue1_0.last_login_at,ue1_0.locked_until,ue1_0.password_hash,ue1_0.phone_e164,ue1_0.phone_verified_at,ue1_0.public_id,ue1_0.status,ue1_0.updated_at,ue1_0.version from users ue1_0
2026-08-13T19:48:00.014+05:30 DEBUG 2600 --- [aplus-kids-api] [   scheduling-1] org.hibernate.SQL                        : select r1_0.user_id,r1_1.id,r1_1.created_at,r1_1.description,r1_1.name from user_roles r1_0 join roles r1_1 on r1_1.id=r1_0.role_id where r1_0.user_id=?
2026-08-13T19:48:00.014+05:30 DEBUG 2600 --- [aplus-kids-api] [   scheduling-1] org.hibernate.SQL                        : select r1_0.user_id,r1_1.id,r1_1.created_at,r1_1.description,r1_1.name from user_roles r1_0 join roles r1_1 on r1_1.id=r1_0.role_id where r1_0.user_id=?
2026-08-13T19:48:00.014+05:30 DEBUG 2600 --- [aplus-kids-api] [   scheduling-1] org.hibernate.SQL                        : select r1_0.user_id,r1_1.id,r1_1.created_at,r1_1.description,r1_1.name from user_roles r1_0 join roles r1_1 on r1_1.id=r1_0.role_id where r1_0.user_id=?
2026-08-13T19:48:00.014+05:30 DEBUG 2600 --- [aplus-kids-api] [   scheduling-1] org.hibernate.SQL                        : select r1_0.user_id,r1_1.id,r1_1.created_at,r1_1.description,r1_1.name from user_roles r1_0 join roles r1_1 on r1_1.id=r1_0.role_id where r1_0.user_id=?
2026-08-13T19:48:00.027+05:30 DEBUG 2600 --- [aplus-kids-api] [   scheduling-1] org.hibernate.SQL                        : select r1_0.user_id,r1_1.id,r1_1.created_at,r1_1.description,r1_1.name from user_roles r1_0 join roles r1_1 on r1_1.id=r1_0.role_id where r1_0.user_id=?
2026-08-13T19:48:00.030+05:30 DEBUG 2600 --- [aplus-kids-api] [   scheduling-1] org.hibernate.SQL                        : select r1_0.user_id,r1_1.id,r1_1.created_at,r1_1.description,r1_1.name from user_roles r1_0 join roles r1_1 on r1_1.id=r1_0.role_id where r1_0.user_id=?
2026-08-13T19:48:00.036+05:30 DEBUG 2600 --- [aplus-kids-api] [         task-5] org.hibernate.SQL                        : select kcse1_0.id,kcse1_0.active_zip_started_at,kcse1_0.active_zip_target_size,kcse1_0.allowed_file_types,kcse1_0.campaign_limit,kcse1_0.categories,kcse1_0.daily_telecast_limit,kcse1_0.default_message,kcse1_0.default_telecast_time,kcse1_0.frequent_participant_threshold,kcse1_0.max_file_size_mb,kcse1_0.maximum_age,kcse1_0.minimum_age,kcse1_0.require_whatsapp_consent,kcse1_0.updated_at,kcse1_0.updated_by_user_id,kcse1_0.zip_batch_size,kcse1_0.zip_expiry_days,kcse1_0.zip_warning_days from kids_champ_settings kcse1_0 where kcse1_0.id=? for no key update of kcse1_0
2026-08-13T19:48:00.036+05:30 DEBUG 2600 --- [aplus-kids-api] [         task-5] org.hibernate.SQL                        : select kcse1_0.id,kcse1_0.age_at_submission,kcse1_0.assigned_reviewer_user_id,kcse1_0.batch_id,kcse1_0.category,kcse1_0.child_name,kcse1_0.child_profile_id,kcse1_0.consent_accepted_at,kcse1_0.country_code,kcse1_0.date_of_birth,kcse1_0.deleted_at,kcse1_0.deleted_by_user_id,kcse1_0.email,kcse1_0.file_size,kcse1_0.file_status,kcse1_0.guest_contact_id,kcse1_0.guest_participant_id,kcse1_0.hometown,kcse1_0.internal_note,kcse1_0.last_participant_merge_id,kcse1_0.media_type,kcse1_0.original_filename,kcse1_0.parent_name,kcse1_0.phone_e164,kcse1_0.photo_deleted_at,kcse1_0.previewed_at,kcse1_0.province,kcse1_0.public_id,kcse1_0.rejection_reason,kcse1_0.review_status,kcse1_0.reviewed_at,kcse1_0.reviewed_by_user_id,kcse1_0.stored_filename,kcse1_0.submitted_at,kcse1_0.telecast_status,kcse1_0.tracking_code,kcse1_0.user_id,kcse1_0.version,kcse1_0.whatsapp_consent_at,kcse1_0.work_description,kcse1_0.work_title from kids_champ_submissions kcse1_0 where kcse1_0.review_status=? and kcse1_0.batch_id is null and kcse1_0.deleted_at is null and kcse1_0.photo_deleted_at is null and kcse1_0.stored_filename is not null order by kcse1_0.submitted_at,kcse1_0.id fetch first ? rows only for no key update of kcse1_0
2026-08-13T19:48:00.825+05:30 DEBUG 2600 --- [aplus-kids-api] [   scheduling-1] org.hibernate.SQL                        : select kcwace1_0.id,kcwace1_0.access_token_encrypted,kcwace1_0.business_account_id,kcwace1_0.graph_api_version,kcwace1_0.last_test_message,kcwace1_0.last_test_status,kcwace1_0.last_tested_at,kcwace1_0.phone_number_id,kcwace1_0.updated_at from kids_champ_whatsapp_config kcwace1_0 where kcwace1_0.id=?
2026-08-13T19:48:01.843+05:30 DEBUG 2600 --- [aplus-kids-api] [   scheduling-1] org.hibernate.SQL                        : select kcwace1_0.id,kcwace1_0.access_token_encrypted,kcwace1_0.business_account_id,kcwace1_0.graph_api_version,kcwace1_0.last_test_message,kcwace1_0.last_test_status,kcwace1_0.last_tested_at,kcwace1_0.phone_number_id,kcwace1_0.updated_at from kids_champ_whatsapp_config kcwace1_0 where kcwace1_0.id=?
2026-08-13T19:48:02.859+05:30 DEBUG 2600 --- [aplus-kids-api] [   scheduling-1] org.hibernate.SQL                        : select kcwace1_0.id,kcwace1_0.access_token_encrypted,kcwace1_0.business_account_id,kcwace1_0.graph_api_version,kcwace1_0.last_test_message,kcwace1_0.last_test_status,kcwace1_0.last_tested_at,kcwace1_0.phone_number_id,kcwace1_0.updated_at from kids_champ_whatsapp_config kcwace1_0 where kcwace1_0.id=?
2026-08-13T19:48:03.877+05:30 DEBUG 2600 --- [aplus-kids-api] [   scheduling-1] org.hibernate.SQL                        : select kcwace1_0.id,kcwace1_0.access_token_encrypted,kcwace1_0.business_account_id,kcwace1_0.graph_api_version,kcwace1_0.last_test_message,kcwace1_0.last_test_status,kcwace1_0.last_tested_at,kcwace1_0.phone_number_id,kcwace1_0.updated_at from kids_champ_whatsapp_config kcwace1_0 where kcwace1_0.id=?
2026-08-13T19:48:04.894+05:30 DEBUG 2600 --- [aplus-kids-api] [   scheduling-1] org.hibernate.SQL                        : select kcwace1_0.id,kcwace1_0.access_token_encrypted,kcwace1_0.business_account_id,kcwace1_0.graph_api_version,kcwace1_0.last_test_message,kcwace1_0.last_test_status,kcwace1_0.last_tested_at,kcwace1_0.phone_number_id,kcwace1_0.updated_at from kids_champ_whatsapp_config kcwace1_0 where kcwace1_0.id=?
2026-08-13T19:48:05.909+05:30 DEBUG 2600 --- [aplus-kids-api] [   scheduling-1] org.hibernate.SQL                        : select kcwace1_0.id,kcwace1_0.access_token_encrypted,kcwace1_0.business_account_id,kcwace1_0.graph_api_version,kcwace1_0.last_test_message,kcwace1_0.last_test_status,kcwace1_0.last_tested_at,kcwace1_0.phone_number_id,kcwace1_0.updated_at from kids_champ_whatsapp_config kcwace1_0 where kcwace1_0.id=?
2026-08-13T19:48:06.926+05:30 DEBUG 2600 --- [aplus-kids-api] [   scheduling-1] org.hibernate.SQL                        : select kcwace1_0.id,kcwace1_0.access_token_encrypted,kcwace1_0.business_account_id,kcwace1_0.graph_api_version,kcwace1_0.last_test_message,kcwace1_0.last_test_status,kcwace1_0.last_tested_at,kcwace1_0.phone_number_id,kcwace1_0.updated_at from kids_champ_whatsapp_config kcwace1_0 where kcwace1_0.id=?
2026-08-13T19:48:07.943+05:30 DEBUG 2600 --- [aplus-kids-api] [   scheduling-1] org.hibernate.SQL                        : select kcwace1_0.id,kcwace1_0.access_token_encrypted,kcwace1_0.business_account_id,kcwace1_0.graph_api_version,kcwace1_0.last_test_message,kcwace1_0.last_test_status,kcwace1_0.last_tested_at,kcwace1_0.phone_number_id,kcwace1_0.updated_at from kids_champ_whatsapp_config kcwace1_0 where kcwace1_0.id=?
2026-08-13T19:48:08.960+05:30 DEBUG 2600 --- [aplus-kids-api] [   scheduling-1] org.hibernate.SQL                        : select kcwace1_0.id,kcwace1_0.access_token_encrypted,kcwace1_0.business_account_id,kcwace1_0.graph_api_version,kcwace1_0.last_test_message,kcwace1_0.last_test_status,kcwace1_0.last_tested_at,kcwace1_0.phone_number_id,kcwace1_0.updated_at from kids_champ_whatsapp_config kcwace1_0 where kcwace1_0.id=?
2026-08-13T19:48:09.975+05:30 DEBUG 2600 --- [aplus-kids-api] [   scheduling-1] org.hibernate.SQL                        : select kcwace1_0.id,kcwace1_0.access_token_encrypted,kcwace1_0.business_account_id,kcwace1_0.graph_api_version,kcwace1_0.last_test_message,kcwace1_0.last_test_status,kcwace1_0.last_tested_at,kcwace1_0.phone_number_id,kcwace1_0.updated_at from kids_champ_whatsapp_config kcwace1_0 where kcwace1_0.id=?
2026-08-13T19:48:10.993+05:30 DEBUG 2600 --- [aplus-kids-api] [   scheduling-1] org.hibernate.SQL                        : select kcwace1_0.id,kcwace1_0.access_token_encrypted,kcwace1_0.business_account_id,kcwace1_0.graph_api_version,kcwace1_0.last_test_message,kcwace1_0.last_test_status,kcwace1_0.last_tested_at,kcwace1_0.phone_number_id,kcwace1_0.updated_at from kids_champ_whatsapp_config kcwace1_0 where kcwace1_0.id=?
2026-08-13T19:48:12.011+05:30 DEBUG 2600 --- [aplus-kids-api] [   scheduling-1] org.hibernate.SQL                        : select kcwace1_0.id,kcwace1_0.access_token_encrypted,kcwace1_0.business_account_id,kcwace1_0.graph_api_version,kcwace1_0.last_test_message,kcwace1_0.last_test_status,kcwace1_0.last_tested_at,kcwace1_0.phone_number_id,kcwace1_0.updated_at from kids_champ_whatsapp_config kcwace1_0 where kcwace1_0.id=?
2026-08-13T19:48:13.028+05:30 DEBUG 2600 --- [aplus-kids-api] [   scheduling-1] org.hibernate.SQL                        : select kcwace1_0.id,kcwace1_0.access_token_encrypted,kcwace1_0.business_account_id,kcwace1_0.graph_api_version,kcwace1_0.last_test_message,kcwace1_0.last_test_status,kcwace1_0.last_tested_at,kcwace1_0.phone_number_id,kcwace1_0.updated_at from kids_champ_whatsapp_config kcwace1_0 where kcwace1_0.id=?
2026-08-13T19:48:14.043+05:30 DEBUG 2600 --- [aplus-kids-api] [   scheduling-1] org.hibernate.SQL                        : select kcwace1_0.id,kcwace1_0.access_token_encrypted,kcwace1_0.business_account_id,kcwace1_0.graph_api_version,kcwace1_0.last_test_message,kcwace1_0.last_test_status,kcwace1_0.last_tested_at,kcwace1_0.phone_number_id,kcwace1_0.updated_at from kids_champ_whatsapp_config kcwace1_0 where kcwace1_0.id=?
2026-08-13T19:48:15.060+05:30 DEBUG 2600 --- [aplus-kids-api] [   scheduling-1] org.hibernate.SQL                        : select kcwace1_0.id,kcwace1_0.access_token_encrypted,kcwace1_0.business_account_id,kcwace1_0.graph_api_version,kcwace1_0.last_test_message,kcwace1_0.last_test_status,kcwace1_0.last_tested_at,kcwace1_0.phone_number_id,kcwace1_0.updated_at from kids_champ_whatsapp_config kcwace1_0 where kcwace1_0.id=?
2026-08-13T19:48:16.076+05:30 DEBUG 2600 --- [aplus-kids-api] [   scheduling-1] org.hibernate.SQL                        : select kcwace1_0.id,kcwace1_0.access_token_encrypted,kcwace1_0.business_account_id,kcwace1_0.graph_api_version,kcwace1_0.last_test_message,kcwace1_0.last_test_status,kcwace1_0.last_tested_at,kcwace1_0.phone_number_id,kcwace1_0.updated_at from kids_champ_whatsapp_config kcwace1_0 where kcwace1_0.id=?
2026-08-13T19:48:17.093+05:30 DEBUG 2600 --- [aplus-kids-api] [   scheduling-1] org.hibernate.SQL                        : select kcwace1_0.id,kcwace1_0.access_token_encrypted,kcwace1_0.business_account_id,kcwace1_0.graph_api_version,kcwace1_0.last_test_message,kcwace1_0.last_test_status,kcwace1_0.last_tested_at,kcwace1_0.phone_number_id,kcwace1_0.updated_at from kids_champ_whatsapp_config kcwace1_0 where kcwace1_0.id=?
2026-08-13T19:48:18.110+05:30 DEBUG 2600 --- [aplus-kids-api] [   scheduling-1] org.hibernate.SQL                        : select kcwace1_0.id,kcwace1_0.access_token_encrypted,kcwace1_0.business_account_id,kcwace1_0.graph_api_version,kcwace1_0.last_test_message,kcwace1_0.last_test_status,kcwace1_0.last_tested_at,kcwace1_0.phone_number_id,kcwace1_0.updated_at from kids_champ_whatsapp_config kcwace1_0 where kcwace1_0.id=?
2026-08-13T19:48:19.126+05:30 DEBUG 2600 --- [aplus-kids-api] [   scheduling-1] org.hibernate.SQL                        : select kcwace1_0.id,kcwace1_0.access_token_encrypted,kcwace1_0.business_account_id,kcwace1_0.graph_api_version,kcwace1_0.last_test_message,kcwace1_0.last_test_status,kcwace1_0.last_tested_at,kcwace1_0.phone_number_id,kcwace1_0.updated_at from kids_champ_whatsapp_config kcwace1_0 where kcwace1_0.id=?
2026-08-13T19:48:20.143+05:30 DEBUG 2600 --- [aplus-kids-api] [   scheduling-1] org.hibernate.SQL                        : select kcwace1_0.id,kcwace1_0.access_token_encrypted,kcwace1_0.business_account_id,kcwace1_0.graph_api_version,kcwace1_0.last_test_message,kcwace1_0.last_test_status,kcwace1_0.last_tested_at,kcwace1_0.phone_number_id,kcwace1_0.updated_at from kids_champ_whatsapp_config kcwace1_0 where kcwace1_0.id=?
2026-08-13T19:48:21.159+05:30 DEBUG 2600 --- [aplus-kids-api] [   scheduling-1] org.hibernate.SQL                        : select kcwace1_0.id,kcwace1_0.access_token_encrypted,kcwace1_0.business_account_id,kcwace1_0.graph_api_version,kcwace1_0.last_test_message,kcwace1_0.last_test_status,kcwace1_0.last_tested_at,kcwace1_0.phone_number_id,kcwace1_0.updated_at from kids_champ_whatsapp_config kcwace1_0 where kcwace1_0.id=?
2026-08-13T19:48:22.176+05:30 DEBUG 2600 --- [aplus-kids-api] [   scheduling-1] org.hibernate.SQL                        : select kcwace1_0.id,kcwace1_0.access_token_encrypted,kcwace1_0.business_account_id,kcwace1_0.graph_api_version,kcwace1_0.last_test_message,kcwace1_0.last_test_status,kcwace1_0.last_tested_at,kcwace1_0.phone_number_id,kcwace1_0.updated_at from kids_champ_whatsapp_config kcwace1_0 where kcwace1_0.id=?
2026-08-13T19:48:23.192+05:30 DEBUG 2600 --- [aplus-kids-api] [   scheduling-1] org.hibernate.SQL                        : select kcwace1_0.id,kcwace1_0.access_token_encrypted,kcwace1_0.business_account_id,kcwace1_0.graph_api_version,kcwace1_0.last_test_message,kcwace1_0.last_test_status,kcwace1_0.last_tested_at,kcwace1_0.phone_number_id,kcwace1_0.updated_at from kids_champ_whatsapp_config kcwace1_0 where kcwace1_0.id=?
2026-08-13T19:48:24.209+05:30 DEBUG 2600 --- [aplus-kids-api] [   scheduling-1] org.hibernate.SQL                        : select kcwace1_0.id,kcwace1_0.access_token_encrypted,kcwace1_0.business_account_id,kcwace1_0.graph_api_version,kcwace1_0.last_test_message,kcwace1_0.last_test_status,kcwace1_0.last_tested_at,kcwace1_0.phone_number_id,kcwace1_0.updated_at from kids_champ_whatsapp_config kcwace1_0 where kcwace1_0.id=?
2026-08-13T19:48:25.214+05:30 DEBUG 2600 --- [aplus-kids-api] [   scheduling-1] org.hibernate.SQL                        : select kcwace1_0.id,kcwace1_0.access_token_encrypted,kcwace1_0.business_account_id,kcwace1_0.graph_api_version,kcwace1_0.last_test_message,kcwace1_0.last_test_status,kcwace1_0.last_tested_at,kcwace1_0.phone_number_id,kcwace1_0.updated_at from kids_champ_whatsapp_config kcwace1_0 where kcwace1_0.id=?
2026-08-13T19:48:26.227+05:30 DEBUG 2600 --- [aplus-kids-api] [   scheduling-1] org.hibernate.SQL                        : select kcwace1_0.id,kcwace1_0.access_token_encrypted,kcwace1_0.business_account_id,kcwace1_0.graph_api_version,kcwace1_0.last_test_message,kcwace1_0.last_test_status,kcwace1_0.last_tested_at,kcwace1_0.phone_number_id,kcwace1_0.updated_at from kids_champ_whatsapp_config kcwace1_0 where kcwace1_0.id=?
2026-08-13T19:48:27.243+05:30 DEBUG 2600 --- [aplus-kids-api] [   scheduling-1] org.hibernate.SQL                        : select kcwace1_0.id,kcwace1_0.access_token_encrypted,kcwace1_0.business_account_id,kcwace1_0.graph_api_version,kcwace1_0.last_test_message,kcwace1_0.last_test_status,kcwace1_0.last_tested_at,kcwace1_0.phone_number_id,kcwace1_0.updated_at from kids_champ_whatsapp_config kcwace1_0 where kcwace1_0.id=?
2026-08-13T19:48:28.259+05:30 DEBUG 2600 --- [aplus-kids-api] [   scheduling-1] org.hibernate.SQL                        : select kcwace1_0.id,kcwace1_0.access_token_encrypted,kcwace1_0.business_account_id,kcwace1_0.graph_api_version,kcwace1_0.last_test_message,kcwace1_0.last_test_status,kcwace1_0.last_tested_at,kcwace1_0.phone_number_id,kcwace1_0.updated_at from kids_champ_whatsapp_config kcwace1_0 where kcwace1_0.id=?
2026-08-13T19:48:29.261+05:30 DEBUG 2600 --- [aplus-kids-api] [   scheduling-1] org.hibernate.SQL                        : select kcwace1_0.id,kcwace1_0.access_token_encrypted,kcwace1_0.business_account_id,kcwace1_0.graph_api_version,kcwace1_0.last_test_message,kcwace1_0.last_test_status,kcwace1_0.last_tested_at,kcwace1_0.phone_number_id,kcwace1_0.updated_at from kids_champ_whatsapp_config kcwace1_0 where kcwace1_0.id=?
2026-08-13T19:48:30.268+05:30 DEBUG 2600 --- [aplus-kids-api] [   scheduling-1] org.hibernate.SQL                        : select kcwace1_0.id,kcwace1_0.access_token_encrypted,kcwace1_0.business_account_id,kcwace1_0.graph_api_version,kcwace1_0.last_test_message,kcwace1_0.last_test_status,kcwace1_0.last_tested_at,kcwace1_0.phone_number_id,kcwace1_0.updated_at from kids_champ_whatsapp_config kcwace1_0 where kcwace1_0.id=?
2026-08-13T19:48:31.277+05:30 DEBUG 2600 --- [aplus-kids-api] [   scheduling-1] org.hibernate.SQL                        : select kcwace1_0.id,kcwace1_0.access_token_encrypted,kcwace1_0.business_account_id,kcwace1_0.graph_api_version,kcwace1_0.last_test_message,kcwace1_0.last_test_status,kcwace1_0.last_tested_at,kcwace1_0.phone_number_id,kcwace1_0.updated_at from kids_champ_whatsapp_config kcwace1_0 where kcwace1_0.id=?
2026-08-13T19:48:32.295+05:30 DEBUG 2600 --- [aplus-kids-api] [   scheduling-1] org.hibernate.SQL                        : select kcwace1_0.id,kcwace1_0.access_token_encrypted,kcwace1_0.business_account_id,kcwace1_0.graph_api_version,kcwace1_0.last_test_message,kcwace1_0.last_test_status,kcwace1_0.last_tested_at,kcwace1_0.phone_number_id,kcwace1_0.updated_at from kids_champ_whatsapp_config kcwace1_0 where kcwace1_0.id=?
2026-08-13T19:48:33.159+05:30 DEBUG 2600 --- [aplus-kids-api] [nio-8081-exec-2] o.s.web.servlet.DispatcherServlet        : GET "/api/v1/health", parameters={}
2026-08-13T19:48:33.161+05:30 DEBUG 2600 --- [aplus-kids-api] [nio-8081-exec-2] s.w.s.m.m.a.RequestMappingHandlerMapping : Mapped to lk.apluskids.platform.common.DatabaseHealthController#health()
2026-08-13T19:48:33.163+05:30 DEBUG 2600 --- [aplus-kids-api] [nio-8081-exec-2] o.s.jdbc.core.JdbcTemplate               : Executing SQL query [SELECT 1]
2026-08-13T19:48:33.166+05:30 DEBUG 2600 --- [aplus-kids-api] [nio-8081-exec-2] m.m.a.RequestResponseBodyMethodProcessor : Using 'application/json', given [*/*] and supported [application/json, application/*+json]
2026-08-13T19:48:33.167+05:30 DEBUG 2600 --- [aplus-kids-api] [nio-8081-exec-2] m.m.a.RequestResponseBodyMethodProcessor : Writing [HealthResponse[status=UP]]
2026-08-13T19:48:33.168+05:30 DEBUG 2600 --- [aplus-kids-api] [nio-8081-exec-2] o.s.web.servlet.DispatcherServlet        : Completed 200 OK
2026-08-13T19:48:33.228+05:30 DEBUG 2600 --- [aplus-kids-api] [nio-8081-exec-6] org.hibernate.SQL                        : select ue1_0.id,ue1_0.account_holder_name,ue1_0.created_at,ue1_0.credentials_changed_at,ue1_0.deleted_at,ue1_0.email,ue1_0.email_verified_at,ue1_0.failed_login_count,ue1_0.last_login_at,ue1_0.locked_until,ue1_0.password_hash,ue1_0.phone_e164,ue1_0.phone_verified_at,ue1_0.public_id,ue1_0.status,ue1_0.updated_at,ue1_0.version from users ue1_0 where ue1_0.public_id=?
2026-08-13T19:48:33.228+05:30 DEBUG 2600 --- [aplus-kids-api] [nio-8081-exec-6] org.hibernate.SQL                        : select r1_0.user_id,r1_1.id,r1_1.created_at,r1_1.description,r1_1.name from user_roles r1_0 join roles r1_1 on r1_1.id=r1_0.role_id where r1_0.user_id=?
2026-08-13T19:48:33.228+05:30 DEBUG 2600 --- [aplus-kids-api] [nio-8081-exec-6] o.s.web.servlet.DispatcherServlet        : GET "/api/v1/admin/kids-champ/overview", parameters={}
2026-08-13T19:48:33.228+05:30 DEBUG 2600 --- [aplus-kids-api] [nio-8081-exec-6] s.w.s.m.m.a.RequestMappingHandlerMapping : Mapped to lk.apluskids.platform.kidschamp.KidsChampAdminController#overview(JwtAuthenticationToken)
2026-08-13T19:48:33.244+05:30 DEBUG 2600 --- [aplus-kids-api] [nio-8081-exec-6] org.hibernate.SQL                        : select kcse1_0.id,kcse1_0.age_at_submission,kcse1_0.assigned_reviewer_user_id,kcse1_0.batch_id,kcse1_0.category,kcse1_0.child_name,cp1_0.id,cp1_0.address,cp1_0.country_code,cp1_0.created_at,cp1_0.date_of_birth,cp1_0.deleted_at,cp1_0.full_name,cp1_0.gender,cp1_0.hometown,cp1_0.province,cp1_0.public_id,cp1_0.updated_at,cp1_0.user_id,cp1_0.version,kcse1_0.consent_accepted_at,kcse1_0.country_code,kcse1_0.date_of_birth,kcse1_0.deleted_at,kcse1_0.deleted_by_user_id,kcse1_0.email,kcse1_0.file_size,kcse1_0.file_status,gc1_0.id,gc1_0.claimed_at,gc1_0.claimed_by_user_id,gc1_0.country_code,gc1_0.deleted_at,gc1_0.email,gc1_0.first_submitted_at,gc1_0.hometown,gc1_0.last_submitted_at,gc1_0.parent_name,gc1_0.phone_e164,gc1_0.province,gc1_0.public_id,gc1_0.submission_count,gp1_0.id,gp1_0.child_name,gp1_0.guest_contact_id,c1_0.id,c1_0.claimed_at,c1_0.claimed_by_user_id,c1_0.country_code,c1_0.deleted_at,c1_0.email,c1_0.first_submitted_at,c1_0.hometown,c1_0.last_submitted_at,c1_0.parent_name,c1_0.phone_e164,c1_0.province,c1_0.public_id,c1_0.submission_count,gp1_0.created_at,gp1_0.date_of_birth,gp1_0.hometown,gp1_0.merge_reason,gp1_0.merged_at,gp1_0.merged_by_user_id,gp1_0.merged_into_reference,gp1_0.merged_into_type,gp1_0.normalized_child_name,gp1_0.province,gp1_0.public_id,gp1_0.updated_at,gp1_0.version,kcse1_0.hometown,kcse1_0.internal_note,kcse1_0.last_participant_merge_id,kcse1_0.media_type,kcse1_0.original_filename,kcse1_0.parent_name,kcse1_0.phone_e164,kcse1_0.photo_deleted_at,kcse1_0.previewed_at,kcse1_0.province,kcse1_0.public_id,kcse1_0.rejection_reason,kcse1_0.review_status,kcse1_0.reviewed_at,kcse1_0.reviewed_by_user_id,kcse1_0.stored_filename,kcse1_0.submitted_at,kcse1_0.telecast_status,kcse1_0.tracking_code,u2_0.id,u2_0.account_holder_name,u2_0.created_at,u2_0.credentials_changed_at,u2_0.deleted_at,u2_0.email,u2_0.email_verified_at,u2_0.failed_login_count,u2_0.last_login_at,u2_0.locked_until,u2_0.password_hash,u2_0.phone_e164,u2_0.phone_verified_at,u2_0.public_id,u2_0.status,u2_0.updated_at,u2_0.version,kcse1_0.version,kcse1_0.whatsapp_consent_at,kcse1_0.work_description,kcse1_0.work_title from kids_champ_submissions kcse1_0 left join child_profiles cp1_0 on cp1_0.id=kcse1_0.child_profile_id left join kids_champ_guest_contacts gc1_0 on gc1_0.id=kcse1_0.guest_contact_id left join kids_champ_guest_participants gp1_0 on gp1_0.id=kcse1_0.guest_participant_id left join kids_champ_guest_contacts c1_0 on c1_0.id=gp1_0.guest_contact_id left join users u2_0 on u2_0.id=kcse1_0.user_id where kcse1_0.deleted_at is null order by kcse1_0.submitted_at desc
2026-08-13T19:48:33.310+05:30 DEBUG 2600 --- [aplus-kids-api] [   scheduling-1] org.hibernate.SQL                        : select kcwace1_0.id,kcwace1_0.access_token_encrypted,kcwace1_0.business_account_id,kcwace1_0.graph_api_version,kcwace1_0.last_test_message,kcwace1_0.last_test_status,kcwace1_0.last_tested_at,kcwace1_0.phone_number_id,kcwace1_0.updated_at from kids_champ_whatsapp_config kcwace1_0 where kcwace1_0.id=?
2026-08-13T19:48:33.348+05:30 DEBUG 2600 --- [aplus-kids-api] [nio-8081-exec-6] org.hibernate.SQL                        : select kcwape1_0.participant_reference,kcwape1_0.opted_in_at,kcwape1_0.opted_out_at,kcwape1_0.reason,kcwape1_0.source,kcwape1_0.status,kcwape1_0.updated_at,kcwape1_0.updated_by_user_id from kids_champ_whatsapp_preferences kcwape1_0
2026-08-13T19:48:33.369+05:30 DEBUG 2600 --- [aplus-kids-api] [nio-8081-exec-6] org.hibernate.SQL                        : select kcse1_0.id,kcse1_0.age_at_submission,kcse1_0.assigned_reviewer_user_id,kcse1_0.batch_id,kcse1_0.category,kcse1_0.child_name,cp1_0.id,cp1_0.address,cp1_0.country_code,cp1_0.created_at,cp1_0.date_of_birth,cp1_0.deleted_at,cp1_0.full_name,cp1_0.gender,cp1_0.hometown,cp1_0.province,cp1_0.public_id,cp1_0.updated_at,cp1_0.user_id,cp1_0.version,kcse1_0.consent_accepted_at,kcse1_0.country_code,kcse1_0.date_of_birth,kcse1_0.deleted_at,kcse1_0.deleted_by_user_id,kcse1_0.email,kcse1_0.file_size,kcse1_0.file_status,gc1_0.id,gc1_0.claimed_at,gc1_0.claimed_by_user_id,gc1_0.country_code,gc1_0.deleted_at,gc1_0.email,gc1_0.first_submitted_at,gc1_0.hometown,gc1_0.last_submitted_at,gc1_0.parent_name,gc1_0.phone_e164,gc1_0.province,gc1_0.public_id,gc1_0.submission_count,gp1_0.id,gp1_0.child_name,gp1_0.guest_contact_id,c1_0.id,c1_0.claimed_at,c1_0.claimed_by_user_id,c1_0.country_code,c1_0.deleted_at,c1_0.email,c1_0.first_submitted_at,c1_0.hometown,c1_0.last_submitted_at,c1_0.parent_name,c1_0.phone_e164,c1_0.province,c1_0.public_id,c1_0.submission_count,gp1_0.created_at,gp1_0.date_of_birth,gp1_0.hometown,gp1_0.merge_reason,gp1_0.merged_at,gp1_0.merged_by_user_id,gp1_0.merged_into_reference,gp1_0.merged_into_type,gp1_0.normalized_child_name,gp1_0.province,gp1_0.public_id,gp1_0.updated_at,gp1_0.version,kcse1_0.hometown,kcse1_0.internal_note,kcse1_0.last_participant_merge_id,kcse1_0.media_type,kcse1_0.original_filename,kcse1_0.parent_name,kcse1_0.phone_e164,kcse1_0.photo_deleted_at,kcse1_0.previewed_at,kcse1_0.province,kcse1_0.public_id,kcse1_0.rejection_reason,kcse1_0.review_status,kcse1_0.reviewed_at,kcse1_0.reviewed_by_user_id,kcse1_0.stored_filename,kcse1_0.submitted_at,kcse1_0.telecast_status,kcse1_0.tracking_code,u2_0.id,u2_0.account_holder_name,u2_0.created_at,u2_0.credentials_changed_at,u2_0.deleted_at,u2_0.email,u2_0.email_verified_at,u2_0.failed_login_count,u2_0.last_login_at,u2_0.locked_until,u2_0.password_hash,u2_0.phone_e164,u2_0.phone_verified_at,u2_0.public_id,u2_0.status,u2_0.updated_at,u2_0.version,kcse1_0.version,kcse1_0.whatsapp_consent_at,kcse1_0.work_description,kcse1_0.work_title from kids_champ_submissions kcse1_0 left join child_profiles cp1_0 on cp1_0.id=kcse1_0.child_profile_id left join kids_champ_guest_contacts gc1_0 on gc1_0.id=kcse1_0.guest_contact_id left join kids_champ_guest_participants gp1_0 on gp1_0.id=kcse1_0.guest_participant_id left join kids_champ_guest_contacts c1_0 on c1_0.id=gp1_0.guest_contact_id left join users u2_0 on u2_0.id=kcse1_0.user_id where kcse1_0.deleted_at is null order by kcse1_0.submitted_at desc
2026-08-13T19:48:33.391+05:30 DEBUG 2600 --- [aplus-kids-api] [nio-8081-exec-6] org.hibernate.SQL                        : select kcbe1_0.id,kcbe1_0.alternate_telecast_date,kcbe1_0.archive_path,kcbe1_0.batch_code,kcbe1_0.cleanup_failure_count,kcbe1_0.cleanup_pending,kcbe1_0.created_at,kcbe1_0.created_by_user_id,kcbe1_0.delete_after,kcbe1_0.deleted_at,kcbe1_0.deleted_by_user_id,kcbe1_0.edited_at,kcbe1_0.first_downloaded_at,kcbe1_0.last_cleanup_attempt_at,kcbe1_0.photo_count,kcbe1_0.public_id,kcbe1_0.purged_at,kcbe1_0.retention_days,kcbe1_0.status,kcbe1_0.telecast_completed_at,kcbe1_0.telecast_date,kcbe1_0.version,kcbe1_0.warning_days from kids_champ_batches kcbe1_0 order by kcbe1_0.created_at desc,kcbe1_0.id desc
2026-08-13T19:48:33.410+05:30 DEBUG 2600 --- [aplus-kids-api] [nio-8081-exec-6] m.m.a.RequestResponseBodyMethodProcessor : Using 'application/json', given [*/*] and supported [application/json, application/*+json]
2026-08-13T19:48:33.414+05:30 DEBUG 2600 --- [aplus-kids-api] [nio-8081-exec-6] m.m.a.RequestResponseBodyMethodProcessor : Writing [OverviewResponse[totalSubmissions=1237, newToday=0, pendingReviews=40, approved=1197, selectedForTv= (truncated)...]
2026-08-13T19:48:33.415+05:30 DEBUG 2600 --- [aplus-kids-api] [nio-8081-exec-6] o.s.web.servlet.DispatcherServlet        : Completed 200 OK
2026-08-13T19:48:34.329+05:30 DEBUG 2600 --- [aplus-kids-api] [   scheduling-1] org.hibernate.SQL                        : select kcwace1_0.id,kcwace1_0.access_token_encrypted,kcwace1_0.business_account_id,kcwace1_0.graph_api_version,kcwace1_0.last_test_message,kcwace1_0.last_test_status,kcwace1_0.last_tested_at,kcwace1_0.phone_number_id,kcwace1_0.updated_at from kids_champ_whatsapp_config kcwace1_0 where kcwace1_0.id=?
2026-08-13T19:48:35.344+05:30 DEBUG 2600 --- [aplus-kids-api] [   scheduling-1] org.hibernate.SQL                        : select kcwace1_0.id,kcwace1_0.access_token_encrypted,kcwace1_0.business_account_id,kcwace1_0.graph_api_version,kcwace1_0.last_test_message,kcwace1_0.last_test_status,kcwace1_0.last_tested_at,kcwace1_0.phone_number_id,kcwace1_0.updated_at from kids_champ_whatsapp_config kcwace1_0 where kcwace1_0.id=?
2026-08-13T19:48:36.360+05:30 DEBUG 2600 --- [aplus-kids-api] [   scheduling-1] org.hibernate.SQL                        : select kcwace1_0.id,kcwace1_0.access_token_encrypted,kcwace1_0.business_account_id,kcwace1_0.graph_api_version,kcwace1_0.last_test_message,kcwace1_0.last_test_status,kcwace1_0.last_tested_at,kcwace1_0.phone_number_id,kcwace1_0.updated_at from kids_champ_whatsapp_config kcwace1_0 where kcwace1_0.id=?
2026-08-13T19:48:37.375+05:30 DEBUG 2600 --- [aplus-kids-api] [   scheduling-1] org.hibernate.SQL                        : select kcwace1_0.id,kcwace1_0.access_token_encrypted,kcwace1_0.business_account_id,kcwace1_0.graph_api_version,kcwace1_0.last_test_message,kcwace1_0.last_test_status,kcwace1_0.last_tested_at,kcwace1_0.phone_number_id,kcwace1_0.updated_at from kids_champ_whatsapp_config kcwace1_0 where kcwace1_0.id=?
2026-08-13T19:48:37.482+05:30 DEBUG 2600 --- [aplus-kids-api] [nio-8081-exec-3] o.s.web.servlet.DispatcherServlet        : GET "/api/v1/health", parameters={}
2026-08-13T19:48:37.484+05:30 DEBUG 2600 --- [aplus-kids-api] [nio-8081-exec-3] s.w.s.m.m.a.RequestMappingHandlerMapping : Mapped to lk.apluskids.platform.common.DatabaseHealthController#health()
2026-08-13T19:48:37.484+05:30 DEBUG 2600 --- [aplus-kids-api] [nio-8081-exec-3] o.s.jdbc.core.JdbcTemplate               : Executing SQL query [SELECT 1]
2026-08-13T19:48:37.484+05:30 DEBUG 2600 --- [aplus-kids-api] [nio-8081-exec-3] m.m.a.RequestResponseBodyMethodProcessor : Using 'application/json', given [*/*] and supported [application/json, application/*+json]
2026-08-13T19:48:37.484+05:30 DEBUG 2600 --- [aplus-kids-api] [nio-8081-exec-3] m.m.a.RequestResponseBodyMethodProcessor : Writing [HealthResponse[status=UP]]
2026-08-13T19:48:37.493+05:30 DEBUG 2600 --- [aplus-kids-api] [nio-8081-exec-3] o.s.web.servlet.DispatcherServlet        : Completed 200 OK
2026-08-13T19:48:37.494+05:30 DEBUG 2600 --- [aplus-kids-api] [nio-8081-exec-5] org.hibernate.SQL                        : select ue1_0.id,ue1_0.account_holder_name,ue1_0.created_at,ue1_0.credentials_changed_at,ue1_0.deleted_at,ue1_0.email,ue1_0.email_verified_at,ue1_0.failed_login_count,ue1_0.last_login_at,ue1_0.locked_until,ue1_0.password_hash,ue1_0.phone_e164,ue1_0.phone_verified_at,ue1_0.public_id,ue1_0.status,ue1_0.updated_at,ue1_0.version from users ue1_0 where ue1_0.public_id=?
2026-08-13T19:48:37.509+05:30 DEBUG 2600 --- [aplus-kids-api] [nio-8081-exec-5] org.hibernate.SQL                        : select r1_0.user_id,r1_1.id,r1_1.created_at,r1_1.description,r1_1.name from user_roles r1_0 join roles r1_1 on r1_1.id=r1_0.role_id where r1_0.user_id=?
2026-08-13T19:48:37.510+05:30 DEBUG 2600 --- [aplus-kids-api] [nio-8081-exec-5] o.s.web.servlet.DispatcherServlet        : GET "/api/v1/admin/kids-champ/overview", parameters={}
2026-08-13T19:48:37.510+05:30 DEBUG 2600 --- [aplus-kids-api] [nio-8081-exec-5] s.w.s.m.m.a.RequestMappingHandlerMapping : Mapped to lk.apluskids.platform.kidschamp.KidsChampAdminController#overview(JwtAuthenticationToken)
2026-08-13T19:48:37.520+05:30 DEBUG 2600 --- [aplus-kids-api] [nio-8081-exec-5] org.hibernate.SQL                        : select kcse1_0.id,kcse1_0.age_at_submission,kcse1_0.assigned_reviewer_user_id,kcse1_0.batch_id,kcse1_0.category,kcse1_0.child_name,cp1_0.id,cp1_0.address,cp1_0.country_code,cp1_0.created_at,cp1_0.date_of_birth,cp1_0.deleted_at,cp1_0.full_name,cp1_0.gender,cp1_0.hometown,cp1_0.province,cp1_0.public_id,cp1_0.updated_at,cp1_0.user_id,cp1_0.version,kcse1_0.consent_accepted_at,kcse1_0.country_code,kcse1_0.date_of_birth,kcse1_0.deleted_at,kcse1_0.deleted_by_user_id,kcse1_0.email,kcse1_0.file_size,kcse1_0.file_status,gc1_0.id,gc1_0.claimed_at,gc1_0.claimed_by_user_id,gc1_0.country_code,gc1_0.deleted_at,gc1_0.email,gc1_0.first_submitted_at,gc1_0.hometown,gc1_0.last_submitted_at,gc1_0.parent_name,gc1_0.phone_e164,gc1_0.province,gc1_0.public_id,gc1_0.submission_count,gp1_0.id,gp1_0.child_name,gp1_0.guest_contact_id,c1_0.id,c1_0.claimed_at,c1_0.claimed_by_user_id,c1_0.country_code,c1_0.deleted_at,c1_0.email,c1_0.first_submitted_at,c1_0.hometown,c1_0.last_submitted_at,c1_0.parent_name,c1_0.phone_e164,c1_0.province,c1_0.public_id,c1_0.submission_count,gp1_0.created_at,gp1_0.date_of_birth,gp1_0.hometown,gp1_0.merge_reason,gp1_0.merged_at,gp1_0.merged_by_user_id,gp1_0.merged_into_reference,gp1_0.merged_into_type,gp1_0.normalized_child_name,gp1_0.province,gp1_0.public_id,gp1_0.updated_at,gp1_0.version,kcse1_0.hometown,kcse1_0.internal_note,kcse1_0.last_participant_merge_id,kcse1_0.media_type,kcse1_0.original_filename,kcse1_0.parent_name,kcse1_0.phone_e164,kcse1_0.photo_deleted_at,kcse1_0.previewed_at,kcse1_0.province,kcse1_0.public_id,kcse1_0.rejection_reason,kcse1_0.review_status,kcse1_0.reviewed_at,kcse1_0.reviewed_by_user_id,kcse1_0.stored_filename,kcse1_0.submitted_at,kcse1_0.telecast_status,kcse1_0.tracking_code,u2_0.id,u2_0.account_holder_name,u2_0.created_at,u2_0.credentials_changed_at,u2_0.deleted_at,u2_0.email,u2_0.email_verified_at,u2_0.failed_login_count,u2_0.last_login_at,u2_0.locked_until,u2_0.password_hash,u2_0.phone_e164,u2_0.phone_verified_at,u2_0.public_id,u2_0.status,u2_0.updated_at,u2_0.version,kcse1_0.version,kcse1_0.whatsapp_consent_at,kcse1_0.work_description,kcse1_0.work_title from kids_champ_submissions kcse1_0 left join child_profiles cp1_0 on cp1_0.id=kcse1_0.child_profile_id left join kids_champ_guest_contacts gc1_0 on gc1_0.id=kcse1_0.guest_contact_id left join kids_champ_guest_participants gp1_0 on gp1_0.id=kcse1_0.guest_participant_id left join kids_champ_guest_contacts c1_0 on c1_0.id=gp1_0.guest_contact_id left join users u2_0 on u2_0.id=kcse1_0.user_id where kcse1_0.deleted_at is null order by kcse1_0.submitted_at desc
2026-08-13T19:48:37.633+05:30 DEBUG 2600 --- [aplus-kids-api] [nio-8081-exec-5] org.hibernate.SQL                        : select kcwape1_0.participant_reference,kcwape1_0.opted_in_at,kcwape1_0.opted_out_at,kcwape1_0.reason,kcwape1_0.source,kcwape1_0.status,kcwape1_0.updated_at,kcwape1_0.updated_by_user_id from kids_champ_whatsapp_preferences kcwape1_0
2026-08-13T19:48:37.657+05:30 DEBUG 2600 --- [aplus-kids-api] [nio-8081-exec-5] org.hibernate.SQL                        : select kcse1_0.id,kcse1_0.age_at_submission,kcse1_0.assigned_reviewer_user_id,kcse1_0.batch_id,kcse1_0.category,kcse1_0.child_name,cp1_0.id,cp1_0.address,cp1_0.country_code,cp1_0.created_at,cp1_0.date_of_birth,cp1_0.deleted_at,cp1_0.full_name,cp1_0.gender,cp1_0.hometown,cp1_0.province,cp1_0.public_id,cp1_0.updated_at,cp1_0.user_id,cp1_0.version,kcse1_0.consent_accepted_at,kcse1_0.country_code,kcse1_0.date_of_birth,kcse1_0.deleted_at,kcse1_0.deleted_by_user_id,kcse1_0.email,kcse1_0.file_size,kcse1_0.file_status,gc1_0.id,gc1_0.claimed_at,gc1_0.claimed_by_user_id,gc1_0.country_code,gc1_0.deleted_at,gc1_0.email,gc1_0.first_submitted_at,gc1_0.hometown,gc1_0.last_submitted_at,gc1_0.parent_name,gc1_0.phone_e164,gc1_0.province,gc1_0.public_id,gc1_0.submission_count,gp1_0.id,gp1_0.child_name,gp1_0.guest_contact_id,c1_0.id,c1_0.claimed_at,c1_0.claimed_by_user_id,c1_0.country_code,c1_0.deleted_at,c1_0.email,c1_0.first_submitted_at,c1_0.hometown,c1_0.last_submitted_at,c1_0.parent_name,c1_0.phone_e164,c1_0.province,c1_0.public_id,c1_0.submission_count,gp1_0.created_at,gp1_0.date_of_birth,gp1_0.hometown,gp1_0.merge_reason,gp1_0.merged_at,gp1_0.merged_by_user_id,gp1_0.merged_into_reference,gp1_0.merged_into_type,gp1_0.normalized_child_name,gp1_0.province,gp1_0.public_id,gp1_0.updated_at,gp1_0.version,kcse1_0.hometown,kcse1_0.internal_note,kcse1_0.last_participant_merge_id,kcse1_0.media_type,kcse1_0.original_filename,kcse1_0.parent_name,kcse1_0.phone_e164,kcse1_0.photo_deleted_at,kcse1_0.previewed_at,kcse1_0.province,kcse1_0.public_id,kcse1_0.rejection_reason,kcse1_0.review_status,kcse1_0.reviewed_at,kcse1_0.reviewed_by_user_id,kcse1_0.stored_filename,kcse1_0.submitted_at,kcse1_0.telecast_status,kcse1_0.tracking_code,u2_0.id,u2_0.account_holder_name,u2_0.created_at,u2_0.credentials_changed_at,u2_0.deleted_at,u2_0.email,u2_0.email_verified_at,u2_0.failed_login_count,u2_0.last_login_at,u2_0.locked_until,u2_0.password_hash,u2_0.phone_e164,u2_0.phone_verified_at,u2_0.public_id,u2_0.status,u2_0.updated_at,u2_0.version,kcse1_0.version,kcse1_0.whatsapp_consent_at,kcse1_0.work_description,kcse1_0.work_title from kids_champ_submissions kcse1_0 left join child_profiles cp1_0 on cp1_0.id=kcse1_0.child_profile_id left join kids_champ_guest_contacts gc1_0 on gc1_0.id=kcse1_0.guest_contact_id left join kids_champ_guest_participants gp1_0 on gp1_0.id=kcse1_0.guest_participant_id left join kids_champ_guest_contacts c1_0 on c1_0.id=gp1_0.guest_contact_id left join users u2_0 on u2_0.id=kcse1_0.user_id where kcse1_0.deleted_at is null order by kcse1_0.submitted_at desc
2026-08-13T19:48:37.677+05:30 DEBUG 2600 --- [aplus-kids-api] [nio-8081-exec-5] org.hibernate.SQL                        : select kcbe1_0.id,kcbe1_0.alternate_telecast_date,kcbe1_0.archive_path,kcbe1_0.batch_code,kcbe1_0.cleanup_failure_count,kcbe1_0.cleanup_pending,kcbe1_0.created_at,kcbe1_0.created_by_user_id,kcbe1_0.delete_after,kcbe1_0.deleted_at,kcbe1_0.deleted_by_user_id,kcbe1_0.edited_at,kcbe1_0.first_downloaded_at,kcbe1_0.last_cleanup_attempt_at,kcbe1_0.photo_count,kcbe1_0.public_id,kcbe1_0.purged_at,kcbe1_0.retention_days,kcbe1_0.status,kcbe1_0.telecast_completed_at,kcbe1_0.telecast_date,kcbe1_0.version,kcbe1_0.warning_days from kids_champ_batches kcbe1_0 order by kcbe1_0.created_at desc,kcbe1_0.id desc
2026-08-13T19:48:37.694+05:30 DEBUG 2600 --- [aplus-kids-api] [nio-8081-exec-5] m.m.a.RequestResponseBodyMethodProcessor : Using 'application/json', given [*/*] and supported [application/json, application/*+json]
2026-08-13T19:48:37.695+05:30 DEBUG 2600 --- [aplus-kids-api] [nio-8081-exec-5] m.m.a.RequestResponseBodyMethodProcessor : Writing [OverviewResponse[totalSubmissions=1237, newToday=0, pendingReviews=40, approved=1197, selectedForTv= (truncated)...]
2026-08-13T19:48:37.697+05:30 DEBUG 2600 --- [aplus-kids-api] [nio-8081-exec-5] o.s.web.servlet.DispatcherServlet        : Completed 200 OK
2026-08-13T19:48:38.391+05:30 DEBUG 2600 --- [aplus-kids-api] [   scheduling-1] org.hibernate.SQL                        : select kcwace1_0.id,kcwace1_0.access_token_encrypted,kcwace1_0.business_account_id,kcwace1_0.graph_api_version,kcwace1_0.last_test_message,kcwace1_0.last_test_status,kcwace1_0.last_tested_at,kcwace1_0.phone_number_id,kcwace1_0.updated_at from kids_champ_whatsapp_config kcwace1_0 where kcwace1_0.id=?
2026-08-13T19:48:38.872+05:30 DEBUG 2600 --- [aplus-kids-api] [nio-8081-exec-9] org.hibernate.SQL                        : select ue1_0.id,ue1_0.account_holder_name,ue1_0.created_at,ue1_0.credentials_changed_at,ue1_0.deleted_at,ue1_0.email,ue1_0.email_verified_at,ue1_0.failed_login_count,ue1_0.last_login_at,ue1_0.locked_until,ue1_0.password_hash,ue1_0.phone_e164,ue1_0.phone_verified_at,ue1_0.public_id,ue1_0.status,ue1_0.updated_at,ue1_0.version from users ue1_0 where ue1_0.public_id=?
2026-08-13T19:48:38.878+05:30 DEBUG 2600 --- [aplus-kids-api] [nio-8081-exec-4] org.hibernate.SQL                        : select ue1_0.id,ue1_0.account_holder_name,ue1_0.created_at,ue1_0.credentials_changed_at,ue1_0.deleted_at,ue1_0.email,ue1_0.email_verified_at,ue1_0.failed_login_count,ue1_0.last_login_at,ue1_0.locked_until,ue1_0.password_hash,ue1_0.phone_e164,ue1_0.phone_verified_at,ue1_0.public_id,ue1_0.status,ue1_0.updated_at,ue1_0.version from users ue1_0 where ue1_0.public_id=?
2026-08-13T19:48:38.878+05:30 DEBUG 2600 --- [aplus-kids-api] [nio-8081-exec-7] org.hibernate.SQL                        : select ue1_0.id,ue1_0.account_holder_name,ue1_0.created_at,ue1_0.credentials_changed_at,ue1_0.deleted_at,ue1_0.email,ue1_0.email_verified_at,ue1_0.failed_login_count,ue1_0.last_login_at,ue1_0.locked_until,ue1_0.password_hash,ue1_0.phone_e164,ue1_0.phone_verified_at,ue1_0.public_id,ue1_0.status,ue1_0.updated_at,ue1_0.version from users ue1_0 where ue1_0.public_id=?
2026-08-13T19:48:38.879+05:30 DEBUG 2600 --- [aplus-kids-api] [nio-8081-exec-9] org.hibernate.SQL                        : select r1_0.user_id,r1_1.id,r1_1.created_at,r1_1.description,r1_1.name from user_roles r1_0 join roles r1_1 on r1_1.id=r1_0.role_id where r1_0.user_id=?
2026-08-13T19:48:38.879+05:30 DEBUG 2600 --- [aplus-kids-api] [nio-8081-exec-4] org.hibernate.SQL                        : select r1_0.user_id,r1_1.id,r1_1.created_at,r1_1.description,r1_1.name from user_roles r1_0 join roles r1_1 on r1_1.id=r1_0.role_id where r1_0.user_id=?
2026-08-13T19:48:38.880+05:30 DEBUG 2600 --- [aplus-kids-api] [io-8081-exec-10] org.hibernate.SQL                        : select ue1_0.id,ue1_0.account_holder_name,ue1_0.created_at,ue1_0.credentials_changed_at,ue1_0.deleted_at,ue1_0.email,ue1_0.email_verified_at,ue1_0.failed_login_count,ue1_0.last_login_at,ue1_0.locked_until,ue1_0.password_hash,ue1_0.phone_e164,ue1_0.phone_verified_at,ue1_0.public_id,ue1_0.status,ue1_0.updated_at,ue1_0.version from users ue1_0 where ue1_0.public_id=?
2026-08-13T19:48:38.881+05:30 DEBUG 2600 --- [aplus-kids-api] [nio-8081-exec-9] o.s.web.servlet.DispatcherServlet        : GET "/api/v1/admin/administrator-management", parameters={}
2026-08-13T19:48:38.881+05:30 DEBUG 2600 --- [aplus-kids-api] [nio-8081-exec-4] o.s.web.servlet.DispatcherServlet        : GET "/api/v1/admin/account-management/overview", parameters={}
2026-08-13T19:48:38.882+05:30 DEBUG 2600 --- [aplus-kids-api] [nio-8081-exec-1] o.s.web.servlet.DispatcherServlet        : GET "/api/v1/health", parameters={}
2026-08-13T19:48:38.882+05:30 DEBUG 2600 --- [aplus-kids-api] [nio-8081-exec-9] s.w.s.m.m.a.RequestMappingHandlerMapping : Mapped to lk.apluskids.platform.adminmanagement.AdministratorManagementController#list(JwtAuthenticationToken, String, AdministratorMembershipStatus, AdministratorRole)
2026-08-13T19:48:38.882+05:30 DEBUG 2600 --- [aplus-kids-api] [io-8081-exec-10] org.hibernate.SQL                        : select r1_0.user_id,r1_1.id,r1_1.created_at,r1_1.description,r1_1.name from user_roles r1_0 join roles r1_1 on r1_1.id=r1_0.role_id where r1_0.user_id=?
2026-08-13T19:48:38.882+05:30 DEBUG 2600 --- [aplus-kids-api] [nio-8081-exec-8] org.hibernate.SQL                        : select ue1_0.id,ue1_0.account_holder_name,ue1_0.created_at,ue1_0.credentials_changed_at,ue1_0.deleted_at,ue1_0.email,ue1_0.email_verified_at,ue1_0.failed_login_count,ue1_0.last_login_at,ue1_0.locked_until,ue1_0.password_hash,ue1_0.phone_e164,ue1_0.phone_verified_at,ue1_0.public_id,ue1_0.status,ue1_0.updated_at,ue1_0.version from users ue1_0 where ue1_0.public_id=?
2026-08-13T19:48:38.883+05:30 DEBUG 2600 --- [aplus-kids-api] [nio-8081-exec-4] s.w.s.m.m.a.RequestMappingHandlerMapping : Mapped to lk.apluskids.platform.adminmanagement.AccountManagementAdminController#overview(JwtAuthenticationToken)
2026-08-13T19:48:38.883+05:30 DEBUG 2600 --- [aplus-kids-api] [nio-8081-exec-1] s.w.s.m.m.a.RequestMappingHandlerMapping : Mapped to lk.apluskids.platform.common.DatabaseHealthController#health()
2026-08-13T19:48:38.885+05:30 DEBUG 2600 --- [aplus-kids-api] [nio-8081-exec-7] org.hibernate.SQL                        : select r1_0.user_id,r1_1.id,r1_1.created_at,r1_1.description,r1_1.name from user_roles r1_0 join roles r1_1 on r1_1.id=r1_0.role_id where r1_0.user_id=?
2026-08-13T19:48:38.886+05:30 DEBUG 2600 --- [aplus-kids-api] [nio-8081-exec-8] org.hibernate.SQL                        : select r1_0.user_id,r1_1.id,r1_1.created_at,r1_1.description,r1_1.name from user_roles r1_0 join roles r1_1 on r1_1.id=r1_0.role_id where r1_0.user_id=?
2026-08-13T19:48:38.886+05:30 DEBUG 2600 --- [aplus-kids-api] [io-8081-exec-10] o.s.web.servlet.DispatcherServlet        : GET "/api/v1/admin/administrator-management/summary", parameters={}
2026-08-13T19:48:38.887+05:30 DEBUG 2600 --- [aplus-kids-api] [nio-8081-exec-1] o.s.jdbc.core.JdbcTemplate               : Executing SQL query [SELECT 1]
2026-08-13T19:48:38.888+05:30 DEBUG 2600 --- [aplus-kids-api] [io-8081-exec-10] s.w.s.m.m.a.RequestMappingHandlerMapping : Mapped to lk.apluskids.platform.adminmanagement.AdministratorManagementController#summary(JwtAuthenticationToken)
2026-08-13T19:48:38.888+05:30 DEBUG 2600 --- [aplus-kids-api] [nio-8081-exec-8] o.s.web.servlet.DispatcherServlet        : GET "/api/v1/admin/kids-champ/admin-history", parameters={}
2026-08-13T19:48:38.890+05:30 DEBUG 2600 --- [aplus-kids-api] [nio-8081-exec-1] m.m.a.RequestResponseBodyMethodProcessor : Using 'application/json', given [*/*] and supported [application/json, application/*+json]
2026-08-13T19:48:38.891+05:30 DEBUG 2600 --- [aplus-kids-api] [nio-8081-exec-8] s.w.s.m.m.a.RequestMappingHandlerMapping : Mapped to lk.apluskids.platform.kidschamp.KidsChampAdminController#adminHistory(JwtAuthenticationToken)
2026-08-13T19:48:38.891+05:30 DEBUG 2600 --- [aplus-kids-api] [nio-8081-exec-1] m.m.a.RequestResponseBodyMethodProcessor : Writing [HealthResponse[status=UP]]
2026-08-13T19:48:38.892+05:30 DEBUG 2600 --- [aplus-kids-api] [nio-8081-exec-4] org.hibernate.SQL                        : select ue1_0.id,ue1_0.account_holder_name,ue1_0.created_at,ue1_0.credentials_changed_at,ue1_0.deleted_at,ue1_0.email,ue1_0.email_verified_at,ue1_0.failed_login_count,ue1_0.last_login_at,ue1_0.locked_until,ue1_0.password_hash,ue1_0.phone_e164,ue1_0.phone_verified_at,ue1_0.public_id,ue1_0.status,ue1_0.updated_at,ue1_0.version from users ue1_0
2026-08-13T19:48:38.892+05:30 DEBUG 2600 --- [aplus-kids-api] [nio-8081-exec-1] o.s.web.servlet.DispatcherServlet        : Completed 200 OK
2026-08-13T19:48:38.892+05:30 DEBUG 2600 --- [aplus-kids-api] [nio-8081-exec-4] org.hibernate.SQL                        : select r1_0.user_id,r1_1.id,r1_1.created_at,r1_1.description,r1_1.name from user_roles r1_0 join roles r1_1 on r1_1.id=r1_0.role_id where r1_0.user_id=?
2026-08-13T19:48:38.896+05:30 DEBUG 2600 --- [aplus-kids-api] [nio-8081-exec-4] org.hibernate.SQL                        : select r1_0.user_id,r1_1.id,r1_1.created_at,r1_1.description,r1_1.name from user_roles r1_0 join roles r1_1 on r1_1.id=r1_0.role_id where r1_0.user_id=?
2026-08-13T19:48:38.896+05:30 DEBUG 2600 --- [aplus-kids-api] [io-8081-exec-10] org.hibernate.SQL                        : select ame1_0.id,ame1_0.activated_at,ame1_0.cancelled_at,ame1_0.cancelled_by_user_id,ame1_0.invite_reason,ame1_0.invited_at,ame1_0.invited_by_user_id,ame1_0.public_id,ame1_0.role,ame1_0.status,ame1_0.suspended_at,ame1_0.suspended_by_user_id,ame1_0.suspension_reason,ame1_0.updated_at,ame1_0.user_id,ame1_0.verification_failed_attempts,ame1_0.verification_locked_until,ame1_0.version from administrator_memberships ame1_0 join users u1_0 on u1_0.id=ame1_0.user_id where u1_0.public_id=?
2026-08-13T19:48:38.896+05:30 DEBUG 2600 --- [aplus-kids-api] [nio-8081-exec-9] org.hibernate.SQL                        : select ame1_0.id,ame1_0.activated_at,ame1_0.cancelled_at,ame1_0.cancelled_by_user_id,ame1_0.invite_reason,ame1_0.invited_at,ame1_0.invited_by_user_id,ame1_0.public_id,ame1_0.role,ame1_0.status,ame1_0.suspended_at,ame1_0.suspended_by_user_id,ame1_0.suspension_reason,ame1_0.updated_at,ame1_0.user_id,ame1_0.verification_failed_attempts,ame1_0.verification_locked_until,ame1_0.version from administrator_memberships ame1_0 join users u1_0 on u1_0.id=ame1_0.user_id where u1_0.public_id=?
2026-08-13T19:48:38.897+05:30 DEBUG 2600 --- [aplus-kids-api] [nio-8081-exec-4] org.hibernate.SQL                        : select r1_0.user_id,r1_1.id,r1_1.created_at,r1_1.description,r1_1.name from user_roles r1_0 join roles r1_1 on r1_1.id=r1_0.role_id where r1_0.user_id=?
2026-08-13T19:48:38.897+05:30 DEBUG 2600 --- [aplus-kids-api] [nio-8081-exec-8] org.hibernate.SQL                        : select kcae1_0.id,kcae1_0.action,kcae1_0.actor_user_id,kcae1_0.created_at,kcae1_0.details,kcae1_0.entity_public_id,kcae1_0.entity_type from kids_champ_audit_log kcae1_0 order by kcae1_0.created_at desc fetch first ? rows only
2026-08-13T19:48:38.897+05:30 DEBUG 2600 --- [aplus-kids-api] [nio-8081-exec-7] o.s.web.servlet.DispatcherServlet        : GET "/api/v1/admin/account-management/accounts", parameters={}
2026-08-13T19:48:38.897+05:30 DEBUG 2600 --- [aplus-kids-api] [nio-8081-exec-4] org.hibernate.SQL                        : select r1_0.user_id,r1_1.id,r1_1.created_at,r1_1.description,r1_1.name from user_roles r1_0 join roles r1_1 on r1_1.id=r1_0.role_id where r1_0.user_id=?
2026-08-13T19:48:38.897+05:30 DEBUG 2600 --- [aplus-kids-api] [nio-8081-exec-7] s.w.s.m.m.a.RequestMappingHandlerMapping : Mapped to lk.apluskids.platform.adminmanagement.AccountManagementAdminController#accounts(JwtAuthenticationToken, String, AccountStatus)
2026-08-13T19:48:38.900+05:30 DEBUG 2600 --- [aplus-kids-api] [nio-8081-exec-4] org.hibernate.SQL                        : select r1_0.user_id,r1_1.id,r1_1.created_at,r1_1.description,r1_1.name from user_roles r1_0 join roles r1_1 on r1_1.id=r1_0.role_id where r1_0.user_id=?
2026-08-13T19:48:38.900+05:30 DEBUG 2600 --- [aplus-kids-api] [nio-8081-exec-2] org.hibernate.SQL                        : select ue1_0.id,ue1_0.account_holder_name,ue1_0.created_at,ue1_0.credentials_changed_at,ue1_0.deleted_at,ue1_0.email,ue1_0.email_verified_at,ue1_0.failed_login_count,ue1_0.last_login_at,ue1_0.locked_until,ue1_0.password_hash,ue1_0.phone_e164,ue1_0.phone_verified_at,ue1_0.public_id,ue1_0.status,ue1_0.updated_at,ue1_0.version from users ue1_0 where ue1_0.public_id=?
2026-08-13T19:48:38.900+05:30 DEBUG 2600 --- [aplus-kids-api] [nio-8081-exec-4] org.hibernate.SQL                        : select r1_0.user_id,r1_1.id,r1_1.created_at,r1_1.description,r1_1.name from user_roles r1_0 join roles r1_1 on r1_1.id=r1_0.role_id where r1_0.user_id=?
2026-08-13T19:48:38.903+05:30 DEBUG 2600 --- [aplus-kids-api] [nio-8081-exec-2] org.hibernate.SQL                        : select r1_0.user_id,r1_1.id,r1_1.created_at,r1_1.description,r1_1.name from user_roles r1_0 join roles r1_1 on r1_1.id=r1_0.role_id where r1_0.user_id=?
2026-08-13T19:48:38.904+05:30 DEBUG 2600 --- [aplus-kids-api] [nio-8081-exec-7] org.hibernate.SQL                        : select cpe1_0.id,cpe1_0.address,cpe1_0.country_code,cpe1_0.created_at,cpe1_0.date_of_birth,cpe1_0.deleted_at,cpe1_0.full_name,cpe1_0.gender,cpe1_0.hometown,cpe1_0.province,cpe1_0.public_id,cpe1_0.updated_at,cpe1_0.user_id,cpe1_0.version from child_profiles cpe1_0
2026-08-13T19:48:38.904+05:30 DEBUG 2600 --- [aplus-kids-api] [nio-8081-exec-2] o.s.web.servlet.DispatcherServlet        : GET "/api/v1/admin/kids-champ/overview", parameters={}
2026-08-13T19:48:38.906+05:30 DEBUG 2600 --- [aplus-kids-api] [nio-8081-exec-2] s.w.s.m.m.a.RequestMappingHandlerMapping : Mapped to lk.apluskids.platform.kidschamp.KidsChampAdminController#overview(JwtAuthenticationToken)
2026-08-13T19:48:38.906+05:30 DEBUG 2600 --- [aplus-kids-api] [nio-8081-exec-9] org.hibernate.SQL                        : select ue1_0.id,ue1_0.account_holder_name,ue1_0.created_at,ue1_0.credentials_changed_at,ue1_0.deleted_at,ue1_0.email,ue1_0.email_verified_at,ue1_0.failed_login_count,ue1_0.last_login_at,ue1_0.locked_until,ue1_0.password_hash,ue1_0.phone_e164,ue1_0.phone_verified_at,ue1_0.public_id,r1_0.user_id,r1_1.id,r1_1.created_at,r1_1.description,r1_1.name,ue1_0.status,ue1_0.updated_at,ue1_0.version from users ue1_0 left join user_roles r1_0 on ue1_0.id=r1_0.user_id left join roles r1_1 on r1_1.id=r1_0.role_id where ue1_0.id=?
2026-08-13T19:48:38.909+05:30 DEBUG 2600 --- [aplus-kids-api] [nio-8081-exec-9] org.hibernate.SQL                        : select ame1_0.id,ame1_0.activated_at,ame1_0.cancelled_at,ame1_0.cancelled_by_user_id,ame1_0.invite_reason,ame1_0.invited_at,ame1_0.invited_by_user_id,ame1_0.public_id,ame1_0.role,ame1_0.status,ame1_0.suspended_at,ame1_0.suspended_by_user_id,ame1_0.suspension_reason,ame1_0.updated_at,ame1_0.user_id,ame1_0.verification_failed_attempts,ame1_0.verification_locked_until,ame1_0.version from administrator_memberships ame1_0 join users u1_0 on u1_0.id=ame1_0.user_id where u1_0.public_id=?
2026-08-13T19:48:38.909+05:30 DEBUG 2600 --- [aplus-kids-api] [nio-8081-exec-4] org.hibernate.SQL                        : select ame1_0.id from administrator_memberships ame1_0 where ame1_0.user_id=? fetch first ? rows only
2026-08-13T19:48:38.910+05:30 DEBUG 2600 --- [aplus-kids-api] [nio-8081-exec-2] org.hibernate.SQL                        : select kcse1_0.id,kcse1_0.age_at_submission,kcse1_0.assigned_reviewer_user_id,kcse1_0.batch_id,kcse1_0.category,kcse1_0.child_name,cp1_0.id,cp1_0.address,cp1_0.country_code,cp1_0.created_at,cp1_0.date_of_birth,cp1_0.deleted_at,cp1_0.full_name,cp1_0.gender,cp1_0.hometown,cp1_0.province,cp1_0.public_id,cp1_0.updated_at,cp1_0.user_id,cp1_0.version,kcse1_0.consent_accepted_at,kcse1_0.country_code,kcse1_0.date_of_birth,kcse1_0.deleted_at,kcse1_0.deleted_by_user_id,kcse1_0.email,kcse1_0.file_size,kcse1_0.file_status,gc1_0.id,gc1_0.claimed_at,gc1_0.claimed_by_user_id,gc1_0.country_code,gc1_0.deleted_at,gc1_0.email,gc1_0.first_submitted_at,gc1_0.hometown,gc1_0.last_submitted_at,gc1_0.parent_name,gc1_0.phone_e164,gc1_0.province,gc1_0.public_id,gc1_0.submission_count,gp1_0.id,gp1_0.child_name,gp1_0.guest_contact_id,c1_0.id,c1_0.claimed_at,c1_0.claimed_by_user_id,c1_0.country_code,c1_0.deleted_at,c1_0.email,c1_0.first_submitted_at,c1_0.hometown,c1_0.last_submitted_at,c1_0.parent_name,c1_0.phone_e164,c1_0.province,c1_0.public_id,c1_0.submission_count,gp1_0.created_at,gp1_0.date_of_birth,gp1_0.hometown,gp1_0.merge_reason,gp1_0.merged_at,gp1_0.merged_by_user_id,gp1_0.merged_into_reference,gp1_0.merged_into_type,gp1_0.normalized_child_name,gp1_0.province,gp1_0.public_id,gp1_0.updated_at,gp1_0.version,kcse1_0.hometown,kcse1_0.internal_note,kcse1_0.last_participant_merge_id,kcse1_0.media_type,kcse1_0.original_filename,kcse1_0.parent_name,kcse1_0.phone_e164,kcse1_0.photo_deleted_at,kcse1_0.previewed_at,kcse1_0.province,kcse1_0.public_id,kcse1_0.rejection_reason,kcse1_0.review_status,kcse1_0.reviewed_at,kcse1_0.reviewed_by_user_id,kcse1_0.stored_filename,kcse1_0.submitted_at,kcse1_0.telecast_status,kcse1_0.tracking_code,u2_0.id,u2_0.account_holder_name,u2_0.created_at,u2_0.credentials_changed_at,u2_0.deleted_at,u2_0.email,u2_0.email_verified_at,u2_0.failed_login_count,u2_0.last_login_at,u2_0.locked_until,u2_0.password_hash,u2_0.phone_e164,u2_0.phone_verified_at,u2_0.public_id,u2_0.status,u2_0.updated_at,u2_0.version,kcse1_0.version,kcse1_0.whatsapp_consent_at,kcse1_0.work_description,kcse1_0.work_title from kids_champ_submissions kcse1_0 left join child_profiles cp1_0 on cp1_0.id=kcse1_0.child_profile_id left join kids_champ_guest_contacts gc1_0 on gc1_0.id=kcse1_0.guest_contact_id left join kids_champ_guest_participants gp1_0 on gp1_0.id=kcse1_0.guest_participant_id left join kids_champ_guest_contacts c1_0 on c1_0.id=gp1_0.guest_contact_id left join users u2_0 on u2_0.id=kcse1_0.user_id where kcse1_0.deleted_at is null order by kcse1_0.submitted_at desc
2026-08-13T19:48:38.911+05:30 DEBUG 2600 --- [aplus-kids-api] [nio-8081-exec-4] org.hibernate.SQL                        : select ame1_0.id from administrator_memberships ame1_0 where ame1_0.user_id=? fetch first ? rows only
2026-08-13T19:48:38.911+05:30 DEBUG 2600 --- [aplus-kids-api] [nio-8081-exec-8] org.hibernate.SQL                        : select ue1_0.id,ue1_0.account_holder_name,ue1_0.created_at,ue1_0.credentials_changed_at,ue1_0.deleted_at,ue1_0.email,ue1_0.email_verified_at,ue1_0.failed_login_count,ue1_0.last_login_at,ue1_0.locked_until,ue1_0.password_hash,ue1_0.phone_e164,ue1_0.phone_verified_at,ue1_0.public_id,r1_0.user_id,r1_1.id,r1_1.created_at,r1_1.description,r1_1.name,ue1_0.status,ue1_0.updated_at,ue1_0.version from users ue1_0 left join user_roles r1_0 on ue1_0.id=r1_0.user_id left join roles r1_1 on r1_1.id=r1_0.role_id where ue1_0.id=?
2026-08-13T19:48:38.913+05:30 DEBUG 2600 --- [aplus-kids-api] [io-8081-exec-10] org.hibernate.SQL                        : select ue1_0.id,ue1_0.account_holder_name,ue1_0.created_at,ue1_0.credentials_changed_at,ue1_0.deleted_at,ue1_0.email,ue1_0.email_verified_at,ue1_0.failed_login_count,ue1_0.last_login_at,ue1_0.locked_until,ue1_0.password_hash,ue1_0.phone_e164,ue1_0.phone_verified_at,ue1_0.public_id,r1_0.user_id,r1_1.id,r1_1.created_at,r1_1.description,r1_1.name,ue1_0.status,ue1_0.updated_at,ue1_0.version from users ue1_0 left join user_roles r1_0 on ue1_0.id=r1_0.user_id left join roles r1_1 on r1_1.id=r1_0.role_id where ue1_0.id=?
2026-08-13T19:48:38.913+05:30 DEBUG 2600 --- [aplus-kids-api] [nio-8081-exec-7] org.hibernate.SQL                        : select ue1_0.id,ue1_0.account_holder_name,ue1_0.created_at,ue1_0.credentials_changed_at,ue1_0.deleted_at,ue1_0.email,ue1_0.email_verified_at,ue1_0.failed_login_count,ue1_0.last_login_at,ue1_0.locked_until,ue1_0.password_hash,ue1_0.phone_e164,ue1_0.phone_verified_at,ue1_0.public_id,ue1_0.status,ue1_0.updated_at,ue1_0.version from users ue1_0
2026-08-13T19:48:38.913+05:30 DEBUG 2600 --- [aplus-kids-api] [nio-8081-exec-9] org.hibernate.SQL                        : select ame1_0.id,ame1_0.activated_at,ame1_0.cancelled_at,ame1_0.cancelled_by_user_id,ame1_0.invite_reason,ame1_0.invited_at,ame1_0.invited_by_user_id,ame1_0.public_id,ame1_0.role,ame1_0.status,ame1_0.suspended_at,ame1_0.suspended_by_user_id,ame1_0.suspension_reason,ame1_0.updated_at,ame1_0.user_id,ame1_0.verification_failed_attempts,ame1_0.verification_locked_until,ame1_0.version from administrator_memberships ame1_0 order by ame1_0.invited_at desc
2026-08-13T19:48:38.913+05:30 DEBUG 2600 --- [aplus-kids-api] [nio-8081-exec-4] org.hibernate.SQL                        : select ame1_0.id from administrator_memberships ame1_0 where ame1_0.user_id=? fetch first ? rows only
2026-08-13T19:48:38.915+05:30 DEBUG 2600 --- [aplus-kids-api] [nio-8081-exec-4] org.hibernate.SQL                        : select ame1_0.id from administrator_memberships ame1_0 where ame1_0.user_id=? fetch first ? rows only
2026-08-13T19:48:38.915+05:30 DEBUG 2600 --- [aplus-kids-api] [nio-8081-exec-9] org.hibernate.SQL                        : select ue1_0.id,ue1_0.account_holder_name,ue1_0.created_at,ue1_0.credentials_changed_at,ue1_0.deleted_at,ue1_0.email,ue1_0.email_verified_at,ue1_0.failed_login_count,ue1_0.last_login_at,ue1_0.locked_until,ue1_0.password_hash,ue1_0.phone_e164,ue1_0.phone_verified_at,ue1_0.public_id,r1_0.user_id,r1_1.id,r1_1.created_at,r1_1.description,r1_1.name,ue1_0.status,ue1_0.updated_at,ue1_0.version from users ue1_0 left join user_roles r1_0 on ue1_0.id=r1_0.user_id left join roles r1_1 on r1_1.id=r1_0.role_id where ue1_0.id=?
2026-08-13T19:48:38.915+05:30 DEBUG 2600 --- [aplus-kids-api] [io-8081-exec-10] org.hibernate.SQL                        : select ame1_0.id,ame1_0.activated_at,ame1_0.cancelled_at,ame1_0.cancelled_by_user_id,ame1_0.invite_reason,ame1_0.invited_at,ame1_0.invited_by_user_id,ame1_0.public_id,ame1_0.role,ame1_0.status,ame1_0.suspended_at,ame1_0.suspended_by_user_id,ame1_0.suspension_reason,ame1_0.updated_at,ame1_0.user_id,ame1_0.verification_failed_attempts,ame1_0.verification_locked_until,ame1_0.version from administrator_memberships ame1_0 join users u1_0 on u1_0.id=ame1_0.user_id where u1_0.public_id=?
2026-08-13T19:48:38.915+05:30 DEBUG 2600 --- [aplus-kids-api] [nio-8081-exec-9] m.m.a.RequestResponseBodyMethodProcessor : Using 'application/json', given [*/*] and supported [application/json, application/*+json]
2026-08-13T19:48:38.915+05:30 DEBUG 2600 --- [aplus-kids-api] [nio-8081-exec-7] org.hibernate.SQL                        : select r1_0.user_id,r1_1.id,r1_1.created_at,r1_1.description,r1_1.name from user_roles r1_0 join roles r1_1 on r1_1.id=r1_0.role_id where r1_0.user_id=?
2026-08-13T19:48:38.915+05:30 DEBUG 2600 --- [aplus-kids-api] [nio-8081-exec-4] org.hibernate.SQL                        : select kcgce1_0.id,kcgce1_0.claimed_at,kcgce1_0.claimed_by_user_id,kcgce1_0.country_code,kcgce1_0.deleted_at,kcgce1_0.email,kcgce1_0.first_submitted_at,kcgce1_0.hometown,kcgce1_0.last_submitted_at,kcgce1_0.parent_name,kcgce1_0.phone_e164,kcgce1_0.province,kcgce1_0.public_id,kcgce1_0.submission_count from kids_champ_guest_contacts kcgce1_0 order by kcgce1_0.last_submitted_at desc
2026-08-13T19:48:38.915+05:30 DEBUG 2600 --- [aplus-kids-api] [io-8081-exec-10] org.hibernate.SQL                        : select ame1_0.id,ame1_0.activated_at,ame1_0.cancelled_at,ame1_0.cancelled_by_user_id,ame1_0.invite_reason,ame1_0.invited_at,ame1_0.invited_by_user_id,ame1_0.public_id,ame1_0.role,ame1_0.status,ame1_0.suspended_at,ame1_0.suspended_by_user_id,ame1_0.suspension_reason,ame1_0.updated_at,ame1_0.user_id,ame1_0.verification_failed_attempts,ame1_0.verification_locked_until,ame1_0.version from administrator_memberships ame1_0
2026-08-13T19:48:38.927+05:30 DEBUG 2600 --- [aplus-kids-api] [io-8081-exec-10] m.m.a.RequestResponseBodyMethodProcessor : Using 'application/json', given [*/*] and supported [application/json, application/*+json]
2026-08-13T19:48:38.928+05:30 DEBUG 2600 --- [aplus-kids-api] [nio-8081-exec-8] m.m.a.RequestResponseBodyMethodProcessor : Using 'application/json', given [*/*] and supported [application/json, application/*+json]
2026-08-13T19:48:38.929+05:30 DEBUG 2600 --- [aplus-kids-api] [nio-8081-exec-7] org.hibernate.SQL                        : select r1_0.user_id,r1_1.id,r1_1.created_at,r1_1.description,r1_1.name from user_roles r1_0 join roles r1_1 on r1_1.id=r1_0.role_id where r1_0.user_id=?
2026-08-13T19:48:38.931+05:30 DEBUG 2600 --- [aplus-kids-api] [nio-8081-exec-7] org.hibernate.SQL                        : select r1_0.user_id,r1_1.id,r1_1.created_at,r1_1.description,r1_1.name from user_roles r1_0 join roles r1_1 on r1_1.id=r1_0.role_id where r1_0.user_id=?
2026-08-13T19:48:38.931+05:30 DEBUG 2600 --- [aplus-kids-api] [nio-8081-exec-9] m.m.a.RequestResponseBodyMethodProcessor : Writing [[AdministratorView[id=af8e2f0d-58fd-4d85-a1d6-0e1b0313ff63, name=kawshal, email=kawshal43@gmail.com, (truncated)...]
2026-08-13T19:48:38.933+05:30 DEBUG 2600 --- [aplus-kids-api] [io-8081-exec-10] m.m.a.RequestResponseBodyMethodProcessor : Writing [AdministratorSummary[total=2, active=2, pendingVerification=0, suspended=0, superAdmins=1]]
2026-08-13T19:48:38.933+05:30 DEBUG 2600 --- [aplus-kids-api] [nio-8081-exec-7] org.hibernate.SQL                        : select r1_0.user_id,r1_1.id,r1_1.created_at,r1_1.description,r1_1.name from user_roles r1_0 join roles r1_1 on r1_1.id=r1_0.role_id where r1_0.user_id=?
2026-08-13T19:48:38.935+05:30 DEBUG 2600 --- [aplus-kids-api] [nio-8081-exec-7] org.hibernate.SQL                        : select r1_0.user_id,r1_1.id,r1_1.created_at,r1_1.description,r1_1.name from user_roles r1_0 join roles r1_1 on r1_1.id=r1_0.role_id where r1_0.user_id=?
2026-08-13T19:48:38.937+05:30 DEBUG 2600 --- [aplus-kids-api] [io-8081-exec-10] o.s.web.servlet.DispatcherServlet        : Completed 200 OK
2026-08-13T19:48:38.937+05:30 DEBUG 2600 --- [aplus-kids-api] [nio-8081-exec-7] org.hibernate.SQL                        : select r1_0.user_id,r1_1.id,r1_1.created_at,r1_1.description,r1_1.name from user_roles r1_0 join roles r1_1 on r1_1.id=r1_0.role_id where r1_0.user_id=?
2026-08-13T19:48:38.937+05:30 DEBUG 2600 --- [aplus-kids-api] [nio-8081-exec-8] m.m.a.RequestResponseBodyMethodProcessor : Writing [[ActivityResponse[action=ADMINISTRATOR_INVITATION_ACCEPTED, entityType=ADMINISTRATOR, entityId=af8e2 (truncated)...]
2026-08-13T19:48:38.942+05:30 DEBUG 2600 --- [aplus-kids-api] [nio-8081-exec-7] org.hibernate.SQL                        : select ame1_0.id from administrator_memberships ame1_0 where ame1_0.user_id=? fetch first ? rows only
2026-08-13T19:48:38.946+05:30 DEBUG 2600 --- [aplus-kids-api] [nio-8081-exec-9] o.s.web.servlet.DispatcherServlet        : Completed 200 OK
2026-08-13T19:48:38.950+05:30 DEBUG 2600 --- [aplus-kids-api] [nio-8081-exec-7] org.hibernate.SQL                        : select ame1_0.id from administrator_memberships ame1_0 where ame1_0.user_id=? fetch first ? rows only
2026-08-13T19:48:38.953+05:30 DEBUG 2600 --- [aplus-kids-api] [nio-8081-exec-7] org.hibernate.SQL                        : select ame1_0.id from administrator_memberships ame1_0 where ame1_0.user_id=? fetch first ? rows only
2026-08-13T19:48:38.953+05:30 DEBUG 2600 --- [aplus-kids-api] [nio-8081-exec-4] org.hibernate.SQL                        : select count(*) from administrator_memberships ame1_0
2026-08-13T19:48:38.953+05:30 DEBUG 2600 --- [aplus-kids-api] [nio-8081-exec-8] o.s.web.servlet.DispatcherServlet        : Completed 200 OK
2026-08-13T19:48:38.953+05:30 DEBUG 2600 --- [aplus-kids-api] [nio-8081-exec-7] org.hibernate.SQL                        : select ame1_0.id from administrator_memberships ame1_0 where ame1_0.user_id=? fetch first ? rows only
2026-08-13T19:48:38.953+05:30 DEBUG 2600 --- [aplus-kids-api] [nio-8081-exec-7] org.hibernate.SQL                        : select kcgce1_0.id,kcgce1_0.claimed_at,kcgce1_0.claimed_by_user_id,kcgce1_0.country_code,kcgce1_0.deleted_at,kcgce1_0.email,kcgce1_0.first_submitted_at,kcgce1_0.hometown,kcgce1_0.last_submitted_at,kcgce1_0.parent_name,kcgce1_0.phone_e164,kcgce1_0.province,kcgce1_0.public_id,kcgce1_0.submission_count from kids_champ_guest_contacts kcgce1_0 order by kcgce1_0.last_submitted_at desc
2026-08-13T19:48:38.953+05:30 DEBUG 2600 --- [aplus-kids-api] [nio-8081-exec-4] org.hibernate.SQL                        : select count(*) from child_profiles cpe1_0
2026-08-13T19:48:38.960+05:30 DEBUG 2600 --- [aplus-kids-api] [nio-8081-exec-4] m.m.a.RequestResponseBodyMethodProcessor : Using 'application/json', given [*/*] and supported [application/json, application/*+json]
2026-08-13T19:48:38.961+05:30 DEBUG 2600 --- [aplus-kids-api] [nio-8081-exec-4] m.m.a.RequestResponseBodyMethodProcessor : Writing [OverviewResponse[totalAccounts=408, administrators=2, activeAccounts=408, childProfiles=4]]
2026-08-13T19:48:38.961+05:30 DEBUG 2600 --- [aplus-kids-api] [nio-8081-exec-4] o.s.web.servlet.DispatcherServlet        : Completed 200 OK
2026-08-13T19:48:38.967+05:30 DEBUG 2600 --- [aplus-kids-api] [nio-8081-exec-7] m.m.a.RequestResponseBodyMethodProcessor : Using 'application/json', given [*/*] and supported [application/json, application/*+json]
2026-08-13T19:48:38.977+05:30 DEBUG 2600 --- [aplus-kids-api] [nio-8081-exec-7] m.m.a.RequestResponseBodyMethodProcessor : Writing [[AccountResponse[id=aa0268ee-f9fd-4554-8a68-39a72a31a47c, accountType=GUEST, name=Demo Parent 200, e (truncated)...]
2026-08-13T19:48:38.992+05:30 DEBUG 2600 --- [aplus-kids-api] [nio-8081-exec-7] o.s.web.servlet.DispatcherServlet        : Completed 200 OK
2026-08-13T19:48:39.027+05:30 DEBUG 2600 --- [aplus-kids-api] [nio-8081-exec-2] org.hibernate.SQL                        : select kcwape1_0.participant_reference,kcwape1_0.opted_in_at,kcwape1_0.opted_out_at,kcwape1_0.reason,kcwape1_0.source,kcwape1_0.status,kcwape1_0.updated_at,kcwape1_0.updated_by_user_id from kids_champ_whatsapp_preferences kcwape1_0
2026-08-13T19:48:39.044+05:30 DEBUG 2600 --- [aplus-kids-api] [nio-8081-exec-2] org.hibernate.SQL                        : select kcse1_0.id,kcse1_0.age_at_submission,kcse1_0.assigned_reviewer_user_id,kcse1_0.batch_id,kcse1_0.category,kcse1_0.child_name,cp1_0.id,cp1_0.address,cp1_0.country_code,cp1_0.created_at,cp1_0.date_of_birth,cp1_0.deleted_at,cp1_0.full_name,cp1_0.gender,cp1_0.hometown,cp1_0.province,cp1_0.public_id,cp1_0.updated_at,cp1_0.user_id,cp1_0.version,kcse1_0.consent_accepted_at,kcse1_0.country_code,kcse1_0.date_of_birth,kcse1_0.deleted_at,kcse1_0.deleted_by_user_id,kcse1_0.email,kcse1_0.file_size,kcse1_0.file_status,gc1_0.id,gc1_0.claimed_at,gc1_0.claimed_by_user_id,gc1_0.country_code,gc1_0.deleted_at,gc1_0.email,gc1_0.first_submitted_at,gc1_0.hometown,gc1_0.last_submitted_at,gc1_0.parent_name,gc1_0.phone_e164,gc1_0.province,gc1_0.public_id,gc1_0.submission_count,gp1_0.id,gp1_0.child_name,gp1_0.guest_contact_id,c1_0.id,c1_0.claimed_at,c1_0.claimed_by_user_id,c1_0.country_code,c1_0.deleted_at,c1_0.email,c1_0.first_submitted_at,c1_0.hometown,c1_0.last_submitted_at,c1_0.parent_name,c1_0.phone_e164,c1_0.province,c1_0.public_id,c1_0.submission_count,gp1_0.created_at,gp1_0.date_of_birth,gp1_0.hometown,gp1_0.merge_reason,gp1_0.merged_at,gp1_0.merged_by_user_id,gp1_0.merged_into_reference,gp1_0.merged_into_type,gp1_0.normalized_child_name,gp1_0.province,gp1_0.public_id,gp1_0.updated_at,gp1_0.version,kcse1_0.hometown,kcse1_0.internal_note,kcse1_0.last_participant_merge_id,kcse1_0.media_type,kcse1_0.original_filename,kcse1_0.parent_name,kcse1_0.phone_e164,kcse1_0.photo_deleted_at,kcse1_0.previewed_at,kcse1_0.province,kcse1_0.public_id,kcse1_0.rejection_reason,kcse1_0.review_status,kcse1_0.reviewed_at,kcse1_0.reviewed_by_user_id,kcse1_0.stored_filename,kcse1_0.submitted_at,kcse1_0.telecast_status,kcse1_0.tracking_code,u2_0.id,u2_0.account_holder_name,u2_0.created_at,u2_0.credentials_changed_at,u2_0.deleted_at,u2_0.email,u2_0.email_verified_at,u2_0.failed_login_count,u2_0.last_login_at,u2_0.locked_until,u2_0.password_hash,u2_0.phone_e164,u2_0.phone_verified_at,u2_0.public_id,u2_0.status,u2_0.updated_at,u2_0.version,kcse1_0.version,kcse1_0.whatsapp_consent_at,kcse1_0.work_description,kcse1_0.work_title from kids_champ_submissions kcse1_0 left join child_profiles cp1_0 on cp1_0.id=kcse1_0.child_profile_id left join kids_champ_guest_contacts gc1_0 on gc1_0.id=kcse1_0.guest_contact_id left join kids_champ_guest_participants gp1_0 on gp1_0.id=kcse1_0.guest_participant_id left join kids_champ_guest_contacts c1_0 on c1_0.id=gp1_0.guest_contact_id left join users u2_0 on u2_0.id=kcse1_0.user_id where kcse1_0.deleted_at is null order by kcse1_0.submitted_at desc
2026-08-13T19:48:39.077+05:30 DEBUG 2600 --- [aplus-kids-api] [nio-8081-exec-2] org.hibernate.SQL                        : select kcbe1_0.id,kcbe1_0.alternate_telecast_date,kcbe1_0.archive_path,kcbe1_0.batch_code,kcbe1_0.cleanup_failure_count,kcbe1_0.cleanup_pending,kcbe1_0.created_at,kcbe1_0.created_by_user_id,kcbe1_0.delete_after,kcbe1_0.deleted_at,kcbe1_0.deleted_by_user_id,kcbe1_0.edited_at,kcbe1_0.first_downloaded_at,kcbe1_0.last_cleanup_attempt_at,kcbe1_0.photo_count,kcbe1_0.public_id,kcbe1_0.purged_at,kcbe1_0.retention_days,kcbe1_0.status,kcbe1_0.telecast_completed_at,kcbe1_0.telecast_date,kcbe1_0.version,kcbe1_0.warning_days from kids_champ_batches kcbe1_0 order by kcbe1_0.created_at desc,kcbe1_0.id desc
2026-08-13T19:48:39.078+05:30 DEBUG 2600 --- [aplus-kids-api] [nio-8081-exec-2] m.m.a.RequestResponseBodyMethodProcessor : Using 'application/json', given [*/*] and supported [application/json, application/*+json]
2026-08-13T19:48:39.078+05:30 DEBUG 2600 --- [aplus-kids-api] [nio-8081-exec-2] m.m.a.RequestResponseBodyMethodProcessor : Writing [OverviewResponse[totalSubmissions=1237, newToday=0, pendingReviews=40, approved=1197, selectedForTv= (truncated)...]
2026-08-13T19:48:39.078+05:30 DEBUG 2600 --- [aplus-kids-api] [nio-8081-exec-2] o.s.web.servlet.DispatcherServlet        : Completed 200 OK
2026-08-13T19:48:39.405+05:30 DEBUG 2600 --- [aplus-kids-api] [   scheduling-1] org.hibernate.SQL                        : select kcwace1_0.id,kcwace1_0.access_token_encrypted,kcwace1_0.business_account_id,kcwace1_0.graph_api_version,kcwace1_0.last_test_message,kcwace1_0.last_test_status,kcwace1_0.last_tested_at,kcwace1_0.phone_number_id,kcwace1_0.updated_at from kids_champ_whatsapp_config kcwace1_0 where kcwace1_0.id=?
2026-08-13T19:48:40.442+05:30 DEBUG 2600 --- [aplus-kids-api] [   scheduling-1] org.hibernate.SQL                        : select kcwace1_0.id,kcwace1_0.access_token_encrypted,kcwace1_0.business_account_id,kcwace1_0.graph_api_version,kcwace1_0.last_test_message,kcwace1_0.last_test_status,kcwace1_0.last_tested_at,kcwace1_0.phone_number_id,kcwace1_0.updated_at from kids_champ_whatsapp_config kcwace1_0 where kcwace1_0.id=?
2026-08-13T19:48:41.459+05:30 DEBUG 2600 --- [aplus-kids-api] [   scheduling-1] org.hibernate.SQL                        : select kcwace1_0.id,kcwace1_0.access_token_encrypted,kcwace1_0.business_account_id,kcwace1_0.graph_api_version,kcwace1_0.last_test_message,kcwace1_0.last_test_status,kcwace1_0.last_tested_at,kcwace1_0.phone_number_id,kcwace1_0.updated_at from kids_champ_whatsapp_config kcwace1_0 where kcwace1_0.id=?
2026-08-13T19:48:42.476+05:30 DEBUG 2600 --- [aplus-kids-api] [   scheduling-1] org.hibernate.SQL                        : select kcwace1_0.id,kcwace1_0.access_token_encrypted,kcwace1_0.business_account_id,kcwace1_0.graph_api_version,kcwace1_0.last_test_message,kcwace1_0.last_test_status,kcwace1_0.last_tested_at,kcwace1_0.phone_number_id,kcwace1_0.updated_at from kids_champ_whatsapp_config kcwace1_0 where kcwace1_0.id=?
2026-08-13T19:48:43.493+05:30 DEBUG 2600 --- [aplus-kids-api] [   scheduling-1] org.hibernate.SQL                        : select kcwace1_0.id,kcwace1_0.access_token_encrypted,kcwace1_0.business_account_id,kcwace1_0.graph_api_version,kcwace1_0.last_test_message,kcwace1_0.last_test_status,kcwace1_0.last_tested_at,kcwace1_0.phone_number_id,kcwace1_0.updated_at from kids_champ_whatsapp_config kcwace1_0 where kcwace1_0.id=?
2026-08-13T19:48:44.506+05:30 DEBUG 2600 --- [aplus-kids-api] [   scheduling-1] org.hibernate.SQL                        : select kcwace1_0.id,kcwace1_0.access_token_encrypted,kcwace1_0.business_account_id,kcwace1_0.graph_api_version,kcwace1_0.last_test_message,kcwace1_0.last_test_status,kcwace1_0.last_tested_at,kcwace1_0.phone_number_id,kcwace1_0.updated_at from kids_champ_whatsapp_config kcwace1_0 where kcwace1_0.id=?
2026-08-13T19:48:45.512+05:30 DEBUG 2600 --- [aplus-kids-api] [   scheduling-1] org.hibernate.SQL                        : select kcwace1_0.id,kcwace1_0.access_token_encrypted,kcwace1_0.business_account_id,kcwace1_0.graph_api_version,kcwace1_0.last_test_message,kcwace1_0.last_test_status,kcwace1_0.last_tested_at,kcwace1_0.phone_number_id,kcwace1_0.updated_at from kids_champ_whatsapp_config kcwace1_0 where kcwace1_0.id=?
2026-08-13T19:48:46.521+05:30 DEBUG 2600 --- [aplus-kids-api] [   scheduling-1] org.hibernate.SQL                        : select kcwace1_0.id,kcwace1_0.access_token_encrypted,kcwace1_0.business_account_id,kcwace1_0.graph_api_version,kcwace1_0.last_test_message,kcwace1_0.last_test_status,kcwace1_0.last_tested_at,kcwace1_0.phone_number_id,kcwace1_0.updated_at from kids_champ_whatsapp_config kcwace1_0 where kcwace1_0.id=?
2026-08-13T19:48:47.527+05:30 DEBUG 2600 --- [aplus-kids-api] [   scheduling-1] org.hibernate.SQL                        : select kcwace1_0.id,kcwace1_0.access_token_encrypted,kcwace1_0.business_account_id,kcwace1_0.graph_api_version,kcwace1_0.last_test_message,kcwace1_0.last_test_status,kcwace1_0.last_tested_at,kcwace1_0.phone_number_id,kcwace1_0.updated_at from kids_champ_whatsapp_config kcwace1_0 where kcwace1_0.id=?
2026-08-13T19:48:48.539+05:30 DEBUG 2600 --- [aplus-kids-api] [   scheduling-1] org.hibernate.SQL                        : select kcwace1_0.id,kcwace1_0.access_token_encrypted,kcwace1_0.business_account_id,kcwace1_0.graph_api_version,kcwace1_0.last_test_message,kcwace1_0.last_test_status,kcwace1_0.last_tested_at,kcwace1_0.phone_number_id,kcwace1_0.updated_at from kids_champ_whatsapp_config kcwace1_0 where kcwace1_0.id=?
2026-08-13T19:48:49.558+05:30 DEBUG 2600 --- [aplus-kids-api] [   scheduling-1] org.hibernate.SQL                        : select kcwace1_0.id,kcwace1_0.access_token_encrypted,kcwace1_0.business_account_id,kcwace1_0.graph_api_version,kcwace1_0.last_test_message,kcwace1_0.last_test_status,kcwace1_0.last_tested_at,kcwace1_0.phone_number_id,kcwace1_0.updated_at from kids_champ_whatsapp_config kcwace1_0 where kcwace1_0.id=?
2026-08-13T19:48:50.575+05:30 DEBUG 2600 --- [aplus-kids-api] [   scheduling-1] org.hibernate.SQL                        : select kcwace1_0.id,kcwace1_0.access_token_encrypted,kcwace1_0.business_account_id,kcwace1_0.graph_api_version,kcwace1_0.last_test_message,kcwace1_0.last_test_status,kcwace1_0.last_tested_at,kcwace1_0.phone_number_id,kcwace1_0.updated_at from kids_champ_whatsapp_config kcwace1_0 where kcwace1_0.id=?
2026-08-13T19:48:51.588+05:30 DEBUG 2600 --- [aplus-kids-api] [   scheduling-1] org.hibernate.SQL                        : select kcwace1_0.id,kcwace1_0.access_token_encrypted,kcwace1_0.business_account_id,kcwace1_0.graph_api_version,kcwace1_0.last_test_message,kcwace1_0.last_test_status,kcwace1_0.last_tested_at,kcwace1_0.phone_number_id,kcwace1_0.updated_at from kids_champ_whatsapp_config kcwace1_0 where kcwace1_0.id=?
2026-08-13T19:48:52.595+05:30 DEBUG 2600 --- [aplus-kids-api] [   scheduling-1] org.hibernate.SQL                        : select kcwace1_0.id,kcwace1_0.access_token_encrypted,kcwace1_0.business_account_id,kcwace1_0.graph_api_version,kcwace1_0.last_test_message,kcwace1_0.last_test_status,kcwace1_0.last_tested_at,kcwace1_0.phone_number_id,kcwace1_0.updated_at from kids_champ_whatsapp_config kcwace1_0 where kcwace1_0.id=?
2026-08-13T19:48:53.609+05:30 DEBUG 2600 --- [aplus-kids-api] [   scheduling-1] org.hibernate.SQL                        : select kcwace1_0.id,kcwace1_0.access_token_encrypted,kcwace1_0.business_account_id,kcwace1_0.graph_api_version,kcwace1_0.last_test_message,kcwace1_0.last_test_status,kcwace1_0.last_tested_at,kcwace1_0.phone_number_id,kcwace1_0.updated_at from kids_champ_whatsapp_config kcwace1_0 where kcwace1_0.id=?
2026-08-13T19:48:53.870+05:30 DEBUG 2600 --- [aplus-kids-api] [nio-8081-exec-6] o.s.web.servlet.DispatcherServlet        : GET "/api/v1/health", parameters={}
2026-08-13T19:48:53.870+05:30 DEBUG 2600 --- [aplus-kids-api] [nio-8081-exec-6] s.w.s.m.m.a.RequestMappingHandlerMapping : Mapped to lk.apluskids.platform.common.DatabaseHealthController#health()
2026-08-13T19:48:53.870+05:30 DEBUG 2600 --- [aplus-kids-api] [nio-8081-exec-6] o.s.jdbc.core.JdbcTemplate               : Executing SQL query [SELECT 1]
2026-08-13T19:48:53.884+05:30 DEBUG 2600 --- [aplus-kids-api] [nio-8081-exec-6] m.m.a.RequestResponseBodyMethodProcessor : Using 'application/json', given [*/*] and supported [application/json, application/*+json]
2026-08-13T19:48:53.884+05:30 DEBUG 2600 --- [aplus-kids-api] [nio-8081-exec-6] m.m.a.RequestResponseBodyMethodProcessor : Writing [HealthResponse[status=UP]]
2026-08-13T19:48:53.886+05:30 DEBUG 2600 --- [aplus-kids-api] [nio-8081-exec-6] o.s.web.servlet.DispatcherServlet        : Completed 200 OK
2026-08-13T19:48:53.886+05:30 DEBUG 2600 --- [aplus-kids-api] [nio-8081-exec-3] org.hibernate.SQL                        : select ue1_0.id,ue1_0.account_holder_name,ue1_0.created_at,ue1_0.credentials_changed_at,ue1_0.deleted_at,ue1_0.email,ue1_0.email_verified_at,ue1_0.failed_login_count,ue1_0.last_login_at,ue1_0.locked_until,ue1_0.password_hash,ue1_0.phone_e164,ue1_0.phone_verified_at,ue1_0.public_id,ue1_0.status,ue1_0.updated_at,ue1_0.version from users ue1_0 where ue1_0.public_id=?
2026-08-13T19:48:53.886+05:30 DEBUG 2600 --- [aplus-kids-api] [nio-8081-exec-3] org.hibernate.SQL                        : select r1_0.user_id,r1_1.id,r1_1.created_at,r1_1.description,r1_1.name from user_roles r1_0 join roles r1_1 on r1_1.id=r1_0.role_id where r1_0.user_id=?
2026-08-13T19:48:53.886+05:30 DEBUG 2600 --- [aplus-kids-api] [nio-8081-exec-3] o.s.web.servlet.DispatcherServlet        : GET "/api/v1/admin/kids-champ/overview", parameters={}
2026-08-13T19:48:53.902+05:30 DEBUG 2600 --- [aplus-kids-api] [nio-8081-exec-3] s.w.s.m.m.a.RequestMappingHandlerMapping : Mapped to lk.apluskids.platform.kidschamp.KidsChampAdminController#overview(JwtAuthenticationToken)
2026-08-13T19:48:53.902+05:30 DEBUG 2600 --- [aplus-kids-api] [nio-8081-exec-3] org.hibernate.SQL                        : select kcse1_0.id,kcse1_0.age_at_submission,kcse1_0.assigned_reviewer_user_id,kcse1_0.batch_id,kcse1_0.category,kcse1_0.child_name,cp1_0.id,cp1_0.address,cp1_0.country_code,cp1_0.created_at,cp1_0.date_of_birth,cp1_0.deleted_at,cp1_0.full_name,cp1_0.gender,cp1_0.hometown,cp1_0.province,cp1_0.public_id,cp1_0.updated_at,cp1_0.user_id,cp1_0.version,kcse1_0.consent_accepted_at,kcse1_0.country_code,kcse1_0.date_of_birth,kcse1_0.deleted_at,kcse1_0.deleted_by_user_id,kcse1_0.email,kcse1_0.file_size,kcse1_0.file_status,gc1_0.id,gc1_0.claimed_at,gc1_0.claimed_by_user_id,gc1_0.country_code,gc1_0.deleted_at,gc1_0.email,gc1_0.first_submitted_at,gc1_0.hometown,gc1_0.last_submitted_at,gc1_0.parent_name,gc1_0.phone_e164,gc1_0.province,gc1_0.public_id,gc1_0.submission_count,gp1_0.id,gp1_0.child_name,gp1_0.guest_contact_id,c1_0.id,c1_0.claimed_at,c1_0.claimed_by_user_id,c1_0.country_code,c1_0.deleted_at,c1_0.email,c1_0.first_submitted_at,c1_0.hometown,c1_0.last_submitted_at,c1_0.parent_name,c1_0.phone_e164,c1_0.province,c1_0.public_id,c1_0.submission_count,gp1_0.created_at,gp1_0.date_of_birth,gp1_0.hometown,gp1_0.merge_reason,gp1_0.merged_at,gp1_0.merged_by_user_id,gp1_0.merged_into_reference,gp1_0.merged_into_type,gp1_0.normalized_child_name,gp1_0.province,gp1_0.public_id,gp1_0.updated_at,gp1_0.version,kcse1_0.hometown,kcse1_0.internal_note,kcse1_0.last_participant_merge_id,kcse1_0.media_type,kcse1_0.original_filename,kcse1_0.parent_name,kcse1_0.phone_e164,kcse1_0.photo_deleted_at,kcse1_0.previewed_at,kcse1_0.province,kcse1_0.public_id,kcse1_0.rejection_reason,kcse1_0.review_status,kcse1_0.reviewed_at,kcse1_0.reviewed_by_user_id,kcse1_0.stored_filename,kcse1_0.submitted_at,kcse1_0.telecast_status,kcse1_0.tracking_code,u2_0.id,u2_0.account_holder_name,u2_0.created_at,u2_0.credentials_changed_at,u2_0.deleted_at,u2_0.email,u2_0.email_verified_at,u2_0.failed_login_count,u2_0.last_login_at,u2_0.locked_until,u2_0.password_hash,u2_0.phone_e164,u2_0.phone_verified_at,u2_0.public_id,u2_0.status,u2_0.updated_at,u2_0.version,kcse1_0.version,kcse1_0.whatsapp_consent_at,kcse1_0.work_description,kcse1_0.work_title from kids_champ_submissions kcse1_0 left join child_profiles cp1_0 on cp1_0.id=kcse1_0.child_profile_id left join kids_champ_guest_contacts gc1_0 on gc1_0.id=kcse1_0.guest_contact_id left join kids_champ_guest_participants gp1_0 on gp1_0.id=kcse1_0.guest_participant_id left join kids_champ_guest_contacts c1_0 on c1_0.id=gp1_0.guest_contact_id left join users u2_0 on u2_0.id=kcse1_0.user_id where kcse1_0.deleted_at is null order by kcse1_0.submitted_at desc
2026-08-13T19:48:54.002+05:30 DEBUG 2600 --- [aplus-kids-api] [nio-8081-exec-3] org.hibernate.SQL                        : select kcwape1_0.participant_reference,kcwape1_0.opted_in_at,kcwape1_0.opted_out_at,kcwape1_0.reason,kcwape1_0.source,kcwape1_0.status,kcwape1_0.updated_at,kcwape1_0.updated_by_user_id from kids_champ_whatsapp_preferences kcwape1_0
2026-08-13T19:48:54.014+05:30 DEBUG 2600 --- [aplus-kids-api] [nio-8081-exec-3] org.hibernate.SQL                        : select kcse1_0.id,kcse1_0.age_at_submission,kcse1_0.assigned_reviewer_user_id,kcse1_0.batch_id,kcse1_0.category,kcse1_0.child_name,cp1_0.id,cp1_0.address,cp1_0.country_code,cp1_0.created_at,cp1_0.date_of_birth,cp1_0.deleted_at,cp1_0.full_name,cp1_0.gender,cp1_0.hometown,cp1_0.province,cp1_0.public_id,cp1_0.updated_at,cp1_0.user_id,cp1_0.version,kcse1_0.consent_accepted_at,kcse1_0.country_code,kcse1_0.date_of_birth,kcse1_0.deleted_at,kcse1_0.deleted_by_user_id,kcse1_0.email,kcse1_0.file_size,kcse1_0.file_status,gc1_0.id,gc1_0.claimed_at,gc1_0.claimed_by_user_id,gc1_0.country_code,gc1_0.deleted_at,gc1_0.email,gc1_0.first_submitted_at,gc1_0.hometown,gc1_0.last_submitted_at,gc1_0.parent_name,gc1_0.phone_e164,gc1_0.province,gc1_0.public_id,gc1_0.submission_count,gp1_0.id,gp1_0.child_name,gp1_0.guest_contact_id,c1_0.id,c1_0.claimed_at,c1_0.claimed_by_user_id,c1_0.country_code,c1_0.deleted_at,c1_0.email,c1_0.first_submitted_at,c1_0.hometown,c1_0.last_submitted_at,c1_0.parent_name,c1_0.phone_e164,c1_0.province,c1_0.public_id,c1_0.submission_count,gp1_0.created_at,gp1_0.date_of_birth,gp1_0.hometown,gp1_0.merge_reason,gp1_0.merged_at,gp1_0.merged_by_user_id,gp1_0.merged_into_reference,gp1_0.merged_into_type,gp1_0.normalized_child_name,gp1_0.province,gp1_0.public_id,gp1_0.updated_at,gp1_0.version,kcse1_0.hometown,kcse1_0.internal_note,kcse1_0.last_participant_merge_id,kcse1_0.media_type,kcse1_0.original_filename,kcse1_0.parent_name,kcse1_0.phone_e164,kcse1_0.photo_deleted_at,kcse1_0.previewed_at,kcse1_0.province,kcse1_0.public_id,kcse1_0.rejection_reason,kcse1_0.review_status,kcse1_0.reviewed_at,kcse1_0.reviewed_by_user_id,kcse1_0.stored_filename,kcse1_0.submitted_at,kcse1_0.telecast_status,kcse1_0.tracking_code,u2_0.id,u2_0.account_holder_name,u2_0.created_at,u2_0.credentials_changed_at,u2_0.deleted_at,u2_0.email,u2_0.email_verified_at,u2_0.failed_login_count,u2_0.last_login_at,u2_0.locked_until,u2_0.password_hash,u2_0.phone_e164,u2_0.phone_verified_at,u2_0.public_id,u2_0.status,u2_0.updated_at,u2_0.version,kcse1_0.version,kcse1_0.whatsapp_consent_at,kcse1_0.work_description,kcse1_0.work_title from kids_champ_submissions kcse1_0 left join child_profiles cp1_0 on cp1_0.id=kcse1_0.child_profile_id left join kids_champ_guest_contacts gc1_0 on gc1_0.id=kcse1_0.guest_contact_id left join kids_champ_guest_participants gp1_0 on gp1_0.id=kcse1_0.guest_participant_id left join kids_champ_guest_contacts c1_0 on c1_0.id=gp1_0.guest_contact_id left join users u2_0 on u2_0.id=kcse1_0.user_id where kcse1_0.deleted_at is null order by kcse1_0.submitted_at desc
2026-08-13T19:48:54.046+05:30 DEBUG 2600 --- [aplus-kids-api] [nio-8081-exec-3] org.hibernate.SQL                        : select kcbe1_0.id,kcbe1_0.alternate_telecast_date,kcbe1_0.archive_path,kcbe1_0.batch_code,kcbe1_0.cleanup_failure_count,kcbe1_0.cleanup_pending,kcbe1_0.created_at,kcbe1_0.created_by_user_id,kcbe1_0.delete_after,kcbe1_0.deleted_at,kcbe1_0.deleted_by_user_id,kcbe1_0.edited_at,kcbe1_0.first_downloaded_at,kcbe1_0.last_cleanup_attempt_at,kcbe1_0.photo_count,kcbe1_0.public_id,kcbe1_0.purged_at,kcbe1_0.retention_days,kcbe1_0.status,kcbe1_0.telecast_completed_at,kcbe1_0.telecast_date,kcbe1_0.version,kcbe1_0.warning_days from kids_champ_batches kcbe1_0 order by kcbe1_0.created_at desc,kcbe1_0.id desc
2026-08-13T19:48:54.046+05:30 DEBUG 2600 --- [aplus-kids-api] [nio-8081-exec-3] m.m.a.RequestResponseBodyMethodProcessor : Using 'application/json', given [*/*] and supported [application/json, application/*+json]
2026-08-13T19:48:54.062+05:30 DEBUG 2600 --- [aplus-kids-api] [nio-8081-exec-3] m.m.a.RequestResponseBodyMethodProcessor : Writing [OverviewResponse[totalSubmissions=1237, newToday=0, pendingReviews=40, approved=1197, selectedForTv= (truncated)...]
2026-08-13T19:48:54.062+05:30 DEBUG 2600 --- [aplus-kids-api] [nio-8081-exec-3] o.s.web.servlet.DispatcherServlet        : Completed 200 OK
2026-08-13T19:48:54.618+05:30 DEBUG 2600 --- [aplus-kids-api] [   scheduling-1] org.hibernate.SQL                        : select kcwace1_0.id,kcwace1_0.access_token_encrypted,kcwace1_0.business_account_id,kcwace1_0.graph_api_version,kcwace1_0.last_test_message,kcwace1_0.last_test_status,kcwace1_0.last_tested_at,kcwace1_0.phone_number_id,kcwace1_0.updated_at from kids_champ_whatsapp_config kcwace1_0 where kcwace1_0.id=?
2026-08-13T19:48:55.625+05:30 DEBUG 2600 --- [aplus-kids-api] [   scheduling-1] org.hibernate.SQL                        : select kcwace1_0.id,kcwace1_0.access_token_encrypted,kcwace1_0.business_account_id,kcwace1_0.graph_api_version,kcwace1_0.last_test_message,kcwace1_0.last_test_status,kcwace1_0.last_tested_at,kcwace1_0.phone_number_id,kcwace1_0.updated_at from kids_champ_whatsapp_config kcwace1_0 where kcwace1_0.id=?
2026-08-13T19:48:56.632+05:30 DEBUG 2600 --- [aplus-kids-api] [   scheduling-1] org.hibernate.SQL                        : select kcwace1_0.id,kcwace1_0.access_token_encrypted,kcwace1_0.business_account_id,kcwace1_0.graph_api_version,kcwace1_0.last_test_message,kcwace1_0.last_test_status,kcwace1_0.last_tested_at,kcwace1_0.phone_number_id,kcwace1_0.updated_at from kids_champ_whatsapp_config kcwace1_0 where kcwace1_0.id=?
2026-08-13T19:48:57.651+05:30 DEBUG 2600 --- [aplus-kids-api] [   scheduling-1] org.hibernate.SQL                        : select kcwace1_0.id,kcwace1_0.access_token_encrypted,kcwace1_0.business_account_id,kcwace1_0.graph_api_version,kcwace1_0.last_test_message,kcwace1_0.last_test_status,kcwace1_0.last_tested_at,kcwace1_0.phone_number_id,kcwace1_0.updated_at from kids_champ_whatsapp_config kcwace1_0 where kcwace1_0.id=?
2026-08-13T19:48:58.655+05:30 DEBUG 2600 --- [aplus-kids-api] [   scheduling-1] org.hibernate.SQL                        : select kcwace1_0.id,kcwace1_0.access_token_encrypted,kcwace1_0.business_account_id,kcwace1_0.graph_api_version,kcwace1_0.last_test_message,kcwace1_0.last_test_status,kcwace1_0.last_tested_at,kcwace1_0.phone_number_id,kcwace1_0.updated_at from kids_champ_whatsapp_config kcwace1_0 where kcwace1_0.id=?
2026-08-13T19:48:59.661+05:30 DEBUG 2600 --- [aplus-kids-api] [   scheduling-1] org.hibernate.SQL                        : select kcwace1_0.id,kcwace1_0.access_token_encrypted,kcwace1_0.business_account_id,kcwace1_0.graph_api_version,kcwace1_0.last_test_message,kcwace1_0.last_test_status,kcwace1_0.last_tested_at,kcwace1_0.phone_number_id,kcwace1_0.updated_at from kids_champ_whatsapp_config kcwace1_0 where kcwace1_0.id=?
2026-08-13T19:49:00.011+05:30 DEBUG 2600 --- [aplus-kids-api] [   scheduling-1] org.hibernate.SQL                        : select ue1_0.id,ue1_0.account_holder_name,ue1_0.created_at,ue1_0.credentials_changed_at,ue1_0.deleted_at,ue1_0.email,ue1_0.email_verified_at,ue1_0.failed_login_count,ue1_0.last_login_at,ue1_0.locked_until,ue1_0.password_hash,ue1_0.phone_e164,ue1_0.phone_verified_at,ue1_0.public_id,ue1_0.status,ue1_0.updated_at,ue1_0.version from users ue1_0
2026-08-13T19:49:00.015+05:30 DEBUG 2600 --- [aplus-kids-api] [   scheduling-1] org.hibernate.SQL                        : select r1_0.user_id,r1_1.id,r1_1.created_at,r1_1.description,r1_1.name from user_roles r1_0 join roles r1_1 on r1_1.id=r1_0.role_id where r1_0.user_id=?
2026-08-13T19:49:00.017+05:30 DEBUG 2600 --- [aplus-kids-api] [   scheduling-1] org.hibernate.SQL                        : select r1_0.user_id,r1_1.id,r1_1.created_at,r1_1.description,r1_1.name from user_roles r1_0 join roles r1_1 on r1_1.id=r1_0.role_id where r1_0.user_id=?
2026-08-13T19:49:00.017+05:30 DEBUG 2600 --- [aplus-kids-api] [   scheduling-1] org.hibernate.SQL                        : select r1_0.user_id,r1_1.id,r1_1.created_at,r1_1.description,r1_1.name from user_roles r1_0 join roles r1_1 on r1_1.id=r1_0.role_id where r1_0.user_id=?
2026-08-13T19:49:00.017+05:30 DEBUG 2600 --- [aplus-kids-api] [   scheduling-1] org.hibernate.SQL                        : select r1_0.user_id,r1_1.id,r1_1.created_at,r1_1.description,r1_1.name from user_roles r1_0 join roles r1_1 on r1_1.id=r1_0.role_id where r1_0.user_id=?
2026-08-13T19:49:00.017+05:30 DEBUG 2600 --- [aplus-kids-api] [   scheduling-1] org.hibernate.SQL                        : select r1_0.user_id,r1_1.id,r1_1.created_at,r1_1.description,r1_1.name from user_roles r1_0 join roles r1_1 on r1_1.id=r1_0.role_id where r1_0.user_id=?
2026-08-13T19:49:00.017+05:30 DEBUG 2600 --- [aplus-kids-api] [   scheduling-1] org.hibernate.SQL                        : select r1_0.user_id,r1_1.id,r1_1.created_at,r1_1.description,r1_1.name from user_roles r1_0 join roles r1_1 on r1_1.id=r1_0.role_id where r1_0.user_id=?
2026-08-13T19:49:00.028+05:30 DEBUG 2600 --- [aplus-kids-api] [         task-6] org.hibernate.SQL                        : select kcse1_0.id,kcse1_0.active_zip_started_at,kcse1_0.active_zip_target_size,kcse1_0.allowed_file_types,kcse1_0.campaign_limit,kcse1_0.categories,kcse1_0.daily_telecast_limit,kcse1_0.default_message,kcse1_0.default_telecast_time,kcse1_0.frequent_participant_threshold,kcse1_0.max_file_size_mb,kcse1_0.maximum_age,kcse1_0.minimum_age,kcse1_0.require_whatsapp_consent,kcse1_0.updated_at,kcse1_0.updated_by_user_id,kcse1_0.zip_batch_size,kcse1_0.zip_expiry_days,kcse1_0.zip_warning_days from kids_champ_settings kcse1_0 where kcse1_0.id=? for no key update of kcse1_0
2026-08-13T19:49:00.031+05:30 DEBUG 2600 --- [aplus-kids-api] [         task-6] org.hibernate.SQL                        : select kcse1_0.id,kcse1_0.age_at_submission,kcse1_0.assigned_reviewer_user_id,kcse1_0.batch_id,kcse1_0.category,kcse1_0.child_name,kcse1_0.child_profile_id,kcse1_0.consent_accepted_at,kcse1_0.country_code,kcse1_0.date_of_birth,kcse1_0.deleted_at,kcse1_0.deleted_by_user_id,kcse1_0.email,kcse1_0.file_size,kcse1_0.file_status,kcse1_0.guest_contact_id,kcse1_0.guest_participant_id,kcse1_0.hometown,kcse1_0.internal_note,kcse1_0.last_participant_merge_id,kcse1_0.media_type,kcse1_0.original_filename,kcse1_0.parent_name,kcse1_0.phone_e164,kcse1_0.photo_deleted_at,kcse1_0.previewed_at,kcse1_0.province,kcse1_0.public_id,kcse1_0.rejection_reason,kcse1_0.review_status,kcse1_0.reviewed_at,kcse1_0.reviewed_by_user_id,kcse1_0.stored_filename,kcse1_0.submitted_at,kcse1_0.telecast_status,kcse1_0.tracking_code,kcse1_0.user_id,kcse1_0.version,kcse1_0.whatsapp_consent_at,kcse1_0.work_description,kcse1_0.work_title from kids_champ_submissions kcse1_0 where kcse1_0.review_status=? and kcse1_0.batch_id is null and kcse1_0.deleted_at is null and kcse1_0.photo_deleted_at is null and kcse1_0.stored_filename is not null order by kcse1_0.submitted_at,kcse1_0.id fetch first ? rows only for no key update of kcse1_0
2026-08-13T19:49:00.671+05:30 DEBUG 2600 --- [aplus-kids-api] [   scheduling-1] org.hibernate.SQL                        : select kcwace1_0.id,kcwace1_0.access_token_encrypted,kcwace1_0.business_account_id,kcwace1_0.graph_api_version,kcwace1_0.last_test_message,kcwace1_0.last_test_status,kcwace1_0.last_tested_at,kcwace1_0.phone_number_id,kcwace1_0.updated_at from kids_champ_whatsapp_config kcwace1_0 where kcwace1_0.id=?
2026-08-13T19:49:01.681+05:30 DEBUG 2600 --- [aplus-kids-api] [   scheduling-1] org.hibernate.SQL                        : select kcwace1_0.id,kcwace1_0.access_token_encrypted,kcwace1_0.business_account_id,kcwace1_0.graph_api_version,kcwace1_0.last_test_message,kcwace1_0.last_test_status,kcwace1_0.last_tested_at,kcwace1_0.phone_number_id,kcwace1_0.updated_at from kids_champ_whatsapp_config kcwace1_0 where kcwace1_0.id=?
2026-08-13T19:49:02.696+05:30 DEBUG 2600 --- [aplus-kids-api] [   scheduling-1] org.hibernate.SQL                        : select kcwace1_0.id,kcwace1_0.access_token_encrypted,kcwace1_0.business_account_id,kcwace1_0.graph_api_version,kcwace1_0.last_test_message,kcwace1_0.last_test_status,kcwace1_0.last_tested_at,kcwace1_0.phone_number_id,kcwace1_0.updated_at from kids_champ_whatsapp_config kcwace1_0 where kcwace1_0.id=?
2026-08-13T19:49:03.713+05:30 DEBUG 2600 --- [aplus-kids-api] [   scheduling-1] org.hibernate.SQL                        : select kcwace1_0.id,kcwace1_0.access_token_encrypted,kcwace1_0.business_account_id,kcwace1_0.graph_api_version,kcwace1_0.last_test_message,kcwace1_0.last_test_status,kcwace1_0.last_tested_at,kcwace1_0.phone_number_id,kcwace1_0.updated_at from kids_champ_whatsapp_config kcwace1_0 where kcwace1_0.id=?
2026-08-13T19:49:04.722+05:30 DEBUG 2600 --- [aplus-kids-api] [   scheduling-1] org.hibernate.SQL                        : select kcwace1_0.id,kcwace1_0.access_token_encrypted,kcwace1_0.business_account_id,kcwace1_0.graph_api_version,kcwace1_0.last_test_message,kcwace1_0.last_test_status,kcwace1_0.last_tested_at,kcwace1_0.phone_number_id,kcwace1_0.updated_at from kids_champ_whatsapp_config kcwace1_0 where kcwace1_0.id=?
2026-08-13T19:49:05.734+05:30 DEBUG 2600 --- [aplus-kids-api] [   scheduling-1] org.hibernate.SQL                        : select kcwace1_0.id,kcwace1_0.access_token_encrypted,kcwace1_0.business_account_id,kcwace1_0.graph_api_version,kcwace1_0.last_test_message,kcwace1_0.last_test_status,kcwace1_0.last_tested_at,kcwace1_0.phone_number_id,kcwace1_0.updated_at from kids_champ_whatsapp_config kcwace1_0 where kcwace1_0.id=?
2026-08-13T19:49:06.740+05:30 DEBUG 2600 --- [aplus-kids-api] [   scheduling-1] org.hibernate.SQL                        : select kcwace1_0.id,kcwace1_0.access_token_encrypted,kcwace1_0.business_account_id,kcwace1_0.graph_api_version,kcwace1_0.last_test_message,kcwace1_0.last_test_status,kcwace1_0.last_tested_at,kcwace1_0.phone_number_id,kcwace1_0.updated_at from kids_champ_whatsapp_config kcwace1_0 where kcwace1_0.id=?
2026-08-13T19:49:07.745+05:30 DEBUG 2600 --- [aplus-kids-api] [   scheduling-1] org.hibernate.SQL                        : select kcwace1_0.id,kcwace1_0.access_token_encrypted,kcwace1_0.business_account_id,kcwace1_0.graph_api_version,kcwace1_0.last_test_message,kcwace1_0.last_test_status,kcwace1_0.last_tested_at,kcwace1_0.phone_number_id,kcwace1_0.updated_at from kids_champ_whatsapp_config kcwace1_0 where kcwace1_0.id=?
2026-08-13T19:49:08.752+05:30 DEBUG 2600 --- [aplus-kids-api] [   scheduling-1] org.hibernate.SQL                        : select kcwace1_0.id,kcwace1_0.access_token_encrypted,kcwace1_0.business_account_id,kcwace1_0.graph_api_version,kcwace1_0.last_test_message,kcwace1_0.last_test_status,kcwace1_0.last_tested_at,kcwace1_0.phone_number_id,kcwace1_0.updated_at from kids_champ_whatsapp_config kcwace1_0 where kcwace1_0.id=?
2026-08-13T19:49:08.872+05:30 DEBUG 2600 --- [aplus-kids-api] [nio-8081-exec-5] o.s.web.servlet.DispatcherServlet        : GET "/api/v1/health", parameters={}
2026-08-13T19:49:08.876+05:30 DEBUG 2600 --- [aplus-kids-api] [nio-8081-exec-5] s.w.s.m.m.a.RequestMappingHandlerMapping : Mapped to lk.apluskids.platform.common.DatabaseHealthController#health()
2026-08-13T19:49:08.880+05:30 DEBUG 2600 --- [aplus-kids-api] [nio-8081-exec-5] o.s.jdbc.core.JdbcTemplate               : Executing SQL query [SELECT 1]
2026-08-13T19:49:08.883+05:30 DEBUG 2600 --- [aplus-kids-api] [nio-8081-exec-5] m.m.a.RequestResponseBodyMethodProcessor : Using 'application/json', given [*/*] and supported [application/json, application/*+json]
2026-08-13T19:49:08.886+05:30 DEBUG 2600 --- [aplus-kids-api] [nio-8081-exec-5] m.m.a.RequestResponseBodyMethodProcessor : Writing [HealthResponse[status=UP]]
2026-08-13T19:49:08.889+05:30 DEBUG 2600 --- [aplus-kids-api] [nio-8081-exec-5] o.s.web.servlet.DispatcherServlet        : Completed 200 OK
2026-08-13T19:49:08.897+05:30 DEBUG 2600 --- [aplus-kids-api] [nio-8081-exec-1] org.hibernate.SQL                        : select ue1_0.id,ue1_0.account_holder_name,ue1_0.created_at,ue1_0.credentials_changed_at,ue1_0.deleted_at,ue1_0.email,ue1_0.email_verified_at,ue1_0.failed_login_count,ue1_0.last_login_at,ue1_0.locked_until,ue1_0.password_hash,ue1_0.phone_e164,ue1_0.phone_verified_at,ue1_0.public_id,ue1_0.status,ue1_0.updated_at,ue1_0.version from users ue1_0 where ue1_0.public_id=?
2026-08-13T19:49:08.900+05:30 DEBUG 2600 --- [aplus-kids-api] [nio-8081-exec-1] org.hibernate.SQL                        : select r1_0.user_id,r1_1.id,r1_1.created_at,r1_1.description,r1_1.name from user_roles r1_0 join roles r1_1 on r1_1.id=r1_0.role_id where r1_0.user_id=?
2026-08-13T19:49:08.901+05:30 DEBUG 2600 --- [aplus-kids-api] [nio-8081-exec-1] o.s.web.servlet.DispatcherServlet        : GET "/api/v1/admin/kids-champ/overview", parameters={}
2026-08-13T19:49:08.902+05:30 DEBUG 2600 --- [aplus-kids-api] [nio-8081-exec-1] s.w.s.m.m.a.RequestMappingHandlerMapping : Mapped to lk.apluskids.platform.kidschamp.KidsChampAdminController#overview(JwtAuthenticationToken)
2026-08-13T19:49:08.906+05:30 DEBUG 2600 --- [aplus-kids-api] [nio-8081-exec-1] org.hibernate.SQL                        : select kcse1_0.id,kcse1_0.age_at_submission,kcse1_0.assigned_reviewer_user_id,kcse1_0.batch_id,kcse1_0.category,kcse1_0.child_name,cp1_0.id,cp1_0.address,cp1_0.country_code,cp1_0.created_at,cp1_0.date_of_birth,cp1_0.deleted_at,cp1_0.full_name,cp1_0.gender,cp1_0.hometown,cp1_0.province,cp1_0.public_id,cp1_0.updated_at,cp1_0.user_id,cp1_0.version,kcse1_0.consent_accepted_at,kcse1_0.country_code,kcse1_0.date_of_birth,kcse1_0.deleted_at,kcse1_0.deleted_by_user_id,kcse1_0.email,kcse1_0.file_size,kcse1_0.file_status,gc1_0.id,gc1_0.claimed_at,gc1_0.claimed_by_user_id,gc1_0.country_code,gc1_0.deleted_at,gc1_0.email,gc1_0.first_submitted_at,gc1_0.hometown,gc1_0.last_submitted_at,gc1_0.parent_name,gc1_0.phone_e164,gc1_0.province,gc1_0.public_id,gc1_0.submission_count,gp1_0.id,gp1_0.child_name,gp1_0.guest_contact_id,c1_0.id,c1_0.claimed_at,c1_0.claimed_by_user_id,c1_0.country_code,c1_0.deleted_at,c1_0.email,c1_0.first_submitted_at,c1_0.hometown,c1_0.last_submitted_at,c1_0.parent_name,c1_0.phone_e164,c1_0.province,c1_0.public_id,c1_0.submission_count,gp1_0.created_at,gp1_0.date_of_birth,gp1_0.hometown,gp1_0.merge_reason,gp1_0.merged_at,gp1_0.merged_by_user_id,gp1_0.merged_into_reference,gp1_0.merged_into_type,gp1_0.normalized_child_name,gp1_0.province,gp1_0.public_id,gp1_0.updated_at,gp1_0.version,kcse1_0.hometown,kcse1_0.internal_note,kcse1_0.last_participant_merge_id,kcse1_0.media_type,kcse1_0.original_filename,kcse1_0.parent_name,kcse1_0.phone_e164,kcse1_0.photo_deleted_at,kcse1_0.previewed_at,kcse1_0.province,kcse1_0.public_id,kcse1_0.rejection_reason,kcse1_0.review_status,kcse1_0.reviewed_at,kcse1_0.reviewed_by_user_id,kcse1_0.stored_filename,kcse1_0.submitted_at,kcse1_0.telecast_status,kcse1_0.tracking_code,u2_0.id,u2_0.account_holder_name,u2_0.created_at,u2_0.credentials_changed_at,u2_0.deleted_at,u2_0.email,u2_0.email_verified_at,u2_0.failed_login_count,u2_0.last_login_at,u2_0.locked_until,u2_0.password_hash,u2_0.phone_e164,u2_0.phone_verified_at,u2_0.public_id,u2_0.status,u2_0.updated_at,u2_0.version,kcse1_0.version,kcse1_0.whatsapp_consent_at,kcse1_0.work_description,kcse1_0.work_title from kids_champ_submissions kcse1_0 left join child_profiles cp1_0 on cp1_0.id=kcse1_0.child_profile_id left join kids_champ_guest_contacts gc1_0 on gc1_0.id=kcse1_0.guest_contact_id left join kids_champ_guest_participants gp1_0 on gp1_0.id=kcse1_0.guest_participant_id left join kids_champ_guest_contacts c1_0 on c1_0.id=gp1_0.guest_contact_id left join users u2_0 on u2_0.id=kcse1_0.user_id where kcse1_0.deleted_at is null order by kcse1_0.submitted_at desc
2026-08-13T19:49:08.961+05:30 DEBUG 2600 --- [aplus-kids-api] [nio-8081-exec-1] org.hibernate.SQL                        : select kcwape1_0.participant_reference,kcwape1_0.opted_in_at,kcwape1_0.opted_out_at,kcwape1_0.reason,kcwape1_0.source,kcwape1_0.status,kcwape1_0.updated_at,kcwape1_0.updated_by_user_id from kids_champ_whatsapp_preferences kcwape1_0
2026-08-13T19:49:08.982+05:30 DEBUG 2600 --- [aplus-kids-api] [nio-8081-exec-1] org.hibernate.SQL                        : select kcse1_0.id,kcse1_0.age_at_submission,kcse1_0.assigned_reviewer_user_id,kcse1_0.batch_id,kcse1_0.category,kcse1_0.child_name,cp1_0.id,cp1_0.address,cp1_0.country_code,cp1_0.created_at,cp1_0.date_of_birth,cp1_0.deleted_at,cp1_0.full_name,cp1_0.gender,cp1_0.hometown,cp1_0.province,cp1_0.public_id,cp1_0.updated_at,cp1_0.user_id,cp1_0.version,kcse1_0.consent_accepted_at,kcse1_0.country_code,kcse1_0.date_of_birth,kcse1_0.deleted_at,kcse1_0.deleted_by_user_id,kcse1_0.email,kcse1_0.file_size,kcse1_0.file_status,gc1_0.id,gc1_0.claimed_at,gc1_0.claimed_by_user_id,gc1_0.country_code,gc1_0.deleted_at,gc1_0.email,gc1_0.first_submitted_at,gc1_0.hometown,gc1_0.last_submitted_at,gc1_0.parent_name,gc1_0.phone_e164,gc1_0.province,gc1_0.public_id,gc1_0.submission_count,gp1_0.id,gp1_0.child_name,gp1_0.guest_contact_id,c1_0.id,c1_0.claimed_at,c1_0.claimed_by_user_id,c1_0.country_code,c1_0.deleted_at,c1_0.email,c1_0.first_submitted_at,c1_0.hometown,c1_0.last_submitted_at,c1_0.parent_name,c1_0.phone_e164,c1_0.province,c1_0.public_id,c1_0.submission_count,gp1_0.created_at,gp1_0.date_of_birth,gp1_0.hometown,gp1_0.merge_reason,gp1_0.merged_at,gp1_0.merged_by_user_id,gp1_0.merged_into_reference,gp1_0.merged_into_type,gp1_0.normalized_child_name,gp1_0.province,gp1_0.public_id,gp1_0.updated_at,gp1_0.version,kcse1_0.hometown,kcse1_0.internal_note,kcse1_0.last_participant_merge_id,kcse1_0.media_type,kcse1_0.original_filename,kcse1_0.parent_name,kcse1_0.phone_e164,kcse1_0.photo_deleted_at,kcse1_0.previewed_at,kcse1_0.province,kcse1_0.public_id,kcse1_0.rejection_reason,kcse1_0.review_status,kcse1_0.reviewed_at,kcse1_0.reviewed_by_user_id,kcse1_0.stored_filename,kcse1_0.submitted_at,kcse1_0.telecast_status,kcse1_0.tracking_code,u2_0.id,u2_0.account_holder_name,u2_0.created_at,u2_0.credentials_changed_at,u2_0.deleted_at,u2_0.email,u2_0.email_verified_at,u2_0.failed_login_count,u2_0.last_login_at,u2_0.locked_until,u2_0.password_hash,u2_0.phone_e164,u2_0.phone_verified_at,u2_0.public_id,u2_0.status,u2_0.updated_at,u2_0.version,kcse1_0.version,kcse1_0.whatsapp_consent_at,kcse1_0.work_description,kcse1_0.work_title from kids_champ_submissions kcse1_0 left join child_profiles cp1_0 on cp1_0.id=kcse1_0.child_profile_id left join kids_champ_guest_contacts gc1_0 on gc1_0.id=kcse1_0.guest_contact_id left join kids_champ_guest_participants gp1_0 on gp1_0.id=kcse1_0.guest_participant_id left join kids_champ_guest_contacts c1_0 on c1_0.id=gp1_0.guest_contact_id left join users u2_0 on u2_0.id=kcse1_0.user_id where kcse1_0.deleted_at is null order by kcse1_0.submitted_at desc
2026-08-13T19:49:09.010+05:30 DEBUG 2600 --- [aplus-kids-api] [nio-8081-exec-1] org.hibernate.SQL                        : select kcbe1_0.id,kcbe1_0.alternate_telecast_date,kcbe1_0.archive_path,kcbe1_0.batch_code,kcbe1_0.cleanup_failure_count,kcbe1_0.cleanup_pending,kcbe1_0.created_at,kcbe1_0.created_by_user_id,kcbe1_0.delete_after,kcbe1_0.deleted_at,kcbe1_0.deleted_by_user_id,kcbe1_0.edited_at,kcbe1_0.first_downloaded_at,kcbe1_0.last_cleanup_attempt_at,kcbe1_0.photo_count,kcbe1_0.public_id,kcbe1_0.purged_at,kcbe1_0.retention_days,kcbe1_0.status,kcbe1_0.telecast_completed_at,kcbe1_0.telecast_date,kcbe1_0.version,kcbe1_0.warning_days from kids_champ_batches kcbe1_0 order by kcbe1_0.created_at desc,kcbe1_0.id desc
2026-08-13T19:49:09.014+05:30 DEBUG 2600 --- [aplus-kids-api] [nio-8081-exec-1] m.m.a.RequestResponseBodyMethodProcessor : Using 'application/json', given [*/*] and supported [application/json, application/*+json]
2026-08-13T19:49:09.016+05:30 DEBUG 2600 --- [aplus-kids-api] [nio-8081-exec-1] m.m.a.RequestResponseBodyMethodProcessor : Writing [OverviewResponse[totalSubmissions=1237, newToday=0, pendingReviews=40, approved=1197, selectedForTv= (truncated)...]
2026-08-13T19:49:09.017+05:30 DEBUG 2600 --- [aplus-kids-api] [nio-8081-exec-1] o.s.web.servlet.DispatcherServlet        : Completed 200 OK
2026-08-13T19:49:09.763+05:30 DEBUG 2600 --- [aplus-kids-api] [   scheduling-1] org.hibernate.SQL                        : select kcwace1_0.id,kcwace1_0.access_token_encrypted,kcwace1_0.business_account_id,kcwace1_0.graph_api_version,kcwace1_0.last_test_message,kcwace1_0.last_test_status,kcwace1_0.last_tested_at,kcwace1_0.phone_number_id,kcwace1_0.updated_at from kids_champ_whatsapp_config kcwace1_0 where kcwace1_0.id=?
2026-08-13T19:49:10.769+05:30 DEBUG 2600 --- [aplus-kids-api] [   scheduling-1] org.hibernate.SQL                        : select kcwace1_0.id,kcwace1_0.access_token_encrypted,kcwace1_0.business_account_id,kcwace1_0.graph_api_version,kcwace1_0.last_test_message,kcwace1_0.last_test_status,kcwace1_0.last_tested_at,kcwace1_0.phone_number_id,kcwace1_0.updated_at from kids_champ_whatsapp_config kcwace1_0 where kcwace1_0.id=?
2026-08-13T19:49:11.775+05:30 DEBUG 2600 --- [aplus-kids-api] [   scheduling-1] org.hibernate.SQL                        : select kcwace1_0.id,kcwace1_0.access_token_encrypted,kcwace1_0.business_account_id,kcwace1_0.graph_api_version,kcwace1_0.last_test_message,kcwace1_0.last_test_status,kcwace1_0.last_tested_at,kcwace1_0.phone_number_id,kcwace1_0.updated_at from kids_champ_whatsapp_config kcwace1_0 where kcwace1_0.id=?
2026-08-13T19:49:12.786+05:30 DEBUG 2600 --- [aplus-kids-api] [   scheduling-1] org.hibernate.SQL                        : select kcwace1_0.id,kcwace1_0.access_token_encrypted,kcwace1_0.business_account_id,kcwace1_0.graph_api_version,kcwace1_0.last_test_message,kcwace1_0.last_test_status,kcwace1_0.last_tested_at,kcwace1_0.phone_number_id,kcwace1_0.updated_at from kids_champ_whatsapp_config kcwace1_0 where kcwace1_0.id=?
2026-08-13T19:49:13.795+05:30 DEBUG 2600 --- [aplus-kids-api] [   scheduling-1] org.hibernate.SQL                        : select kcwace1_0.id,kcwace1_0.access_token_encrypted,kcwace1_0.business_account_id,kcwace1_0.graph_api_version,kcwace1_0.last_test_message,kcwace1_0.last_test_status,kcwace1_0.last_tested_at,kcwace1_0.phone_number_id,kcwace1_0.updated_at from kids_champ_whatsapp_config kcwace1_0 where kcwace1_0.id=?
2026-08-13T19:49:14.802+05:30 DEBUG 2600 --- [aplus-kids-api] [   scheduling-1] org.hibernate.SQL                        : select kcwace1_0.id,kcwace1_0.access_token_encrypted,kcwace1_0.business_account_id,kcwace1_0.graph_api_version,kcwace1_0.last_test_message,kcwace1_0.last_test_status,kcwace1_0.last_tested_at,kcwace1_0.phone_number_id,kcwace1_0.updated_at from kids_champ_whatsapp_config kcwace1_0 where kcwace1_0.id=?
2026-08-13T19:49:15.816+05:30 DEBUG 2600 --- [aplus-kids-api] [   scheduling-1] org.hibernate.SQL                        : select kcwace1_0.id,kcwace1_0.access_token_encrypted,kcwace1_0.business_account_id,kcwace1_0.graph_api_version,kcwace1_0.last_test_message,kcwace1_0.last_test_status,kcwace1_0.last_tested_at,kcwace1_0.phone_number_id,kcwace1_0.updated_at from kids_champ_whatsapp_config kcwace1_0 where kcwace1_0.id=?
2026-08-13T19:49:16.822+05:30 DEBUG 2600 --- [aplus-kids-api] [   scheduling-1] org.hibernate.SQL                        : select kcwace1_0.id,kcwace1_0.access_token_encrypted,kcwace1_0.business_account_id,kcwace1_0.graph_api_version,kcwace1_0.last_test_message,kcwace1_0.last_test_status,kcwace1_0.last_tested_at,kcwace1_0.phone_number_id,kcwace1_0.updated_at from kids_champ_whatsapp_config kcwace1_0 where kcwace1_0.id=?
2026-08-13T19:49:17.842+05:30 DEBUG 2600 --- [aplus-kids-api] [   scheduling-1] org.hibernate.SQL                        : select kcwace1_0.id,kcwace1_0.access_token_encrypted,kcwace1_0.business_account_id,kcwace1_0.graph_api_version,kcwace1_0.last_test_message,kcwace1_0.last_test_status,kcwace1_0.last_tested_at,kcwace1_0.phone_number_id,kcwace1_0.updated_at from kids_champ_whatsapp_config kcwace1_0 where kcwace1_0.id=?
2026-08-13T19:49:18.855+05:30 DEBUG 2600 --- [aplus-kids-api] [   scheduling-1] org.hibernate.SQL                        : select kcwace1_0.id,kcwace1_0.access_token_encrypted,kcwace1_0.business_account_id,kcwace1_0.graph_api_version,kcwace1_0.last_test_message,kcwace1_0.last_test_status,kcwace1_0.last_tested_at,kcwace1_0.phone_number_id,kcwace1_0.updated_at from kids_champ_whatsapp_config kcwace1_0 where kcwace1_0.id=?
2026-08-13T19:49:19.875+05:30 DEBUG 2600 --- [aplus-kids-api] [   scheduling-1] org.hibernate.SQL                        : select kcwace1_0.id,kcwace1_0.access_token_encrypted,kcwace1_0.business_account_id,kcwace1_0.graph_api_version,kcwace1_0.last_test_message,kcwace1_0.last_test_status,kcwace1_0.last_tested_at,kcwace1_0.phone_number_id,kcwace1_0.updated_at from kids_champ_whatsapp_config kcwace1_0 where kcwace1_0.id=?
2026-08-13T19:49:20.888+05:30 DEBUG 2600 --- [aplus-kids-api] [   scheduling-1] org.hibernate.SQL                        : select kcwace1_0.id,kcwace1_0.access_token_encrypted,kcwace1_0.business_account_id,kcwace1_0.graph_api_version,kcwace1_0.last_test_message,kcwace1_0.last_test_status,kcwace1_0.last_tested_at,kcwace1_0.phone_number_id,kcwace1_0.updated_at from kids_champ_whatsapp_config kcwace1_0 where kcwace1_0.id=?
2026-08-13T19:49:21.398+05:30 DEBUG 2600 --- [aplus-kids-api] [io-8081-exec-10] org.hibernate.SQL                        : select ue1_0.id,ue1_0.account_holder_name,ue1_0.created_at,ue1_0.credentials_changed_at,ue1_0.deleted_at,ue1_0.email,ue1_0.email_verified_at,ue1_0.failed_login_count,ue1_0.last_login_at,ue1_0.locked_until,ue1_0.password_hash,ue1_0.phone_e164,ue1_0.phone_verified_at,ue1_0.public_id,ue1_0.status,ue1_0.updated_at,ue1_0.version from users ue1_0 where ue1_0.public_id=?
2026-08-13T19:49:21.400+05:30 DEBUG 2600 --- [aplus-kids-api] [io-8081-exec-10] org.hibernate.SQL                        : select r1_0.user_id,r1_1.id,r1_1.created_at,r1_1.description,r1_1.name from user_roles r1_0 join roles r1_1 on r1_1.id=r1_0.role_id where r1_0.user_id=?
2026-08-13T19:49:21.403+05:30 DEBUG 2600 --- [aplus-kids-api] [io-8081-exec-10] o.s.web.servlet.DispatcherServlet        : POST "/api/v1/admin/administrator-management/invitations", parameters={}
2026-08-13T19:49:21.404+05:30 DEBUG 2600 --- [aplus-kids-api] [io-8081-exec-10] s.w.s.m.m.a.RequestMappingHandlerMapping : Mapped to lk.apluskids.platform.adminmanagement.AdministratorManagementController#invite(JwtAuthenticationToken, InviteRequest)
2026-08-13T19:49:21.426+05:30 DEBUG 2600 --- [aplus-kids-api] [io-8081-exec-10] m.m.a.RequestResponseBodyMethodProcessor : Read "application/json;charset=UTF-8" to [InviteRequest[name=shanal, email=aplukidsdev002@gmail.com, phone=0740532502, role=ADMIN, reason=aas]]
2026-08-13T19:49:21.461+05:30 DEBUG 2600 --- [aplus-kids-api] [io-8081-exec-10] org.hibernate.SQL                        : select ame1_0.id,ame1_0.activated_at,ame1_0.cancelled_at,ame1_0.cancelled_by_user_id,ame1_0.invite_reason,ame1_0.invited_at,ame1_0.invited_by_user_id,ame1_0.public_id,ame1_0.role,ame1_0.status,ame1_0.suspended_at,ame1_0.suspended_by_user_id,ame1_0.suspension_reason,ame1_0.updated_at,ame1_0.user_id,ame1_0.verification_failed_attempts,ame1_0.verification_locked_until,ame1_0.version from administrator_memberships ame1_0 join users u1_0 on u1_0.id=ame1_0.user_id where u1_0.public_id=?
2026-08-13T19:49:21.468+05:30 DEBUG 2600 --- [aplus-kids-api] [io-8081-exec-10] org.hibernate.SQL                        : select ue1_0.id,ue1_0.account_holder_name,ue1_0.created_at,ue1_0.credentials_changed_at,ue1_0.deleted_at,ue1_0.email,ue1_0.email_verified_at,ue1_0.failed_login_count,ue1_0.last_login_at,ue1_0.locked_until,ue1_0.password_hash,ue1_0.phone_e164,ue1_0.phone_verified_at,ue1_0.public_id,r1_0.user_id,r1_1.id,r1_1.created_at,r1_1.description,r1_1.name,ue1_0.status,ue1_0.updated_at,ue1_0.version from users ue1_0 left join user_roles r1_0 on ue1_0.id=r1_0.user_id left join roles r1_1 on r1_1.id=r1_0.role_id where ue1_0.id=?
2026-08-13T19:49:21.482+05:30 DEBUG 2600 --- [aplus-kids-api] [io-8081-exec-10] org.hibernate.SQL                        : select ame1_0.id,ame1_0.activated_at,ame1_0.cancelled_at,ame1_0.cancelled_by_user_id,ame1_0.invite_reason,ame1_0.invited_at,ame1_0.invited_by_user_id,ame1_0.public_id,ame1_0.role,ame1_0.status,ame1_0.suspended_at,ame1_0.suspended_by_user_id,ame1_0.suspension_reason,ame1_0.updated_at,ame1_0.user_id,ame1_0.verification_failed_attempts,ame1_0.verification_locked_until,ame1_0.version from administrator_memberships ame1_0 join users u1_0 on u1_0.id=ame1_0.user_id where u1_0.public_id=?
2026-08-13T19:49:21.493+05:30 DEBUG 2600 --- [aplus-kids-api] [io-8081-exec-10] org.hibernate.SQL                        : select ue1_0.id,ue1_0.account_holder_name,ue1_0.created_at,ue1_0.credentials_changed_at,ue1_0.deleted_at,ue1_0.email,ue1_0.email_verified_at,ue1_0.failed_login_count,ue1_0.last_login_at,ue1_0.locked_until,ue1_0.password_hash,ue1_0.phone_e164,ue1_0.phone_verified_at,ue1_0.public_id,ue1_0.status,ue1_0.updated_at,ue1_0.version from users ue1_0 where upper(ue1_0.email)=upper(?)
2026-08-13T19:49:21.508+05:30 DEBUG 2600 --- [aplus-kids-api] [io-8081-exec-10] org.hibernate.SQL                        : select ue1_0.id,ue1_0.account_holder_name,ue1_0.created_at,ue1_0.credentials_changed_at,ue1_0.deleted_at,ue1_0.email,ue1_0.email_verified_at,ue1_0.failed_login_count,ue1_0.last_login_at,ue1_0.locked_until,ue1_0.password_hash,ue1_0.phone_e164,ue1_0.phone_verified_at,ue1_0.public_id,ue1_0.status,ue1_0.updated_at,ue1_0.version from users ue1_0 where ue1_0.phone_e164=?
2026-08-13T19:49:21.514+05:30 DEBUG 2600 --- [aplus-kids-api] [io-8081-exec-10] org.hibernate.SQL                        : select r1_0.user_id,r1_1.id,r1_1.created_at,r1_1.description,r1_1.name from user_roles r1_0 join roles r1_1 on r1_1.id=r1_0.role_id where r1_0.user_id=?
2026-08-13T19:49:21.527+05:30 DEBUG 2600 --- [aplus-kids-api] [io-8081-exec-10] org.hibernate.SQL                        : select ame1_0.id,ame1_0.activated_at,ame1_0.cancelled_at,ame1_0.cancelled_by_user_id,ame1_0.invite_reason,ame1_0.invited_at,ame1_0.invited_by_user_id,ame1_0.public_id,ame1_0.role,ame1_0.status,ame1_0.suspended_at,ame1_0.suspended_by_user_id,ame1_0.suspension_reason,ame1_0.updated_at,ame1_0.user_id,u1_0.id,u1_0.account_holder_name,u1_0.created_at,u1_0.credentials_changed_at,u1_0.deleted_at,u1_0.email,u1_0.email_verified_at,u1_0.failed_login_count,u1_0.last_login_at,u1_0.locked_until,u1_0.password_hash,u1_0.phone_e164,u1_0.phone_verified_at,u1_0.public_id,u1_0.status,u1_0.updated_at,u1_0.version,ame1_0.verification_failed_attempts,ame1_0.verification_locked_until,ame1_0.version from administrator_memberships ame1_0 join users u1_0 on u1_0.id=ame1_0.user_id where u1_0.public_id=? for no key update of ame1_0
2026-08-13T19:49:21.547+05:30 DEBUG 2600 --- [aplus-kids-api] [io-8081-exec-10] .m.m.a.ExceptionHandlerExceptionResolver : Using @ExceptionHandler lk.apluskids.platform.common.error.GlobalExceptionHandler#handleApi(ApiException, HttpServletRequest)
2026-08-13T19:49:21.556+05:30 DEBUG 2600 --- [aplus-kids-api] [io-8081-exec-10] o.s.w.s.m.m.a.HttpEntityMethodProcessor  : Using 'application/json', given [*/*] and supported [application/json, application/*+json]
2026-08-13T19:49:21.559+05:30 DEBUG 2600 --- [aplus-kids-api] [io-8081-exec-10] o.s.w.s.m.m.a.HttpEntityMethodProcessor  : Writing [ApiError[code=ADMIN_PHONE_EXISTS, message=An account already uses this phone number., fieldErrors=nu (truncated)...]
2026-08-13T19:49:21.568+05:30 DEBUG 2600 --- [aplus-kids-api] [io-8081-exec-10] .m.m.a.ExceptionHandlerExceptionResolver : Resolved [lk.apluskids.platform.common.error.ApiException: An account already uses this phone number.]
2026-08-13T19:49:21.571+05:30 DEBUG 2600 --- [aplus-kids-api] [io-8081-exec-10] o.s.web.servlet.DispatcherServlet        : Completed 409 CONFLICT
2026-08-13T19:49:21.904+05:30 DEBUG 2600 --- [aplus-kids-api] [   scheduling-1] org.hibernate.SQL                        : select kcwace1_0.id,kcwace1_0.access_token_encrypted,kcwace1_0.business_account_id,kcwace1_0.graph_api_version,kcwace1_0.last_test_message,kcwace1_0.last_test_status,kcwace1_0.last_tested_at,kcwace1_0.phone_number_id,kcwace1_0.updated_at from kids_champ_whatsapp_config kcwace1_0 where kcwace1_0.id=?
2026-08-13T19:49:22.913+05:30 DEBUG 2600 --- [aplus-kids-api] [   scheduling-1] org.hibernate.SQL                        : select kcwace1_0.id,kcwace1_0.access_token_encrypted,kcwace1_0.business_account_id,kcwace1_0.graph_api_version,kcwace1_0.last_test_message,kcwace1_0.last_test_status,kcwace1_0.last_tested_at,kcwace1_0.phone_number_id,kcwace1_0.updated_at from kids_champ_whatsapp_config kcwace1_0 where kcwace1_0.id=?
2026-08-13T19:49:23.873+05:30 DEBUG 2600 --- [aplus-kids-api] [nio-8081-exec-9] o.s.web.servlet.DispatcherServlet        : GET "/api/v1/health", parameters={}
2026-08-13T19:49:23.881+05:30 DEBUG 2600 --- [aplus-kids-api] [nio-8081-exec-9] s.w.s.m.m.a.RequestMappingHandlerMapping : Mapped to lk.apluskids.platform.common.DatabaseHealthController#health()
2026-08-13T19:49:23.881+05:30 DEBUG 2600 --- [aplus-kids-api] [nio-8081-exec-9] o.s.jdbc.core.JdbcTemplate               : Executing SQL query [SELECT 1]
2026-08-13T19:49:23.881+05:30 DEBUG 2600 --- [aplus-kids-api] [nio-8081-exec-9] m.m.a.RequestResponseBodyMethodProcessor : Using 'application/json', given [*/*] and supported [application/json, application/*+json]
2026-08-13T19:49:23.881+05:30 DEBUG 2600 --- [aplus-kids-api] [nio-8081-exec-9] m.m.a.RequestResponseBodyMethodProcessor : Writing [HealthResponse[status=UP]]
2026-08-13T19:49:23.889+05:30 DEBUG 2600 --- [aplus-kids-api] [nio-8081-exec-9] o.s.web.servlet.DispatcherServlet        : Completed 200 OK
2026-08-13T19:49:23.889+05:30 DEBUG 2600 --- [aplus-kids-api] [nio-8081-exec-8] org.hibernate.SQL                        : select ue1_0.id,ue1_0.account_holder_name,ue1_0.created_at,ue1_0.credentials_changed_at,ue1_0.deleted_at,ue1_0.email,ue1_0.email_verified_at,ue1_0.failed_login_count,ue1_0.last_login_at,ue1_0.locked_until,ue1_0.password_hash,ue1_0.phone_e164,ue1_0.phone_verified_at,ue1_0.public_id,ue1_0.status,ue1_0.updated_at,ue1_0.version from users ue1_0 where ue1_0.public_id=?
2026-08-13T19:49:23.889+05:30 DEBUG 2600 --- [aplus-kids-api] [nio-8081-exec-8] org.hibernate.SQL                        : select r1_0.user_id,r1_1.id,r1_1.created_at,r1_1.description,r1_1.name from user_roles r1_0 join roles r1_1 on r1_1.id=r1_0.role_id where r1_0.user_id=?
2026-08-13T19:49:23.889+05:30 DEBUG 2600 --- [aplus-kids-api] [nio-8081-exec-8] o.s.web.servlet.DispatcherServlet        : GET "/api/v1/admin/kids-champ/overview", parameters={}
2026-08-13T19:49:23.889+05:30 DEBUG 2600 --- [aplus-kids-api] [nio-8081-exec-8] s.w.s.m.m.a.RequestMappingHandlerMapping : Mapped to lk.apluskids.platform.kidschamp.KidsChampAdminController#overview(JwtAuthenticationToken)
2026-08-13T19:49:23.905+05:30 DEBUG 2600 --- [aplus-kids-api] [nio-8081-exec-8] org.hibernate.SQL                        : select kcse1_0.id,kcse1_0.age_at_submission,kcse1_0.assigned_reviewer_user_id,kcse1_0.batch_id,kcse1_0.category,kcse1_0.child_name,cp1_0.id,cp1_0.address,cp1_0.country_code,cp1_0.created_at,cp1_0.date_of_birth,cp1_0.deleted_at,cp1_0.full_name,cp1_0.gender,cp1_0.hometown,cp1_0.province,cp1_0.public_id,cp1_0.updated_at,cp1_0.user_id,cp1_0.version,kcse1_0.consent_accepted_at,kcse1_0.country_code,kcse1_0.date_of_birth,kcse1_0.deleted_at,kcse1_0.deleted_by_user_id,kcse1_0.email,kcse1_0.file_size,kcse1_0.file_status,gc1_0.id,gc1_0.claimed_at,gc1_0.claimed_by_user_id,gc1_0.country_code,gc1_0.deleted_at,gc1_0.email,gc1_0.first_submitted_at,gc1_0.hometown,gc1_0.last_submitted_at,gc1_0.parent_name,gc1_0.phone_e164,gc1_0.province,gc1_0.public_id,gc1_0.submission_count,gp1_0.id,gp1_0.child_name,gp1_0.guest_contact_id,c1_0.id,c1_0.claimed_at,c1_0.claimed_by_user_id,c1_0.country_code,c1_0.deleted_at,c1_0.email,c1_0.first_submitted_at,c1_0.hometown,c1_0.last_submitted_at,c1_0.parent_name,c1_0.phone_e164,c1_0.province,c1_0.public_id,c1_0.submission_count,gp1_0.created_at,gp1_0.date_of_birth,gp1_0.hometown,gp1_0.merge_reason,gp1_0.merged_at,gp1_0.merged_by_user_id,gp1_0.merged_into_reference,gp1_0.merged_into_type,gp1_0.normalized_child_name,gp1_0.province,gp1_0.public_id,gp1_0.updated_at,gp1_0.version,kcse1_0.hometown,kcse1_0.internal_note,kcse1_0.last_participant_merge_id,kcse1_0.media_type,kcse1_0.original_filename,kcse1_0.parent_name,kcse1_0.phone_e164,kcse1_0.photo_deleted_at,kcse1_0.previewed_at,kcse1_0.province,kcse1_0.public_id,kcse1_0.rejection_reason,kcse1_0.review_status,kcse1_0.reviewed_at,kcse1_0.reviewed_by_user_id,kcse1_0.stored_filename,kcse1_0.submitted_at,kcse1_0.telecast_status,kcse1_0.tracking_code,u2_0.id,u2_0.account_holder_name,u2_0.created_at,u2_0.credentials_changed_at,u2_0.deleted_at,u2_0.email,u2_0.email_verified_at,u2_0.failed_login_count,u2_0.last_login_at,u2_0.locked_until,u2_0.password_hash,u2_0.phone_e164,u2_0.phone_verified_at,u2_0.public_id,u2_0.status,u2_0.updated_at,u2_0.version,kcse1_0.version,kcse1_0.whatsapp_consent_at,kcse1_0.work_description,kcse1_0.work_title from kids_champ_submissions kcse1_0 left join child_profiles cp1_0 on cp1_0.id=kcse1_0.child_profile_id left join kids_champ_guest_contacts gc1_0 on gc1_0.id=kcse1_0.guest_contact_id left join kids_champ_guest_participants gp1_0 on gp1_0.id=kcse1_0.guest_participant_id left join kids_champ_guest_contacts c1_0 on c1_0.id=gp1_0.guest_contact_id left join users u2_0 on u2_0.id=kcse1_0.user_id where kcse1_0.deleted_at is null order by kcse1_0.submitted_at desc
2026-08-13T19:49:23.920+05:30 DEBUG 2600 --- [aplus-kids-api] [   scheduling-1] org.hibernate.SQL                        : select kcwace1_0.id,kcwace1_0.access_token_encrypted,kcwace1_0.business_account_id,kcwace1_0.graph_api_version,kcwace1_0.last_test_message,kcwace1_0.last_test_status,kcwace1_0.last_tested_at,kcwace1_0.phone_number_id,kcwace1_0.updated_at from kids_champ_whatsapp_config kcwace1_0 where kcwace1_0.id=?
2026-08-13T19:49:24.000+05:30 DEBUG 2600 --- [aplus-kids-api] [nio-8081-exec-8] org.hibernate.SQL                        : select kcwape1_0.participant_reference,kcwape1_0.opted_in_at,kcwape1_0.opted_out_at,kcwape1_0.reason,kcwape1_0.source,kcwape1_0.status,kcwape1_0.updated_at,kcwape1_0.updated_by_user_id from kids_champ_whatsapp_preferences kcwape1_0
2026-08-13T19:49:24.032+05:30 DEBUG 2600 --- [aplus-kids-api] [nio-8081-exec-8] org.hibernate.SQL                        : select kcse1_0.id,kcse1_0.age_at_submission,kcse1_0.assigned_reviewer_user_id,kcse1_0.batch_id,kcse1_0.category,kcse1_0.child_name,cp1_0.id,cp1_0.address,cp1_0.country_code,cp1_0.created_at,cp1_0.date_of_birth,cp1_0.deleted_at,cp1_0.full_name,cp1_0.gender,cp1_0.hometown,cp1_0.province,cp1_0.public_id,cp1_0.updated_at,cp1_0.user_id,cp1_0.version,kcse1_0.consent_accepted_at,kcse1_0.country_code,kcse1_0.date_of_birth,kcse1_0.deleted_at,kcse1_0.deleted_by_user_id,kcse1_0.email,kcse1_0.file_size,kcse1_0.file_status,gc1_0.id,gc1_0.claimed_at,gc1_0.claimed_by_user_id,gc1_0.country_code,gc1_0.deleted_at,gc1_0.email,gc1_0.first_submitted_at,gc1_0.hometown,gc1_0.last_submitted_at,gc1_0.parent_name,gc1_0.phone_e164,gc1_0.province,gc1_0.public_id,gc1_0.submission_count,gp1_0.id,gp1_0.child_name,gp1_0.guest_contact_id,c1_0.id,c1_0.claimed_at,c1_0.claimed_by_user_id,c1_0.country_code,c1_0.deleted_at,c1_0.email,c1_0.first_submitted_at,c1_0.hometown,c1_0.last_submitted_at,c1_0.parent_name,c1_0.phone_e164,c1_0.province,c1_0.public_id,c1_0.submission_count,gp1_0.created_at,gp1_0.date_of_birth,gp1_0.hometown,gp1_0.merge_reason,gp1_0.merged_at,gp1_0.merged_by_user_id,gp1_0.merged_into_reference,gp1_0.merged_into_type,gp1_0.normalized_child_name,gp1_0.province,gp1_0.public_id,gp1_0.updated_at,gp1_0.version,kcse1_0.hometown,kcse1_0.internal_note,kcse1_0.last_participant_merge_id,kcse1_0.media_type,kcse1_0.original_filename,kcse1_0.parent_name,kcse1_0.phone_e164,kcse1_0.photo_deleted_at,kcse1_0.previewed_at,kcse1_0.province,kcse1_0.public_id,kcse1_0.rejection_reason,kcse1_0.review_status,kcse1_0.reviewed_at,kcse1_0.reviewed_by_user_id,kcse1_0.stored_filename,kcse1_0.submitted_at,kcse1_0.telecast_status,kcse1_0.tracking_code,u2_0.id,u2_0.account_holder_name,u2_0.created_at,u2_0.credentials_changed_at,u2_0.deleted_at,u2_0.email,u2_0.email_verified_at,u2_0.failed_login_count,u2_0.last_login_at,u2_0.locked_until,u2_0.password_hash,u2_0.phone_e164,u2_0.phone_verified_at,u2_0.public_id,u2_0.status,u2_0.updated_at,u2_0.version,kcse1_0.version,kcse1_0.whatsapp_consent_at,kcse1_0.work_description,kcse1_0.work_title from kids_champ_submissions kcse1_0 left join child_profiles cp1_0 on cp1_0.id=kcse1_0.child_profile_id left join kids_champ_guest_contacts gc1_0 on gc1_0.id=kcse1_0.guest_contact_id left join kids_champ_guest_participants gp1_0 on gp1_0.id=kcse1_0.guest_participant_id left join kids_champ_guest_contacts c1_0 on c1_0.id=gp1_0.guest_contact_id left join users u2_0 on u2_0.id=kcse1_0.user_id where kcse1_0.deleted_at is null order by kcse1_0.submitted_at desc
2026-08-13T19:49:24.064+05:30 DEBUG 2600 --- [aplus-kids-api] [nio-8081-exec-8] org.hibernate.SQL                        : select kcbe1_0.id,kcbe1_0.alternate_telecast_date,kcbe1_0.archive_path,kcbe1_0.batch_code,kcbe1_0.cleanup_failure_count,kcbe1_0.cleanup_pending,kcbe1_0.created_at,kcbe1_0.created_by_user_id,kcbe1_0.delete_after,kcbe1_0.deleted_at,kcbe1_0.deleted_by_user_id,kcbe1_0.edited_at,kcbe1_0.first_downloaded_at,kcbe1_0.last_cleanup_attempt_at,kcbe1_0.photo_count,kcbe1_0.public_id,kcbe1_0.purged_at,kcbe1_0.retention_days,kcbe1_0.status,kcbe1_0.telecast_completed_at,kcbe1_0.telecast_date,kcbe1_0.version,kcbe1_0.warning_days from kids_champ_batches kcbe1_0 order by kcbe1_0.created_at desc,kcbe1_0.id desc
2026-08-13T19:49:24.081+05:30 DEBUG 2600 --- [aplus-kids-api] [nio-8081-exec-8] m.m.a.RequestResponseBodyMethodProcessor : Using 'application/json', given [*/*] and supported [application/json, application/*+json]
2026-08-13T19:49:24.082+05:30 DEBUG 2600 --- [aplus-kids-api] [nio-8081-exec-8] m.m.a.RequestResponseBodyMethodProcessor : Writing [OverviewResponse[totalSubmissions=1237, newToday=0, pendingReviews=40, approved=1197, selectedForTv= (truncated)...]
2026-08-13T19:49:24.083+05:30 DEBUG 2600 --- [aplus-kids-api] [nio-8081-exec-8] o.s.web.servlet.DispatcherServlet        : Completed 200 OK
2026-08-13T19:49:24.938+05:30 DEBUG 2600 --- [aplus-kids-api] [   scheduling-1] org.hibernate.SQL                        : select kcwace1_0.id,kcwace1_0.access_token_encrypted,kcwace1_0.business_account_id,kcwace1_0.graph_api_version,kcwace1_0.last_test_message,kcwace1_0.last_test_status,kcwace1_0.last_tested_at,kcwace1_0.phone_number_id,kcwace1_0.updated_at from kids_champ_whatsapp_config kcwace1_0 where kcwace1_0.id=?
2026-08-13T19:49:25.947+05:30 DEBUG 2600 --- [aplus-kids-api] [   scheduling-1] org.hibernate.SQL                        : select kcwace1_0.id,kcwace1_0.access_token_encrypted,kcwace1_0.business_account_id,kcwace1_0.graph_api_version,kcwace1_0.last_test_message,kcwace1_0.last_test_status,kcwace1_0.last_tested_at,kcwace1_0.phone_number_id,kcwace1_0.updated_at from kids_champ_whatsapp_config kcwace1_0 where kcwace1_0.id=?
2026-08-13T19:49:26.954+05:30 DEBUG 2600 --- [aplus-kids-api] [   scheduling-1] org.hibernate.SQL                        : select kcwace1_0.id,kcwace1_0.access_token_encrypted,kcwace1_0.business_account_id,kcwace1_0.graph_api_version,kcwace1_0.last_test_message,kcwace1_0.last_test_status,kcwace1_0.last_tested_at,kcwace1_0.phone_number_id,kcwace1_0.updated_at from kids_champ_whatsapp_config kcwace1_0 where kcwace1_0.id=?
2026-08-13T19:49:27.959+05:30 DEBUG 2600 --- [aplus-kids-api] [   scheduling-1] org.hibernate.SQL                        : select kcwace1_0.id,kcwace1_0.access_token_encrypted,kcwace1_0.business_account_id,kcwace1_0.graph_api_version,kcwace1_0.last_test_message,kcwace1_0.last_test_status,kcwace1_0.last_tested_at,kcwace1_0.phone_number_id,kcwace1_0.updated_at from kids_champ_whatsapp_config kcwace1_0 where kcwace1_0.id=?
2026-08-13T19:49:28.971+05:30 DEBUG 2600 --- [aplus-kids-api] [   scheduling-1] org.hibernate.SQL                        : select kcwace1_0.id,kcwace1_0.access_token_encrypted,kcwace1_0.business_account_id,kcwace1_0.graph_api_version,kcwace1_0.last_test_message,kcwace1_0.last_test_status,kcwace1_0.last_tested_at,kcwace1_0.phone_number_id,kcwace1_0.updated_at from kids_champ_whatsapp_config kcwace1_0 where kcwace1_0.id=?
2026-08-13T19:49:29.982+05:30 DEBUG 2600 --- [aplus-kids-api] [   scheduling-1] org.hibernate.SQL                        : select kcwace1_0.id,kcwace1_0.access_token_encrypted,kcwace1_0.business_account_id,kcwace1_0.graph_api_version,kcwace1_0.last_test_message,kcwace1_0.last_test_status,kcwace1_0.last_tested_at,kcwace1_0.phone_number_id,kcwace1_0.updated_at from kids_champ_whatsapp_config kcwace1_0 where kcwace1_0.id=?
2026-08-13T19:49:30.988+05:30 DEBUG 2600 --- [aplus-kids-api] [   scheduling-1] org.hibernate.SQL                        : select kcwace1_0.id,kcwace1_0.access_token_encrypted,kcwace1_0.business_account_id,kcwace1_0.graph_api_version,kcwace1_0.last_test_message,kcwace1_0.last_test_status,kcwace1_0.last_tested_at,kcwace1_0.phone_number_id,kcwace1_0.updated_at from kids_champ_whatsapp_config kcwace1_0 where kcwace1_0.id=?
2026-08-13T19:49:32.007+05:30 DEBUG 2600 --- [aplus-kids-api] [   scheduling-1] org.hibernate.SQL                        : select kcwace1_0.id,kcwace1_0.access_token_encrypted,kcwace1_0.business_account_id,kcwace1_0.graph_api_version,kcwace1_0.last_test_message,kcwace1_0.last_test_status,kcwace1_0.last_tested_at,kcwace1_0.phone_number_id,kcwace1_0.updated_at from kids_champ_whatsapp_config kcwace1_0 where kcwace1_0.id=?
2026-08-13T19:49:33.022+05:30 DEBUG 2600 --- [aplus-kids-api] [   scheduling-1] org.hibernate.SQL                        : select kcwace1_0.id,kcwace1_0.access_token_encrypted,kcwace1_0.business_account_id,kcwace1_0.graph_api_version,kcwace1_0.last_test_message,kcwace1_0.last_test_status,kcwace1_0.last_tested_at,kcwace1_0.phone_number_id,kcwace1_0.updated_at from kids_champ_whatsapp_config kcwace1_0 where kcwace1_0.id=?
2026-08-13T19:49:34.029+05:30 DEBUG 2600 --- [aplus-kids-api] [   scheduling-1] org.hibernate.SQL                        : select kcwace1_0.id,kcwace1_0.access_token_encrypted,kcwace1_0.business_account_id,kcwace1_0.graph_api_version,kcwace1_0.last_test_message,kcwace1_0.last_test_status,kcwace1_0.last_tested_at,kcwace1_0.phone_number_id,kcwace1_0.updated_at from kids_champ_whatsapp_config kcwace1_0 where kcwace1_0.id=?
2026-08-13T19:49:35.037+05:30 DEBUG 2600 --- [aplus-kids-api] [   scheduling-1] org.hibernate.SQL                        : select kcwace1_0.id,kcwace1_0.access_token_encrypted,kcwace1_0.business_account_id,kcwace1_0.graph_api_version,kcwace1_0.last_test_message,kcwace1_0.last_test_status,kcwace1_0.last_tested_at,kcwace1_0.phone_number_id,kcwace1_0.updated_at from kids_champ_whatsapp_config kcwace1_0 where kcwace1_0.id=?
2026-08-13T19:49:36.057+05:30 DEBUG 2600 --- [aplus-kids-api] [   scheduling-1] org.hibernate.SQL                        : select kcwace1_0.id,kcwace1_0.access_token_encrypted,kcwace1_0.business_account_id,kcwace1_0.graph_api_version,kcwace1_0.last_test_message,kcwace1_0.last_test_status,kcwace1_0.last_tested_at,kcwace1_0.phone_number_id,kcwace1_0.updated_at from kids_champ_whatsapp_config kcwace1_0 where kcwace1_0.id=?
2026-08-13T19:49:36.362+05:30 DEBUG 2600 --- [aplus-kids-api] [nio-8081-exec-4] org.hibernate.SQL                        : select ue1_0.id,ue1_0.account_holder_name,ue1_0.created_at,ue1_0.credentials_changed_at,ue1_0.deleted_at,ue1_0.email,ue1_0.email_verified_at,ue1_0.failed_login_count,ue1_0.last_login_at,ue1_0.locked_until,ue1_0.password_hash,ue1_0.phone_e164,ue1_0.phone_verified_at,ue1_0.public_id,ue1_0.status,ue1_0.updated_at,ue1_0.version from users ue1_0 where ue1_0.public_id=?
2026-08-13T19:49:36.364+05:30 DEBUG 2600 --- [aplus-kids-api] [nio-8081-exec-4] org.hibernate.SQL                        : select r1_0.user_id,r1_1.id,r1_1.created_at,r1_1.description,r1_1.name from user_roles r1_0 join roles r1_1 on r1_1.id=r1_0.role_id where r1_0.user_id=?
2026-08-13T19:49:36.367+05:30 DEBUG 2600 --- [aplus-kids-api] [nio-8081-exec-4] o.s.web.servlet.DispatcherServlet        : POST "/api/v1/admin/administrator-management/invitations", parameters={}
2026-08-13T19:49:36.367+05:30 DEBUG 2600 --- [aplus-kids-api] [nio-8081-exec-4] s.w.s.m.m.a.RequestMappingHandlerMapping : Mapped to lk.apluskids.platform.adminmanagement.AdministratorManagementController#invite(JwtAuthenticationToken, InviteRequest)
2026-08-13T19:49:36.367+05:30 DEBUG 2600 --- [aplus-kids-api] [nio-8081-exec-4] m.m.a.RequestResponseBodyMethodProcessor : Read "application/json;charset=UTF-8" to [InviteRequest[name=shanal, email=aplukidsdev002@gmail.com, phone=0740532502, role=ADMIN, reason=aas]]
2026-08-13T19:49:36.367+05:30 DEBUG 2600 --- [aplus-kids-api] [nio-8081-exec-4] org.hibernate.SQL                        : select ame1_0.id,ame1_0.activated_at,ame1_0.cancelled_at,ame1_0.cancelled_by_user_id,ame1_0.invite_reason,ame1_0.invited_at,ame1_0.invited_by_user_id,ame1_0.public_id,ame1_0.role,ame1_0.status,ame1_0.suspended_at,ame1_0.suspended_by_user_id,ame1_0.suspension_reason,ame1_0.updated_at,ame1_0.user_id,ame1_0.verification_failed_attempts,ame1_0.verification_locked_until,ame1_0.version from administrator_memberships ame1_0 join users u1_0 on u1_0.id=ame1_0.user_id where u1_0.public_id=?
2026-08-13T19:49:36.377+05:30 DEBUG 2600 --- [aplus-kids-api] [nio-8081-exec-4] org.hibernate.SQL                        : select ue1_0.id,ue1_0.account_holder_name,ue1_0.created_at,ue1_0.credentials_changed_at,ue1_0.deleted_at,ue1_0.email,ue1_0.email_verified_at,ue1_0.failed_login_count,ue1_0.last_login_at,ue1_0.locked_until,ue1_0.password_hash,ue1_0.phone_e164,ue1_0.phone_verified_at,ue1_0.public_id,r1_0.user_id,r1_1.id,r1_1.created_at,r1_1.description,r1_1.name,ue1_0.status,ue1_0.updated_at,ue1_0.version from users ue1_0 left join user_roles r1_0 on ue1_0.id=r1_0.user_id left join roles r1_1 on r1_1.id=r1_0.role_id where ue1_0.id=?
2026-08-13T19:49:36.380+05:30 DEBUG 2600 --- [aplus-kids-api] [nio-8081-exec-4] org.hibernate.SQL                        : select ame1_0.id,ame1_0.activated_at,ame1_0.cancelled_at,ame1_0.cancelled_by_user_id,ame1_0.invite_reason,ame1_0.invited_at,ame1_0.invited_by_user_id,ame1_0.public_id,ame1_0.role,ame1_0.status,ame1_0.suspended_at,ame1_0.suspended_by_user_id,ame1_0.suspension_reason,ame1_0.updated_at,ame1_0.user_id,ame1_0.verification_failed_attempts,ame1_0.verification_locked_until,ame1_0.version from administrator_memberships ame1_0 join users u1_0 on u1_0.id=ame1_0.user_id where u1_0.public_id=?
2026-08-13T19:49:36.396+05:30 DEBUG 2600 --- [aplus-kids-api] [nio-8081-exec-4] org.hibernate.SQL                        : select ue1_0.id,ue1_0.account_holder_name,ue1_0.created_at,ue1_0.credentials_changed_at,ue1_0.deleted_at,ue1_0.email,ue1_0.email_verified_at,ue1_0.failed_login_count,ue1_0.last_login_at,ue1_0.locked_until,ue1_0.password_hash,ue1_0.phone_e164,ue1_0.phone_verified_at,ue1_0.public_id,ue1_0.status,ue1_0.updated_at,ue1_0.version from users ue1_0 where upper(ue1_0.email)=upper(?)
2026-08-13T19:49:36.396+05:30 DEBUG 2600 --- [aplus-kids-api] [nio-8081-exec-4] org.hibernate.SQL                        : select ue1_0.id,ue1_0.account_holder_name,ue1_0.created_at,ue1_0.credentials_changed_at,ue1_0.deleted_at,ue1_0.email,ue1_0.email_verified_at,ue1_0.failed_login_count,ue1_0.last_login_at,ue1_0.locked_until,ue1_0.password_hash,ue1_0.phone_e164,ue1_0.phone_verified_at,ue1_0.public_id,ue1_0.status,ue1_0.updated_at,ue1_0.version from users ue1_0 where ue1_0.phone_e164=?
2026-08-13T19:49:36.411+05:30 DEBUG 2600 --- [aplus-kids-api] [nio-8081-exec-4] org.hibernate.SQL                        : select r1_0.user_id,r1_1.id,r1_1.created_at,r1_1.description,r1_1.name from user_roles r1_0 join roles r1_1 on r1_1.id=r1_0.role_id where r1_0.user_id=?
2026-08-13T19:49:36.411+05:30 DEBUG 2600 --- [aplus-kids-api] [nio-8081-exec-4] org.hibernate.SQL                        : select ame1_0.id,ame1_0.activated_at,ame1_0.cancelled_at,ame1_0.cancelled_by_user_id,ame1_0.invite_reason,ame1_0.invited_at,ame1_0.invited_by_user_id,ame1_0.public_id,ame1_0.role,ame1_0.status,ame1_0.suspended_at,ame1_0.suspended_by_user_id,ame1_0.suspension_reason,ame1_0.updated_at,ame1_0.user_id,u1_0.id,u1_0.account_holder_name,u1_0.created_at,u1_0.credentials_changed_at,u1_0.deleted_at,u1_0.email,u1_0.email_verified_at,u1_0.failed_login_count,u1_0.last_login_at,u1_0.locked_until,u1_0.password_hash,u1_0.phone_e164,u1_0.phone_verified_at,u1_0.public_id,u1_0.status,u1_0.updated_at,u1_0.version,ame1_0.verification_failed_attempts,ame1_0.verification_locked_until,ame1_0.version from administrator_memberships ame1_0 join users u1_0 on u1_0.id=ame1_0.user_id where u1_0.public_id=? for no key update of ame1_0
2026-08-13T19:49:36.430+05:30 DEBUG 2600 --- [aplus-kids-api] [nio-8081-exec-4] .m.m.a.ExceptionHandlerExceptionResolver : Using @ExceptionHandler lk.apluskids.platform.common.error.GlobalExceptionHandler#handleApi(ApiException, HttpServletRequest)
2026-08-13T19:49:36.432+05:30 DEBUG 2600 --- [aplus-kids-api] [nio-8081-exec-4] o.s.w.s.m.m.a.HttpEntityMethodProcessor  : Using 'application/json', given [*/*] and supported [application/json, application/*+json]
2026-08-13T19:49:36.432+05:30 DEBUG 2600 --- [aplus-kids-api] [nio-8081-exec-4] o.s.w.s.m.m.a.HttpEntityMethodProcessor  : Writing [ApiError[code=ADMIN_PHONE_EXISTS, message=An account already uses this phone number., fieldErrors=nu (truncated)...]
2026-08-13T19:49:36.432+05:30 DEBUG 2600 --- [aplus-kids-api] [nio-8081-exec-4] .m.m.a.ExceptionHandlerExceptionResolver : Resolved [lk.apluskids.platform.common.error.ApiException: An account already uses this phone number.]
2026-08-13T19:49:36.441+05:30 DEBUG 2600 --- [aplus-kids-api] [nio-8081-exec-4] o.s.web.servlet.DispatcherServlet        : Completed 409 CONFLICT
2026-08-13T19:49:37.071+05:30 DEBUG 2600 --- [aplus-kids-api] [   scheduling-1] org.hibernate.SQL                        : select kcwace1_0.id,kcwace1_0.access_token_encrypted,kcwace1_0.business_account_id,kcwace1_0.graph_api_version,kcwace1_0.last_test_message,kcwace1_0.last_test_status,kcwace1_0.last_tested_at,kcwace1_0.phone_number_id,kcwace1_0.updated_at from kids_champ_whatsapp_config kcwace1_0 where kcwace1_0.id=?
2026-08-13T19:49:38.087+05:30 DEBUG 2600 --- [aplus-kids-api] [   scheduling-1] org.hibernate.SQL                        : select kcwace1_0.id,kcwace1_0.access_token_encrypted,kcwace1_0.business_account_id,kcwace1_0.graph_api_version,kcwace1_0.last_test_message,kcwace1_0.last_test_status,kcwace1_0.last_tested_at,kcwace1_0.phone_number_id,kcwace1_0.updated_at from kids_champ_whatsapp_config kcwace1_0 where kcwace1_0.id=?
2026-08-13T19:49:38.870+05:30 DEBUG 2600 --- [aplus-kids-api] [nio-8081-exec-7] o.s.web.servlet.DispatcherServlet        : GET "/api/v1/health", parameters={}
2026-08-13T19:49:38.870+05:30 DEBUG 2600 --- [aplus-kids-api] [nio-8081-exec-7] s.w.s.m.m.a.RequestMappingHandlerMapping : Mapped to lk.apluskids.platform.common.DatabaseHealthController#health()
2026-08-13T19:49:38.870+05:30 DEBUG 2600 --- [aplus-kids-api] [nio-8081-exec-7] o.s.jdbc.core.JdbcTemplate               : Executing SQL query [SELECT 1]
2026-08-13T19:49:38.870+05:30 DEBUG 2600 --- [aplus-kids-api] [nio-8081-exec-7] m.m.a.RequestResponseBodyMethodProcessor : Using 'application/json', given [*/*] and supported [application/json, application/*+json]
2026-08-13T19:49:38.870+05:30 DEBUG 2600 --- [aplus-kids-api] [nio-8081-exec-7] m.m.a.RequestResponseBodyMethodProcessor : Writing [HealthResponse[status=UP]]
2026-08-13T19:49:38.870+05:30 DEBUG 2600 --- [aplus-kids-api] [nio-8081-exec-7] o.s.web.servlet.DispatcherServlet        : Completed 200 OK
2026-08-13T19:49:38.870+05:30 DEBUG 2600 --- [aplus-kids-api] [nio-8081-exec-2] org.hibernate.SQL                        : select ue1_0.id,ue1_0.account_holder_name,ue1_0.created_at,ue1_0.credentials_changed_at,ue1_0.deleted_at,ue1_0.email,ue1_0.email_verified_at,ue1_0.failed_login_count,ue1_0.last_login_at,ue1_0.locked_until,ue1_0.password_hash,ue1_0.phone_e164,ue1_0.phone_verified_at,ue1_0.public_id,ue1_0.status,ue1_0.updated_at,ue1_0.version from users ue1_0 where ue1_0.public_id=?
2026-08-13T19:49:38.882+05:30 DEBUG 2600 --- [aplus-kids-api] [nio-8081-exec-2] org.hibernate.SQL                        : select r1_0.user_id,r1_1.id,r1_1.created_at,r1_1.description,r1_1.name from user_roles r1_0 join roles r1_1 on r1_1.id=r1_0.role_id where r1_0.user_id=?
2026-08-13T19:49:38.882+05:30 DEBUG 2600 --- [aplus-kids-api] [nio-8081-exec-2] o.s.web.servlet.DispatcherServlet        : GET "/api/v1/admin/kids-champ/overview", parameters={}
2026-08-13T19:49:38.882+05:30 DEBUG 2600 --- [aplus-kids-api] [nio-8081-exec-2] s.w.s.m.m.a.RequestMappingHandlerMapping : Mapped to lk.apluskids.platform.kidschamp.KidsChampAdminController#overview(JwtAuthenticationToken)
2026-08-13T19:49:38.882+05:30 DEBUG 2600 --- [aplus-kids-api] [nio-8081-exec-2] org.hibernate.SQL                        : select kcse1_0.id,kcse1_0.age_at_submission,kcse1_0.assigned_reviewer_user_id,kcse1_0.batch_id,kcse1_0.category,kcse1_0.child_name,cp1_0.id,cp1_0.address,cp1_0.country_code,cp1_0.created_at,cp1_0.date_of_birth,cp1_0.deleted_at,cp1_0.full_name,cp1_0.gender,cp1_0.hometown,cp1_0.province,cp1_0.public_id,cp1_0.updated_at,cp1_0.user_id,cp1_0.version,kcse1_0.consent_accepted_at,kcse1_0.country_code,kcse1_0.date_of_birth,kcse1_0.deleted_at,kcse1_0.deleted_by_user_id,kcse1_0.email,kcse1_0.file_size,kcse1_0.file_status,gc1_0.id,gc1_0.claimed_at,gc1_0.claimed_by_user_id,gc1_0.country_code,gc1_0.deleted_at,gc1_0.email,gc1_0.first_submitted_at,gc1_0.hometown,gc1_0.last_submitted_at,gc1_0.parent_name,gc1_0.phone_e164,gc1_0.province,gc1_0.public_id,gc1_0.submission_count,gp1_0.id,gp1_0.child_name,gp1_0.guest_contact_id,c1_0.id,c1_0.claimed_at,c1_0.claimed_by_user_id,c1_0.country_code,c1_0.deleted_at,c1_0.email,c1_0.first_submitted_at,c1_0.hometown,c1_0.last_submitted_at,c1_0.parent_name,c1_0.phone_e164,c1_0.province,c1_0.public_id,c1_0.submission_count,gp1_0.created_at,gp1_0.date_of_birth,gp1_0.hometown,gp1_0.merge_reason,gp1_0.merged_at,gp1_0.merged_by_user_id,gp1_0.merged_into_reference,gp1_0.merged_into_type,gp1_0.normalized_child_name,gp1_0.province,gp1_0.public_id,gp1_0.updated_at,gp1_0.version,kcse1_0.hometown,kcse1_0.internal_note,kcse1_0.last_participant_merge_id,kcse1_0.media_type,kcse1_0.original_filename,kcse1_0.parent_name,kcse1_0.phone_e164,kcse1_0.photo_deleted_at,kcse1_0.previewed_at,kcse1_0.province,kcse1_0.public_id,kcse1_0.rejection_reason,kcse1_0.review_status,kcse1_0.reviewed_at,kcse1_0.reviewed_by_user_id,kcse1_0.stored_filename,kcse1_0.submitted_at,kcse1_0.telecast_status,kcse1_0.tracking_code,u2_0.id,u2_0.account_holder_name,u2_0.created_at,u2_0.credentials_changed_at,u2_0.deleted_at,u2_0.email,u2_0.email_verified_at,u2_0.failed_login_count,u2_0.last_login_at,u2_0.locked_until,u2_0.password_hash,u2_0.phone_e164,u2_0.phone_verified_at,u2_0.public_id,u2_0.status,u2_0.updated_at,u2_0.version,kcse1_0.version,kcse1_0.whatsapp_consent_at,kcse1_0.work_description,kcse1_0.work_title from kids_champ_submissions kcse1_0 left join child_profiles cp1_0 on cp1_0.id=kcse1_0.child_profile_id left join kids_champ_guest_contacts gc1_0 on gc1_0.id=kcse1_0.guest_contact_id left join kids_champ_guest_participants gp1_0 on gp1_0.id=kcse1_0.guest_participant_id left join kids_champ_guest_contacts c1_0 on c1_0.id=gp1_0.guest_contact_id left join users u2_0 on u2_0.id=kcse1_0.user_id where kcse1_0.deleted_at is null order by kcse1_0.submitted_at desc
2026-08-13T19:49:38.946+05:30 DEBUG 2600 --- [aplus-kids-api] [nio-8081-exec-2] org.hibernate.SQL                        : select kcwape1_0.participant_reference,kcwape1_0.opted_in_at,kcwape1_0.opted_out_at,kcwape1_0.reason,kcwape1_0.source,kcwape1_0.status,kcwape1_0.updated_at,kcwape1_0.updated_by_user_id from kids_champ_whatsapp_preferences kcwape1_0
2026-08-13T19:49:38.946+05:30 DEBUG 2600 --- [aplus-kids-api] [nio-8081-exec-2] org.hibernate.SQL                        : select kcse1_0.id,kcse1_0.age_at_submission,kcse1_0.assigned_reviewer_user_id,kcse1_0.batch_id,kcse1_0.category,kcse1_0.child_name,cp1_0.id,cp1_0.address,cp1_0.country_code,cp1_0.created_at,cp1_0.date_of_birth,cp1_0.deleted_at,cp1_0.full_name,cp1_0.gender,cp1_0.hometown,cp1_0.province,cp1_0.public_id,cp1_0.updated_at,cp1_0.user_id,cp1_0.version,kcse1_0.consent_accepted_at,kcse1_0.country_code,kcse1_0.date_of_birth,kcse1_0.deleted_at,kcse1_0.deleted_by_user_id,kcse1_0.email,kcse1_0.file_size,kcse1_0.file_status,gc1_0.id,gc1_0.claimed_at,gc1_0.claimed_by_user_id,gc1_0.country_code,gc1_0.deleted_at,gc1_0.email,gc1_0.first_submitted_at,gc1_0.hometown,gc1_0.last_submitted_at,gc1_0.parent_name,gc1_0.phone_e164,gc1_0.province,gc1_0.public_id,gc1_0.submission_count,gp1_0.id,gp1_0.child_name,gp1_0.guest_contact_id,c1_0.id,c1_0.claimed_at,c1_0.claimed_by_user_id,c1_0.country_code,c1_0.deleted_at,c1_0.email,c1_0.first_submitted_at,c1_0.hometown,c1_0.last_submitted_at,c1_0.parent_name,c1_0.phone_e164,c1_0.province,c1_0.public_id,c1_0.submission_count,gp1_0.created_at,gp1_0.date_of_birth,gp1_0.hometown,gp1_0.merge_reason,gp1_0.merged_at,gp1_0.merged_by_user_id,gp1_0.merged_into_reference,gp1_0.merged_into_type,gp1_0.normalized_child_name,gp1_0.province,gp1_0.public_id,gp1_0.updated_at,gp1_0.version,kcse1_0.hometown,kcse1_0.internal_note,kcse1_0.last_participant_merge_id,kcse1_0.media_type,kcse1_0.original_filename,kcse1_0.parent_name,kcse1_0.phone_e164,kcse1_0.photo_deleted_at,kcse1_0.previewed_at,kcse1_0.province,kcse1_0.public_id,kcse1_0.rejection_reason,kcse1_0.review_status,kcse1_0.reviewed_at,kcse1_0.reviewed_by_user_id,kcse1_0.stored_filename,kcse1_0.submitted_at,kcse1_0.telecast_status,kcse1_0.tracking_code,u2_0.id,u2_0.account_holder_name,u2_0.created_at,u2_0.credentials_changed_at,u2_0.deleted_at,u2_0.email,u2_0.email_verified_at,u2_0.failed_login_count,u2_0.last_login_at,u2_0.locked_until,u2_0.password_hash,u2_0.phone_e164,u2_0.phone_verified_at,u2_0.public_id,u2_0.status,u2_0.updated_at,u2_0.version,kcse1_0.version,kcse1_0.whatsapp_consent_at,kcse1_0.work_description,kcse1_0.work_title from kids_champ_submissions kcse1_0 left join child_profiles cp1_0 on cp1_0.id=kcse1_0.child_profile_id left join kids_champ_guest_contacts gc1_0 on gc1_0.id=kcse1_0.guest_contact_id left join kids_champ_guest_participants gp1_0 on gp1_0.id=kcse1_0.guest_participant_id left join kids_champ_guest_contacts c1_0 on c1_0.id=gp1_0.guest_contact_id left join users u2_0 on u2_0.id=kcse1_0.user_id where kcse1_0.deleted_at is null order by kcse1_0.submitted_at desc
2026-08-13T19:49:38.978+05:30 DEBUG 2600 --- [aplus-kids-api] [nio-8081-exec-2] org.hibernate.SQL                        : select kcbe1_0.id,kcbe1_0.alternate_telecast_date,kcbe1_0.archive_path,kcbe1_0.batch_code,kcbe1_0.cleanup_failure_count,kcbe1_0.cleanup_pending,kcbe1_0.created_at,kcbe1_0.created_by_user_id,kcbe1_0.delete_after,kcbe1_0.deleted_at,kcbe1_0.deleted_by_user_id,kcbe1_0.edited_at,kcbe1_0.first_downloaded_at,kcbe1_0.last_cleanup_attempt_at,kcbe1_0.photo_count,kcbe1_0.public_id,kcbe1_0.purged_at,kcbe1_0.retention_days,kcbe1_0.status,kcbe1_0.telecast_completed_at,kcbe1_0.telecast_date,kcbe1_0.version,kcbe1_0.warning_days from kids_champ_batches kcbe1_0 order by kcbe1_0.created_at desc,kcbe1_0.id desc
2026-08-13T19:49:38.978+05:30 DEBUG 2600 --- [aplus-kids-api] [nio-8081-exec-2] m.m.a.RequestResponseBodyMethodProcessor : Using 'application/json', given [*/*] and supported [application/json, application/*+json]
2026-08-13T19:49:38.978+05:30 DEBUG 2600 --- [aplus-kids-api] [nio-8081-exec-2] m.m.a.RequestResponseBodyMethodProcessor : Writing [OverviewResponse[totalSubmissions=1237, newToday=0, pendingReviews=40, approved=1197, selectedForTv= (truncated)...]
2026-08-13T19:49:38.978+05:30 DEBUG 2600 --- [aplus-kids-api] [nio-8081-exec-2] o.s.web.servlet.DispatcherServlet        : Completed 200 OK
2026-08-13T19:49:39.106+05:30 DEBUG 2600 --- [aplus-kids-api] [   scheduling-1] org.hibernate.SQL                        : select kcwace1_0.id,kcwace1_0.access_token_encrypted,kcwace1_0.business_account_id,kcwace1_0.graph_api_version,kcwace1_0.last_test_message,kcwace1_0.last_test_status,kcwace1_0.last_tested_at,kcwace1_0.phone_number_id,kcwace1_0.updated_at from kids_champ_whatsapp_config kcwace1_0 where kcwace1_0.id=?
2026-08-13T19:49:40.124+05:30 DEBUG 2600 --- [aplus-kids-api] [   scheduling-1] org.hibernate.SQL                        : select kcwace1_0.id,kcwace1_0.access_token_encrypted,kcwace1_0.business_account_id,kcwace1_0.graph_api_version,kcwace1_0.last_test_message,kcwace1_0.last_test_status,kcwace1_0.last_tested_at,kcwace1_0.phone_number_id,kcwace1_0.updated_at from kids_champ_whatsapp_config kcwace1_0 where kcwace1_0.id=?
2026-08-13T19:49:41.140+05:30 DEBUG 2600 --- [aplus-kids-api] [   scheduling-1] org.hibernate.SQL                        : select kcwace1_0.id,kcwace1_0.access_token_encrypted,kcwace1_0.business_account_id,kcwace1_0.graph_api_version,kcwace1_0.last_test_message,kcwace1_0.last_test_status,kcwace1_0.last_tested_at,kcwace1_0.phone_number_id,kcwace1_0.updated_at from kids_champ_whatsapp_config kcwace1_0 where kcwace1_0.id=?
2026-08-13T19:49:42.156+05:30 DEBUG 2600 --- [aplus-kids-api] [   scheduling-1] org.hibernate.SQL                        : select kcwace1_0.id,kcwace1_0.access_token_encrypted,kcwace1_0.business_account_id,kcwace1_0.graph_api_version,kcwace1_0.last_test_message,kcwace1_0.last_test_status,kcwace1_0.last_tested_at,kcwace1_0.phone_number_id,kcwace1_0.updated_at from kids_champ_whatsapp_config kcwace1_0 where kcwace1_0.id=?
2026-08-13T19:49:43.476+05:30 DEBUG 2600 --- [aplus-kids-api] [   scheduling-1] org.hibernate.SQL                        : select kcwace1_0.id,kcwace1_0.access_token_encrypted,kcwace1_0.business_account_id,kcwace1_0.graph_api_version,kcwace1_0.last_test_message,kcwace1_0.last_test_status,kcwace1_0.last_tested_at,kcwace1_0.phone_number_id,kcwace1_0.updated_at from kids_champ_whatsapp_config kcwace1_0 where kcwace1_0.id=?
2026-08-13T19:49:44.491+05:30 DEBUG 2600 --- [aplus-kids-api] [   scheduling-1] org.hibernate.SQL                        : select kcwace1_0.id,kcwace1_0.access_token_encrypted,kcwace1_0.business_account_id,kcwace1_0.graph_api_version,kcwace1_0.last_test_message,kcwace1_0.last_test_status,kcwace1_0.last_tested_at,kcwace1_0.phone_number_id,kcwace1_0.updated_at from kids_champ_whatsapp_config kcwace1_0 where kcwace1_0.id=?
2026-08-13T19:49:45.505+05:30 DEBUG 2600 --- [aplus-kids-api] [   scheduling-1] org.hibernate.SQL                        : select kcwace1_0.id,kcwace1_0.access_token_encrypted,kcwace1_0.business_account_id,kcwace1_0.graph_api_version,kcwace1_0.last_test_message,kcwace1_0.last_test_status,kcwace1_0.last_tested_at,kcwace1_0.phone_number_id,kcwace1_0.updated_at from kids_champ_whatsapp_config kcwace1_0 where kcwace1_0.id=?
2026-08-13T19:49:46.522+05:30 DEBUG 2600 --- [aplus-kids-api] [   scheduling-1] org.hibernate.SQL                        : select kcwace1_0.id,kcwace1_0.access_token_encrypted,kcwace1_0.business_account_id,kcwace1_0.graph_api_version,kcwace1_0.last_test_message,kcwace1_0.last_test_status,kcwace1_0.last_tested_at,kcwace1_0.phone_number_id,kcwace1_0.updated_at from kids_champ_whatsapp_config kcwace1_0 where kcwace1_0.id=?
2026-08-13T19:49:47.538+05:30 DEBUG 2600 --- [aplus-kids-api] [   scheduling-1] org.hibernate.SQL                        : select kcwace1_0.id,kcwace1_0.access_token_encrypted,kcwace1_0.business_account_id,kcwace1_0.graph_api_version,kcwace1_0.last_test_message,kcwace1_0.last_test_status,kcwace1_0.last_tested_at,kcwace1_0.phone_number_id,kcwace1_0.updated_at from kids_champ_whatsapp_config kcwace1_0 where kcwace1_0.id=?
2026-08-13T19:49:48.558+05:30 DEBUG 2600 --- [aplus-kids-api] [   scheduling-1] org.hibernate.SQL                        : select kcwace1_0.id,kcwace1_0.access_token_encrypted,kcwace1_0.business_account_id,kcwace1_0.graph_api_version,kcwace1_0.last_test_message,kcwace1_0.last_test_status,kcwace1_0.last_tested_at,kcwace1_0.phone_number_id,kcwace1_0.updated_at from kids_champ_whatsapp_config kcwace1_0 where kcwace1_0.id=?
2026-08-13T19:49:49.571+05:30 DEBUG 2600 --- [aplus-kids-api] [   scheduling-1] org.hibernate.SQL                        : select kcwace1_0.id,kcwace1_0.access_token_encrypted,kcwace1_0.business_account_id,kcwace1_0.graph_api_version,kcwace1_0.last_test_message,kcwace1_0.last_test_status,kcwace1_0.last_tested_at,kcwace1_0.phone_number_id,kcwace1_0.updated_at from kids_champ_whatsapp_config kcwace1_0 where kcwace1_0.id=?
2026-08-13T19:49:50.584+05:30 DEBUG 2600 --- [aplus-kids-api] [   scheduling-1] org.hibernate.SQL                        : select kcwace1_0.id,kcwace1_0.access_token_encrypted,kcwace1_0.business_account_id,kcwace1_0.graph_api_version,kcwace1_0.last_test_message,kcwace1_0.last_test_status,kcwace1_0.last_tested_at,kcwace1_0.phone_number_id,kcwace1_0.updated_at from kids_champ_whatsapp_config kcwace1_0 where kcwace1_0.id=?
2026-08-13T19:49:51.603+05:30 DEBUG 2600 --- [aplus-kids-api] [   scheduling-1] org.hibernate.SQL                        : select kcwace1_0.id,kcwace1_0.access_token_encrypted,kcwace1_0.business_account_id,kcwace1_0.graph_api_version,kcwace1_0.last_test_message,kcwace1_0.last_test_status,kcwace1_0.last_tested_at,kcwace1_0.phone_number_id,kcwace1_0.updated_at from kids_champ_whatsapp_config kcwace1_0 where kcwace1_0.id=?
2026-08-13T19:49:52.616+05:30 DEBUG 2600 --- [aplus-kids-api] [   scheduling-1] org.hibernate.SQL                        : select kcwace1_0.id,kcwace1_0.access_token_encrypted,kcwace1_0.business_account_id,kcwace1_0.graph_api_version,kcwace1_0.last_test_message,kcwace1_0.last_test_status,kcwace1_0.last_tested_at,kcwace1_0.phone_number_id,kcwace1_0.updated_at from kids_champ_whatsapp_config kcwace1_0 where kcwace1_0.id=?
2026-08-13T19:49:53.621+05:30 DEBUG 2600 --- [aplus-kids-api] [   scheduling-1] org.hibernate.SQL                        : select kcwace1_0.id,kcwace1_0.access_token_encrypted,kcwace1_0.business_account_id,kcwace1_0.graph_api_version,kcwace1_0.last_test_message,kcwace1_0.last_test_status,kcwace1_0.last_tested_at,kcwace1_0.phone_number_id,kcwace1_0.updated_at from kids_champ_whatsapp_config kcwace1_0 where kcwace1_0.id=?
2026-08-13T19:49:54.638+05:30 DEBUG 2600 --- [aplus-kids-api] [   scheduling-1] org.hibernate.SQL                        : select kcwace1_0.id,kcwace1_0.access_token_encrypted,kcwace1_0.business_account_id,kcwace1_0.graph_api_version,kcwace1_0.last_test_message,kcwace1_0.last_test_status,kcwace1_0.last_tested_at,kcwace1_0.phone_number_id,kcwace1_0.updated_at from kids_champ_whatsapp_config kcwace1_0 where kcwace1_0.id=?
2026-08-13T19:49:54.789+05:30 DEBUG 2600 --- [aplus-kids-api] [nio-8081-exec-9] o.s.web.servlet.DispatcherServlet        : GET "/api/v1/health", parameters={}
2026-08-13T19:49:54.789+05:30 DEBUG 2600 --- [aplus-kids-api] [nio-8081-exec-9] s.w.s.m.m.a.RequestMappingHandlerMapping : Mapped to lk.apluskids.platform.common.DatabaseHealthController#health()
2026-08-13T19:49:54.789+05:30 DEBUG 2600 --- [aplus-kids-api] [nio-8081-exec-9] o.s.jdbc.core.JdbcTemplate               : Executing SQL query [SELECT 1]
2026-08-13T19:49:54.789+05:30 DEBUG 2600 --- [aplus-kids-api] [nio-8081-exec-9] m.m.a.RequestResponseBodyMethodProcessor : Using 'application/json', given [*/*] and supported [application/json, application/*+json]
2026-08-13T19:49:54.789+05:30 DEBUG 2600 --- [aplus-kids-api] [nio-8081-exec-9] m.m.a.RequestResponseBodyMethodProcessor : Writing [HealthResponse[status=UP]]
2026-08-13T19:49:54.805+05:30 DEBUG 2600 --- [aplus-kids-api] [nio-8081-exec-9] o.s.web.servlet.DispatcherServlet        : Completed 200 OK
2026-08-13T19:49:54.817+05:30 DEBUG 2600 --- [aplus-kids-api] [nio-8081-exec-8] org.hibernate.SQL                        : select ue1_0.id,ue1_0.account_holder_name,ue1_0.created_at,ue1_0.credentials_changed_at,ue1_0.deleted_at,ue1_0.email,ue1_0.email_verified_at,ue1_0.failed_login_count,ue1_0.last_login_at,ue1_0.locked_until,ue1_0.password_hash,ue1_0.phone_e164,ue1_0.phone_verified_at,ue1_0.public_id,ue1_0.status,ue1_0.updated_at,ue1_0.version from users ue1_0 where ue1_0.public_id=?
2026-08-13T19:49:54.819+05:30 DEBUG 2600 --- [aplus-kids-api] [nio-8081-exec-8] org.hibernate.SQL                        : select r1_0.user_id,r1_1.id,r1_1.created_at,r1_1.description,r1_1.name from user_roles r1_0 join roles r1_1 on r1_1.id=r1_0.role_id where r1_0.user_id=?
2026-08-13T19:49:54.822+05:30 DEBUG 2600 --- [aplus-kids-api] [nio-8081-exec-8] o.s.web.servlet.DispatcherServlet        : GET "/api/v1/admin/kids-champ/overview", parameters={}
2026-08-13T19:49:54.824+05:30 DEBUG 2600 --- [aplus-kids-api] [nio-8081-exec-8] s.w.s.m.m.a.RequestMappingHandlerMapping : Mapped to lk.apluskids.platform.kidschamp.KidsChampAdminController#overview(JwtAuthenticationToken)
2026-08-13T19:49:54.824+05:30 DEBUG 2600 --- [aplus-kids-api] [nio-8081-exec-8] org.hibernate.SQL                        : select kcse1_0.id,kcse1_0.age_at_submission,kcse1_0.assigned_reviewer_user_id,kcse1_0.batch_id,kcse1_0.category,kcse1_0.child_name,cp1_0.id,cp1_0.address,cp1_0.country_code,cp1_0.created_at,cp1_0.date_of_birth,cp1_0.deleted_at,cp1_0.full_name,cp1_0.gender,cp1_0.hometown,cp1_0.province,cp1_0.public_id,cp1_0.updated_at,cp1_0.user_id,cp1_0.version,kcse1_0.consent_accepted_at,kcse1_0.country_code,kcse1_0.date_of_birth,kcse1_0.deleted_at,kcse1_0.deleted_by_user_id,kcse1_0.email,kcse1_0.file_size,kcse1_0.file_status,gc1_0.id,gc1_0.claimed_at,gc1_0.claimed_by_user_id,gc1_0.country_code,gc1_0.deleted_at,gc1_0.email,gc1_0.first_submitted_at,gc1_0.hometown,gc1_0.last_submitted_at,gc1_0.parent_name,gc1_0.phone_e164,gc1_0.province,gc1_0.public_id,gc1_0.submission_count,gp1_0.id,gp1_0.child_name,gp1_0.guest_contact_id,c1_0.id,c1_0.claimed_at,c1_0.claimed_by_user_id,c1_0.country_code,c1_0.deleted_at,c1_0.email,c1_0.first_submitted_at,c1_0.hometown,c1_0.last_submitted_at,c1_0.parent_name,c1_0.phone_e164,c1_0.province,c1_0.public_id,c1_0.submission_count,gp1_0.created_at,gp1_0.date_of_birth,gp1_0.hometown,gp1_0.merge_reason,gp1_0.merged_at,gp1_0.merged_by_user_id,gp1_0.merged_into_reference,gp1_0.merged_into_type,gp1_0.normalized_child_name,gp1_0.province,gp1_0.public_id,gp1_0.updated_at,gp1_0.version,kcse1_0.hometown,kcse1_0.internal_note,kcse1_0.last_participant_merge_id,kcse1_0.media_type,kcse1_0.original_filename,kcse1_0.parent_name,kcse1_0.phone_e164,kcse1_0.photo_deleted_at,kcse1_0.previewed_at,kcse1_0.province,kcse1_0.public_id,kcse1_0.rejection_reason,kcse1_0.review_status,kcse1_0.reviewed_at,kcse1_0.reviewed_by_user_id,kcse1_0.stored_filename,kcse1_0.submitted_at,kcse1_0.telecast_status,kcse1_0.tracking_code,u2_0.id,u2_0.account_holder_name,u2_0.created_at,u2_0.credentials_changed_at,u2_0.deleted_at,u2_0.email,u2_0.email_verified_at,u2_0.failed_login_count,u2_0.last_login_at,u2_0.locked_until,u2_0.password_hash,u2_0.phone_e164,u2_0.phone_verified_at,u2_0.public_id,u2_0.status,u2_0.updated_at,u2_0.version,kcse1_0.version,kcse1_0.whatsapp_consent_at,kcse1_0.work_description,kcse1_0.work_title from kids_champ_submissions kcse1_0 left join child_profiles cp1_0 on cp1_0.id=kcse1_0.child_profile_id left join kids_champ_guest_contacts gc1_0 on gc1_0.id=kcse1_0.guest_contact_id left join kids_champ_guest_participants gp1_0 on gp1_0.id=kcse1_0.guest_participant_id left join kids_champ_guest_contacts c1_0 on c1_0.id=gp1_0.guest_contact_id left join users u2_0 on u2_0.id=kcse1_0.user_id where kcse1_0.deleted_at is null order by kcse1_0.submitted_at desc
2026-08-13T19:49:54.887+05:30 DEBUG 2600 --- [aplus-kids-api] [nio-8081-exec-8] org.hibernate.SQL                        : select kcwape1_0.participant_reference,kcwape1_0.opted_in_at,kcwape1_0.opted_out_at,kcwape1_0.reason,kcwape1_0.source,kcwape1_0.status,kcwape1_0.updated_at,kcwape1_0.updated_by_user_id from kids_champ_whatsapp_preferences kcwape1_0
2026-08-13T19:49:54.903+05:30 DEBUG 2600 --- [aplus-kids-api] [nio-8081-exec-8] org.hibernate.SQL                        : select kcse1_0.id,kcse1_0.age_at_submission,kcse1_0.assigned_reviewer_user_id,kcse1_0.batch_id,kcse1_0.category,kcse1_0.child_name,cp1_0.id,cp1_0.address,cp1_0.country_code,cp1_0.created_at,cp1_0.date_of_birth,cp1_0.deleted_at,cp1_0.full_name,cp1_0.gender,cp1_0.hometown,cp1_0.province,cp1_0.public_id,cp1_0.updated_at,cp1_0.user_id,cp1_0.version,kcse1_0.consent_accepted_at,kcse1_0.country_code,kcse1_0.date_of_birth,kcse1_0.deleted_at,kcse1_0.deleted_by_user_id,kcse1_0.email,kcse1_0.file_size,kcse1_0.file_status,gc1_0.id,gc1_0.claimed_at,gc1_0.claimed_by_user_id,gc1_0.country_code,gc1_0.deleted_at,gc1_0.email,gc1_0.first_submitted_at,gc1_0.hometown,gc1_0.last_submitted_at,gc1_0.parent_name,gc1_0.phone_e164,gc1_0.province,gc1_0.public_id,gc1_0.submission_count,gp1_0.id,gp1_0.child_name,gp1_0.guest_contact_id,c1_0.id,c1_0.claimed_at,c1_0.claimed_by_user_id,c1_0.country_code,c1_0.deleted_at,c1_0.email,c1_0.first_submitted_at,c1_0.hometown,c1_0.last_submitted_at,c1_0.parent_name,c1_0.phone_e164,c1_0.province,c1_0.public_id,c1_0.submission_count,gp1_0.created_at,gp1_0.date_of_birth,gp1_0.hometown,gp1_0.merge_reason,gp1_0.merged_at,gp1_0.merged_by_user_id,gp1_0.merged_into_reference,gp1_0.merged_into_type,gp1_0.normalized_child_name,gp1_0.province,gp1_0.public_id,gp1_0.updated_at,gp1_0.version,kcse1_0.hometown,kcse1_0.internal_note,kcse1_0.last_participant_merge_id,kcse1_0.media_type,kcse1_0.original_filename,kcse1_0.parent_name,kcse1_0.phone_e164,kcse1_0.photo_deleted_at,kcse1_0.previewed_at,kcse1_0.province,kcse1_0.public_id,kcse1_0.rejection_reason,kcse1_0.review_status,kcse1_0.reviewed_at,kcse1_0.reviewed_by_user_id,kcse1_0.stored_filename,kcse1_0.submitted_at,kcse1_0.telecast_status,kcse1_0.tracking_code,u2_0.id,u2_0.account_holder_name,u2_0.created_at,u2_0.credentials_changed_at,u2_0.deleted_at,u2_0.email,u2_0.email_verified_at,u2_0.failed_login_count,u2_0.last_login_at,u2_0.locked_until,u2_0.password_hash,u2_0.phone_e164,u2_0.phone_verified_at,u2_0.public_id,u2_0.status,u2_0.updated_at,u2_0.version,kcse1_0.version,kcse1_0.whatsapp_consent_at,kcse1_0.work_description,kcse1_0.work_title from kids_champ_submissions kcse1_0 left join child_profiles cp1_0 on cp1_0.id=kcse1_0.child_profile_id left join kids_champ_guest_contacts gc1_0 on gc1_0.id=kcse1_0.guest_contact_id left join kids_champ_guest_participants gp1_0 on gp1_0.id=kcse1_0.guest_participant_id left join kids_champ_guest_contacts c1_0 on c1_0.id=gp1_0.guest_contact_id left join users u2_0 on u2_0.id=kcse1_0.user_id where kcse1_0.deleted_at is null order by kcse1_0.submitted_at desc
2026-08-13T19:49:54.939+05:30 DEBUG 2600 --- [aplus-kids-api] [nio-8081-exec-8] org.hibernate.SQL                        : select kcbe1_0.id,kcbe1_0.alternate_telecast_date,kcbe1_0.archive_path,kcbe1_0.batch_code,kcbe1_0.cleanup_failure_count,kcbe1_0.cleanup_pending,kcbe1_0.created_at,kcbe1_0.created_by_user_id,kcbe1_0.delete_after,kcbe1_0.deleted_at,kcbe1_0.deleted_by_user_id,kcbe1_0.edited_at,kcbe1_0.first_downloaded_at,kcbe1_0.last_cleanup_attempt_at,kcbe1_0.photo_count,kcbe1_0.public_id,kcbe1_0.purged_at,kcbe1_0.retention_days,kcbe1_0.status,kcbe1_0.telecast_completed_at,kcbe1_0.telecast_date,kcbe1_0.version,kcbe1_0.warning_days from kids_champ_batches kcbe1_0 order by kcbe1_0.created_at desc,kcbe1_0.id desc
2026-08-13T19:49:54.946+05:30 DEBUG 2600 --- [aplus-kids-api] [nio-8081-exec-8] m.m.a.RequestResponseBodyMethodProcessor : Using 'application/json', given [*/*] and supported [application/json, application/*+json]
2026-08-13T19:49:54.946+05:30 DEBUG 2600 --- [aplus-kids-api] [nio-8081-exec-8] m.m.a.RequestResponseBodyMethodProcessor : Writing [OverviewResponse[totalSubmissions=1237, newToday=0, pendingReviews=40, approved=1197, selectedForTv= (truncated)...]
2026-08-13T19:49:54.948+05:30 DEBUG 2600 --- [aplus-kids-api] [nio-8081-exec-8] o.s.web.servlet.DispatcherServlet        : Completed 200 OK
2026-08-13T19:49:55.658+05:30 DEBUG 2600 --- [aplus-kids-api] [   scheduling-1] org.hibernate.SQL                        : select kcwace1_0.id,kcwace1_0.access_token_encrypted,kcwace1_0.business_account_id,kcwace1_0.graph_api_version,kcwace1_0.last_test_message,kcwace1_0.last_test_status,kcwace1_0.last_tested_at,kcwace1_0.phone_number_id,kcwace1_0.updated_at from kids_champ_whatsapp_config kcwace1_0 where kcwace1_0.id=?
2026-08-13T19:49:56.672+05:30 DEBUG 2600 --- [aplus-kids-api] [   scheduling-1] org.hibernate.SQL                        : select kcwace1_0.id,kcwace1_0.access_token_encrypted,kcwace1_0.business_account_id,kcwace1_0.graph_api_version,kcwace1_0.last_test_message,kcwace1_0.last_test_status,kcwace1_0.last_tested_at,kcwace1_0.phone_number_id,kcwace1_0.updated_at from kids_champ_whatsapp_config kcwace1_0 where kcwace1_0.id=?
2026-08-13T19:49:57.683+05:30 DEBUG 2600 --- [aplus-kids-api] [   scheduling-1] org.hibernate.SQL                        : select kcwace1_0.id,kcwace1_0.access_token_encrypted,kcwace1_0.business_account_id,kcwace1_0.graph_api_version,kcwace1_0.last_test_message,kcwace1_0.last_test_status,kcwace1_0.last_tested_at,kcwace1_0.phone_number_id,kcwace1_0.updated_at from kids_champ_whatsapp_config kcwace1_0 where kcwace1_0.id=?
2026-08-13T19:49:58.689+05:30 DEBUG 2600 --- [aplus-kids-api] [   scheduling-1] org.hibernate.SQL                        : select kcwace1_0.id,kcwace1_0.access_token_encrypted,kcwace1_0.business_account_id,kcwace1_0.graph_api_version,kcwace1_0.last_test_message,kcwace1_0.last_test_status,kcwace1_0.last_tested_at,kcwace1_0.phone_number_id,kcwace1_0.updated_at from kids_champ_whatsapp_config kcwace1_0 where kcwace1_0.id=?
2026-08-13T19:49:59.702+05:30 DEBUG 2600 --- [aplus-kids-api] [   scheduling-1] org.hibernate.SQL                        : select kcwace1_0.id,kcwace1_0.access_token_encrypted,kcwace1_0.business_account_id,kcwace1_0.graph_api_version,kcwace1_0.last_test_message,kcwace1_0.last_test_status,kcwace1_0.last_tested_at,kcwace1_0.phone_number_id,kcwace1_0.updated_at from kids_champ_whatsapp_config kcwace1_0 where kcwace1_0.id=?
2026-08-13T19:50:00.005+05:30 DEBUG 2600 --- [aplus-kids-api] [   scheduling-1] org.hibernate.SQL                        : select ue1_0.id,ue1_0.account_holder_name,ue1_0.created_at,ue1_0.credentials_changed_at,ue1_0.deleted_at,ue1_0.email,ue1_0.email_verified_at,ue1_0.failed_login_count,ue1_0.last_login_at,ue1_0.locked_until,ue1_0.password_hash,ue1_0.phone_e164,ue1_0.phone_verified_at,ue1_0.public_id,ue1_0.status,ue1_0.updated_at,ue1_0.version from users ue1_0
2026-08-13T19:50:00.008+05:30 DEBUG 2600 --- [aplus-kids-api] [   scheduling-1] org.hibernate.SQL                        : select r1_0.user_id,r1_1.id,r1_1.created_at,r1_1.description,r1_1.name from user_roles r1_0 join roles r1_1 on r1_1.id=r1_0.role_id where r1_0.user_id=?
2026-08-13T19:50:00.008+05:30 DEBUG 2600 --- [aplus-kids-api] [   scheduling-1] org.hibernate.SQL                        : select r1_0.user_id,r1_1.id,r1_1.created_at,r1_1.description,r1_1.name from user_roles r1_0 join roles r1_1 on r1_1.id=r1_0.role_id where r1_0.user_id=?
2026-08-13T19:50:00.010+05:30 DEBUG 2600 --- [aplus-kids-api] [   scheduling-1] org.hibernate.SQL                        : select r1_0.user_id,r1_1.id,r1_1.created_at,r1_1.description,r1_1.name from user_roles r1_0 join roles r1_1 on r1_1.id=r1_0.role_id where r1_0.user_id=?
2026-08-13T19:50:00.010+05:30 DEBUG 2600 --- [aplus-kids-api] [   scheduling-1] org.hibernate.SQL                        : select r1_0.user_id,r1_1.id,r1_1.created_at,r1_1.description,r1_1.name from user_roles r1_0 join roles r1_1 on r1_1.id=r1_0.role_id where r1_0.user_id=?
2026-08-13T19:50:00.010+05:30 DEBUG 2600 --- [aplus-kids-api] [   scheduling-1] org.hibernate.SQL                        : select r1_0.user_id,r1_1.id,r1_1.created_at,r1_1.description,r1_1.name from user_roles r1_0 join roles r1_1 on r1_1.id=r1_0.role_id where r1_0.user_id=?
2026-08-13T19:50:00.010+05:30 DEBUG 2600 --- [aplus-kids-api] [   scheduling-1] org.hibernate.SQL                        : select r1_0.user_id,r1_1.id,r1_1.created_at,r1_1.description,r1_1.name from user_roles r1_0 join roles r1_1 on r1_1.id=r1_0.role_id where r1_0.user_id=?
2026-08-13T19:50:00.017+05:30 DEBUG 2600 --- [aplus-kids-api] [         task-7] org.hibernate.SQL                        : select kcse1_0.id,kcse1_0.active_zip_started_at,kcse1_0.active_zip_target_size,kcse1_0.allowed_file_types,kcse1_0.campaign_limit,kcse1_0.categories,kcse1_0.daily_telecast_limit,kcse1_0.default_message,kcse1_0.default_telecast_time,kcse1_0.frequent_participant_threshold,kcse1_0.max_file_size_mb,kcse1_0.maximum_age,kcse1_0.minimum_age,kcse1_0.require_whatsapp_consent,kcse1_0.updated_at,kcse1_0.updated_by_user_id,kcse1_0.zip_batch_size,kcse1_0.zip_expiry_days,kcse1_0.zip_warning_days from kids_champ_settings kcse1_0 where kcse1_0.id=? for no key update of kcse1_0
2026-08-13T19:50:00.017+05:30 DEBUG 2600 --- [aplus-kids-api] [         task-7] org.hibernate.SQL                        : select kcse1_0.id,kcse1_0.age_at_submission,kcse1_0.assigned_reviewer_user_id,kcse1_0.batch_id,kcse1_0.category,kcse1_0.child_name,kcse1_0.child_profile_id,kcse1_0.consent_accepted_at,kcse1_0.country_code,kcse1_0.date_of_birth,kcse1_0.deleted_at,kcse1_0.deleted_by_user_id,kcse1_0.email,kcse1_0.file_size,kcse1_0.file_status,kcse1_0.guest_contact_id,kcse1_0.guest_participant_id,kcse1_0.hometown,kcse1_0.internal_note,kcse1_0.last_participant_merge_id,kcse1_0.media_type,kcse1_0.original_filename,kcse1_0.parent_name,kcse1_0.phone_e164,kcse1_0.photo_deleted_at,kcse1_0.previewed_at,kcse1_0.province,kcse1_0.public_id,kcse1_0.rejection_reason,kcse1_0.review_status,kcse1_0.reviewed_at,kcse1_0.reviewed_by_user_id,kcse1_0.stored_filename,kcse1_0.submitted_at,kcse1_0.telecast_status,kcse1_0.tracking_code,kcse1_0.user_id,kcse1_0.version,kcse1_0.whatsapp_consent_at,kcse1_0.work_description,kcse1_0.work_title from kids_champ_submissions kcse1_0 where kcse1_0.review_status=? and kcse1_0.batch_id is null and kcse1_0.deleted_at is null and kcse1_0.photo_deleted_at is null and kcse1_0.stored_filename is not null order by kcse1_0.submitted_at,kcse1_0.id fetch first ? rows only for no key update of kcse1_0
2026-08-13T19:50:00.721+05:30 DEBUG 2600 --- [aplus-kids-api] [   scheduling-1] org.hibernate.SQL                        : select kcwace1_0.id,kcwace1_0.access_token_encrypted,kcwace1_0.business_account_id,kcwace1_0.graph_api_version,kcwace1_0.last_test_message,kcwace1_0.last_test_status,kcwace1_0.last_tested_at,kcwace1_0.phone_number_id,kcwace1_0.updated_at from kids_champ_whatsapp_config kcwace1_0 where kcwace1_0.id=?
2026-08-13T19:50:01.733+05:30 DEBUG 2600 --- [aplus-kids-api] [   scheduling-1] org.hibernate.SQL                        : select kcwace1_0.id,kcwace1_0.access_token_encrypted,kcwace1_0.business_account_id,kcwace1_0.graph_api_version,kcwace1_0.last_test_message,kcwace1_0.last_test_status,kcwace1_0.last_tested_at,kcwace1_0.phone_number_id,kcwace1_0.updated_at from kids_champ_whatsapp_config kcwace1_0 where kcwace1_0.id=?
2026-08-13T19:50:02.742+05:30 DEBUG 2600 --- [aplus-kids-api] [   scheduling-1] org.hibernate.SQL                        : select kcwace1_0.id,kcwace1_0.access_token_encrypted,kcwace1_0.business_account_id,kcwace1_0.graph_api_version,kcwace1_0.last_test_message,kcwace1_0.last_test_status,kcwace1_0.last_tested_at,kcwace1_0.phone_number_id,kcwace1_0.updated_at from kids_champ_whatsapp_config kcwace1_0 where kcwace1_0.id=?
2026-08-13T19:50:03.749+05:30 DEBUG 2600 --- [aplus-kids-api] [   scheduling-1] org.hibernate.SQL                        : select kcwace1_0.id,kcwace1_0.access_token_encrypted,kcwace1_0.business_account_id,kcwace1_0.graph_api_version,kcwace1_0.last_test_message,kcwace1_0.last_test_status,kcwace1_0.last_tested_at,kcwace1_0.phone_number_id,kcwace1_0.updated_at from kids_champ_whatsapp_config kcwace1_0 where kcwace1_0.id=?
2026-08-13T19:50:04.755+05:30 DEBUG 2600 --- [aplus-kids-api] [   scheduling-1] org.hibernate.SQL                        : select kcwace1_0.id,kcwace1_0.access_token_encrypted,kcwace1_0.business_account_id,kcwace1_0.graph_api_version,kcwace1_0.last_test_message,kcwace1_0.last_test_status,kcwace1_0.last_tested_at,kcwace1_0.phone_number_id,kcwace1_0.updated_at from kids_champ_whatsapp_config kcwace1_0 where kcwace1_0.id=?
2026-08-13T19:50:05.772+05:30 DEBUG 2600 --- [aplus-kids-api] [   scheduling-1] org.hibernate.SQL                        : select kcwace1_0.id,kcwace1_0.access_token_encrypted,kcwace1_0.business_account_id,kcwace1_0.graph_api_version,kcwace1_0.last_test_message,kcwace1_0.last_test_status,kcwace1_0.last_tested_at,kcwace1_0.phone_number_id,kcwace1_0.updated_at from kids_champ_whatsapp_config kcwace1_0 where kcwace1_0.id=?
2026-08-13T19:50:06.786+05:30 DEBUG 2600 --- [aplus-kids-api] [   scheduling-1] org.hibernate.SQL                        : select kcwace1_0.id,kcwace1_0.access_token_encrypted,kcwace1_0.business_account_id,kcwace1_0.graph_api_version,kcwace1_0.last_test_message,kcwace1_0.last_test_status,kcwace1_0.last_tested_at,kcwace1_0.phone_number_id,kcwace1_0.updated_at from kids_champ_whatsapp_config kcwace1_0 where kcwace1_0.id=?
2026-08-13T19:50:07.791+05:30 DEBUG 2600 --- [aplus-kids-api] [   scheduling-1] org.hibernate.SQL                        : select kcwace1_0.id,kcwace1_0.access_token_encrypted,kcwace1_0.business_account_id,kcwace1_0.graph_api_version,kcwace1_0.last_test_message,kcwace1_0.last_test_status,kcwace1_0.last_tested_at,kcwace1_0.phone_number_id,kcwace1_0.updated_at from kids_champ_whatsapp_config kcwace1_0 where kcwace1_0.id=?
2026-08-13T19:50:08.802+05:30 DEBUG 2600 --- [aplus-kids-api] [   scheduling-1] org.hibernate.SQL                        : select kcwace1_0.id,kcwace1_0.access_token_encrypted,kcwace1_0.business_account_id,kcwace1_0.graph_api_version,kcwace1_0.last_test_message,kcwace1_0.last_test_status,kcwace1_0.last_tested_at,kcwace1_0.phone_number_id,kcwace1_0.updated_at from kids_champ_whatsapp_config kcwace1_0 where kcwace1_0.id=?
2026-08-13T19:50:09.781+05:30 DEBUG 2600 --- [aplus-kids-api] [nio-8081-exec-4] o.s.web.servlet.DispatcherServlet        : GET "/api/v1/health", parameters={}
2026-08-13T19:50:09.783+05:30 DEBUG 2600 --- [aplus-kids-api] [nio-8081-exec-4] s.w.s.m.m.a.RequestMappingHandlerMapping : Mapped to lk.apluskids.platform.common.DatabaseHealthController#health()
2026-08-13T19:50:09.783+05:30 DEBUG 2600 --- [aplus-kids-api] [nio-8081-exec-4] o.s.jdbc.core.JdbcTemplate               : Executing SQL query [SELECT 1]
2026-08-13T19:50:09.785+05:30 DEBUG 2600 --- [aplus-kids-api] [nio-8081-exec-4] m.m.a.RequestResponseBodyMethodProcessor : Using 'application/json', given [*/*] and supported [application/json, application/*+json]
2026-08-13T19:50:09.786+05:30 DEBUG 2600 --- [aplus-kids-api] [nio-8081-exec-4] m.m.a.RequestResponseBodyMethodProcessor : Writing [HealthResponse[status=UP]]
2026-08-13T19:50:09.787+05:30 DEBUG 2600 --- [aplus-kids-api] [nio-8081-exec-4] o.s.web.servlet.DispatcherServlet        : Completed 200 OK
2026-08-13T19:50:09.794+05:30 DEBUG 2600 --- [aplus-kids-api] [nio-8081-exec-7] org.hibernate.SQL                        : select ue1_0.id,ue1_0.account_holder_name,ue1_0.created_at,ue1_0.credentials_changed_at,ue1_0.deleted_at,ue1_0.email,ue1_0.email_verified_at,ue1_0.failed_login_count,ue1_0.last_login_at,ue1_0.locked_until,ue1_0.password_hash,ue1_0.phone_e164,ue1_0.phone_verified_at,ue1_0.public_id,ue1_0.status,ue1_0.updated_at,ue1_0.version from users ue1_0 where ue1_0.public_id=?
2026-08-13T19:50:09.796+05:30 DEBUG 2600 --- [aplus-kids-api] [nio-8081-exec-7] org.hibernate.SQL                        : select r1_0.user_id,r1_1.id,r1_1.created_at,r1_1.description,r1_1.name from user_roles r1_0 join roles r1_1 on r1_1.id=r1_0.role_id where r1_0.user_id=?
2026-08-13T19:50:09.798+05:30 DEBUG 2600 --- [aplus-kids-api] [nio-8081-exec-7] o.s.web.servlet.DispatcherServlet        : GET "/api/v1/admin/kids-champ/overview", parameters={}
2026-08-13T19:50:09.799+05:30 DEBUG 2600 --- [aplus-kids-api] [nio-8081-exec-7] s.w.s.m.m.a.RequestMappingHandlerMapping : Mapped to lk.apluskids.platform.kidschamp.KidsChampAdminController#overview(JwtAuthenticationToken)
2026-08-13T19:50:09.801+05:30 DEBUG 2600 --- [aplus-kids-api] [nio-8081-exec-7] org.hibernate.SQL                        : select kcse1_0.id,kcse1_0.age_at_submission,kcse1_0.assigned_reviewer_user_id,kcse1_0.batch_id,kcse1_0.category,kcse1_0.child_name,cp1_0.id,cp1_0.address,cp1_0.country_code,cp1_0.created_at,cp1_0.date_of_birth,cp1_0.deleted_at,cp1_0.full_name,cp1_0.gender,cp1_0.hometown,cp1_0.province,cp1_0.public_id,cp1_0.updated_at,cp1_0.user_id,cp1_0.version,kcse1_0.consent_accepted_at,kcse1_0.country_code,kcse1_0.date_of_birth,kcse1_0.deleted_at,kcse1_0.deleted_by_user_id,kcse1_0.email,kcse1_0.file_size,kcse1_0.file_status,gc1_0.id,gc1_0.claimed_at,gc1_0.claimed_by_user_id,gc1_0.country_code,gc1_0.deleted_at,gc1_0.email,gc1_0.first_submitted_at,gc1_0.hometown,gc1_0.last_submitted_at,gc1_0.parent_name,gc1_0.phone_e164,gc1_0.province,gc1_0.public_id,gc1_0.submission_count,gp1_0.id,gp1_0.child_name,gp1_0.guest_contact_id,c1_0.id,c1_0.claimed_at,c1_0.claimed_by_user_id,c1_0.country_code,c1_0.deleted_at,c1_0.email,c1_0.first_submitted_at,c1_0.hometown,c1_0.last_submitted_at,c1_0.parent_name,c1_0.phone_e164,c1_0.province,c1_0.public_id,c1_0.submission_count,gp1_0.created_at,gp1_0.date_of_birth,gp1_0.hometown,gp1_0.merge_reason,gp1_0.merged_at,gp1_0.merged_by_user_id,gp1_0.merged_into_reference,gp1_0.merged_into_type,gp1_0.normalized_child_name,gp1_0.province,gp1_0.public_id,gp1_0.updated_at,gp1_0.version,kcse1_0.hometown,kcse1_0.internal_note,kcse1_0.last_participant_merge_id,kcse1_0.media_type,kcse1_0.original_filename,kcse1_0.parent_name,kcse1_0.phone_e164,kcse1_0.photo_deleted_at,kcse1_0.previewed_at,kcse1_0.province,kcse1_0.public_id,kcse1_0.rejection_reason,kcse1_0.review_status,kcse1_0.reviewed_at,kcse1_0.reviewed_by_user_id,kcse1_0.stored_filename,kcse1_0.submitted_at,kcse1_0.telecast_status,kcse1_0.tracking_code,u2_0.id,u2_0.account_holder_name,u2_0.created_at,u2_0.credentials_changed_at,u2_0.deleted_at,u2_0.email,u2_0.email_verified_at,u2_0.failed_login_count,u2_0.last_login_at,u2_0.locked_until,u2_0.password_hash,u2_0.phone_e164,u2_0.phone_verified_at,u2_0.public_id,u2_0.status,u2_0.updated_at,u2_0.version,kcse1_0.version,kcse1_0.whatsapp_consent_at,kcse1_0.work_description,kcse1_0.work_title from kids_champ_submissions kcse1_0 left join child_profiles cp1_0 on cp1_0.id=kcse1_0.child_profile_id left join kids_champ_guest_contacts gc1_0 on gc1_0.id=kcse1_0.guest_contact_id left join kids_champ_guest_participants gp1_0 on gp1_0.id=kcse1_0.guest_participant_id left join kids_champ_guest_contacts c1_0 on c1_0.id=gp1_0.guest_contact_id left join users u2_0 on u2_0.id=kcse1_0.user_id where kcse1_0.deleted_at is null order by kcse1_0.submitted_at desc
2026-08-13T19:50:09.807+05:30 DEBUG 2600 --- [aplus-kids-api] [   scheduling-1] org.hibernate.SQL                        : select kcwace1_0.id,kcwace1_0.access_token_encrypted,kcwace1_0.business_account_id,kcwace1_0.graph_api_version,kcwace1_0.last_test_message,kcwace1_0.last_test_status,kcwace1_0.last_tested_at,kcwace1_0.phone_number_id,kcwace1_0.updated_at from kids_champ_whatsapp_config kcwace1_0 where kcwace1_0.id=?
2026-08-13T19:50:09.863+05:30 DEBUG 2600 --- [aplus-kids-api] [nio-8081-exec-7] org.hibernate.SQL                        : select kcwape1_0.participant_reference,kcwape1_0.opted_in_at,kcwape1_0.opted_out_at,kcwape1_0.reason,kcwape1_0.source,kcwape1_0.status,kcwape1_0.updated_at,kcwape1_0.updated_by_user_id from kids_champ_whatsapp_preferences kcwape1_0
2026-08-13T19:50:09.874+05:30 DEBUG 2600 --- [aplus-kids-api] [nio-8081-exec-7] org.hibernate.SQL                        : select kcse1_0.id,kcse1_0.age_at_submission,kcse1_0.assigned_reviewer_user_id,kcse1_0.batch_id,kcse1_0.category,kcse1_0.child_name,cp1_0.id,cp1_0.address,cp1_0.country_code,cp1_0.created_at,cp1_0.date_of_birth,cp1_0.deleted_at,cp1_0.full_name,cp1_0.gender,cp1_0.hometown,cp1_0.province,cp1_0.public_id,cp1_0.updated_at,cp1_0.user_id,cp1_0.version,kcse1_0.consent_accepted_at,kcse1_0.country_code,kcse1_0.date_of_birth,kcse1_0.deleted_at,kcse1_0.deleted_by_user_id,kcse1_0.email,kcse1_0.file_size,kcse1_0.file_status,gc1_0.id,gc1_0.claimed_at,gc1_0.claimed_by_user_id,gc1_0.country_code,gc1_0.deleted_at,gc1_0.email,gc1_0.first_submitted_at,gc1_0.hometown,gc1_0.last_submitted_at,gc1_0.parent_name,gc1_0.phone_e164,gc1_0.province,gc1_0.public_id,gc1_0.submission_count,gp1_0.id,gp1_0.child_name,gp1_0.guest_contact_id,c1_0.id,c1_0.claimed_at,c1_0.claimed_by_user_id,c1_0.country_code,c1_0.deleted_at,c1_0.email,c1_0.first_submitted_at,c1_0.hometown,c1_0.last_submitted_at,c1_0.parent_name,c1_0.phone_e164,c1_0.province,c1_0.public_id,c1_0.submission_count,gp1_0.created_at,gp1_0.date_of_birth,gp1_0.hometown,gp1_0.merge_reason,gp1_0.merged_at,gp1_0.merged_by_user_id,gp1_0.merged_into_reference,gp1_0.merged_into_type,gp1_0.normalized_child_name,gp1_0.province,gp1_0.public_id,gp1_0.updated_at,gp1_0.version,kcse1_0.hometown,kcse1_0.internal_note,kcse1_0.last_participant_merge_id,kcse1_0.media_type,kcse1_0.original_filename,kcse1_0.parent_name,kcse1_0.phone_e164,kcse1_0.photo_deleted_at,kcse1_0.previewed_at,kcse1_0.province,kcse1_0.public_id,kcse1_0.rejection_reason,kcse1_0.review_status,kcse1_0.reviewed_at,kcse1_0.reviewed_by_user_id,kcse1_0.stored_filename,kcse1_0.submitted_at,kcse1_0.telecast_status,kcse1_0.tracking_code,u2_0.id,u2_0.account_holder_name,u2_0.created_at,u2_0.credentials_changed_at,u2_0.deleted_at,u2_0.email,u2_0.email_verified_at,u2_0.failed_login_count,u2_0.last_login_at,u2_0.locked_until,u2_0.password_hash,u2_0.phone_e164,u2_0.phone_verified_at,u2_0.public_id,u2_0.status,u2_0.updated_at,u2_0.version,kcse1_0.version,kcse1_0.whatsapp_consent_at,kcse1_0.work_description,kcse1_0.work_title from kids_champ_submissions kcse1_0 left join child_profiles cp1_0 on cp1_0.id=kcse1_0.child_profile_id left join kids_champ_guest_contacts gc1_0 on gc1_0.id=kcse1_0.guest_contact_id left join kids_champ_guest_participants gp1_0 on gp1_0.id=kcse1_0.guest_participant_id left join kids_champ_guest_contacts c1_0 on c1_0.id=gp1_0.guest_contact_id left join users u2_0 on u2_0.id=kcse1_0.user_id where kcse1_0.deleted_at is null order by kcse1_0.submitted_at desc
2026-08-13T19:50:09.889+05:30 DEBUG 2600 --- [aplus-kids-api] [nio-8081-exec-7] org.hibernate.SQL                        : select kcbe1_0.id,kcbe1_0.alternate_telecast_date,kcbe1_0.archive_path,kcbe1_0.batch_code,kcbe1_0.cleanup_failure_count,kcbe1_0.cleanup_pending,kcbe1_0.created_at,kcbe1_0.created_by_user_id,kcbe1_0.delete_after,kcbe1_0.deleted_at,kcbe1_0.deleted_by_user_id,kcbe1_0.edited_at,kcbe1_0.first_downloaded_at,kcbe1_0.last_cleanup_attempt_at,kcbe1_0.photo_count,kcbe1_0.public_id,kcbe1_0.purged_at,kcbe1_0.retention_days,kcbe1_0.status,kcbe1_0.telecast_completed_at,kcbe1_0.telecast_date,kcbe1_0.version,kcbe1_0.warning_days from kids_champ_batches kcbe1_0 order by kcbe1_0.created_at desc,kcbe1_0.id desc
2026-08-13T19:50:09.911+05:30 DEBUG 2600 --- [aplus-kids-api] [nio-8081-exec-7] m.m.a.RequestResponseBodyMethodProcessor : Using 'application/json', given [*/*] and supported [application/json, application/*+json]
2026-08-13T19:50:09.913+05:30 DEBUG 2600 --- [aplus-kids-api] [nio-8081-exec-7] m.m.a.RequestResponseBodyMethodProcessor : Writing [OverviewResponse[totalSubmissions=1237, newToday=0, pendingReviews=40, approved=1197, selectedForTv= (truncated)...]
2026-08-13T19:50:09.914+05:30 DEBUG 2600 --- [aplus-kids-api] [nio-8081-exec-7] o.s.web.servlet.DispatcherServlet        : Completed 200 OK
2026-08-13T19:50:10.819+05:30 DEBUG 2600 --- [aplus-kids-api] [   scheduling-1] org.hibernate.SQL                        : select kcwace1_0.id,kcwace1_0.access_token_encrypted,kcwace1_0.business_account_id,kcwace1_0.graph_api_version,kcwace1_0.last_test_message,kcwace1_0.last_test_status,kcwace1_0.last_tested_at,kcwace1_0.phone_number_id,kcwace1_0.updated_at from kids_champ_whatsapp_config kcwace1_0 where kcwace1_0.id=?
2026-08-13T19:50:11.825+05:30 DEBUG 2600 --- [aplus-kids-api] [   scheduling-1] org.hibernate.SQL                        : select kcwace1_0.id,kcwace1_0.access_token_encrypted,kcwace1_0.business_account_id,kcwace1_0.graph_api_version,kcwace1_0.last_test_message,kcwace1_0.last_test_status,kcwace1_0.last_tested_at,kcwace1_0.phone_number_id,kcwace1_0.updated_at from kids_champ_whatsapp_config kcwace1_0 where kcwace1_0.id=?
2026-08-13T19:50:12.839+05:30 DEBUG 2600 --- [aplus-kids-api] [   scheduling-1] org.hibernate.SQL                        : select kcwace1_0.id,kcwace1_0.access_token_encrypted,kcwace1_0.business_account_id,kcwace1_0.graph_api_version,kcwace1_0.last_test_message,kcwace1_0.last_test_status,kcwace1_0.last_tested_at,kcwace1_0.phone_number_id,kcwace1_0.updated_at from kids_champ_whatsapp_config kcwace1_0 where kcwace1_0.id=?
2026-08-13T19:50:13.854+05:30 DEBUG 2600 --- [aplus-kids-api] [   scheduling-1] org.hibernate.SQL                        : select kcwace1_0.id,kcwace1_0.access_token_encrypted,kcwace1_0.business_account_id,kcwace1_0.graph_api_version,kcwace1_0.last_test_message,kcwace1_0.last_test_status,kcwace1_0.last_tested_at,kcwace1_0.phone_number_id,kcwace1_0.updated_at from kids_champ_whatsapp_config kcwace1_0 where kcwace1_0.id=?
2026-08-13T19:50:14.859+05:30 DEBUG 2600 --- [aplus-kids-api] [   scheduling-1] org.hibernate.SQL                        : select kcwace1_0.id,kcwace1_0.access_token_encrypted,kcwace1_0.business_account_id,kcwace1_0.graph_api_version,kcwace1_0.last_test_message,kcwace1_0.last_test_status,kcwace1_0.last_tested_at,kcwace1_0.phone_number_id,kcwace1_0.updated_at from kids_champ_whatsapp_config kcwace1_0 where kcwace1_0.id=?
2026-08-13T19:50:15.877+05:30 DEBUG 2600 --- [aplus-kids-api] [   scheduling-1] org.hibernate.SQL                        : select kcwace1_0.id,kcwace1_0.access_token_encrypted,kcwace1_0.business_account_id,kcwace1_0.graph_api_version,kcwace1_0.last_test_message,kcwace1_0.last_test_status,kcwace1_0.last_tested_at,kcwace1_0.phone_number_id,kcwace1_0.updated_at from kids_champ_whatsapp_config kcwace1_0 where kcwace1_0.id=?
2026-08-13T19:50:16.891+05:30 DEBUG 2600 --- [aplus-kids-api] [   scheduling-1] org.hibernate.SQL                        : select kcwace1_0.id,kcwace1_0.access_token_encrypted,kcwace1_0.business_account_id,kcwace1_0.graph_api_version,kcwace1_0.last_test_message,kcwace1_0.last_test_status,kcwace1_0.last_tested_at,kcwace1_0.phone_number_id,kcwace1_0.updated_at from kids_champ_whatsapp_config kcwace1_0 where kcwace1_0.id=?
2026-08-13T19:50:17.906+05:30 DEBUG 2600 --- [aplus-kids-api] [   scheduling-1] org.hibernate.SQL                        : select kcwace1_0.id,kcwace1_0.access_token_encrypted,kcwace1_0.business_account_id,kcwace1_0.graph_api_version,kcwace1_0.last_test_message,kcwace1_0.last_test_status,kcwace1_0.last_tested_at,kcwace1_0.phone_number_id,kcwace1_0.updated_at from kids_champ_whatsapp_config kcwace1_0 where kcwace1_0.id=?
2026-08-13T19:50:18.919+05:30 DEBUG 2600 --- [aplus-kids-api] [   scheduling-1] org.hibernate.SQL                        : select kcwace1_0.id,kcwace1_0.access_token_encrypted,kcwace1_0.business_account_id,kcwace1_0.graph_api_version,kcwace1_0.last_test_message,kcwace1_0.last_test_status,kcwace1_0.last_tested_at,kcwace1_0.phone_number_id,kcwace1_0.updated_at from kids_champ_whatsapp_config kcwace1_0 where kcwace1_0.id=?
2026-08-13T19:50:19.922+05:30 DEBUG 2600 --- [aplus-kids-api] [   scheduling-1] org.hibernate.SQL                        : select kcwace1_0.id,kcwace1_0.access_token_encrypted,kcwace1_0.business_account_id,kcwace1_0.graph_api_version,kcwace1_0.last_test_message,kcwace1_0.last_test_status,kcwace1_0.last_tested_at,kcwace1_0.phone_number_id,kcwace1_0.updated_at from kids_champ_whatsapp_config kcwace1_0 where kcwace1_0.id=?
2026-08-13T19:50:20.939+05:30 DEBUG 2600 --- [aplus-kids-api] [   scheduling-1] org.hibernate.SQL                        : select kcwace1_0.id,kcwace1_0.access_token_encrypted,kcwace1_0.business_account_id,kcwace1_0.graph_api_version,kcwace1_0.last_test_message,kcwace1_0.last_test_status,kcwace1_0.last_tested_at,kcwace1_0.phone_number_id,kcwace1_0.updated_at from kids_champ_whatsapp_config kcwace1_0 where kcwace1_0.id=?
2026-08-13T19:50:21.956+05:30 DEBUG 2600 --- [aplus-kids-api] [   scheduling-1] org.hibernate.SQL                        : select kcwace1_0.id,kcwace1_0.access_token_encrypted,kcwace1_0.business_account_id,kcwace1_0.graph_api_version,kcwace1_0.last_test_message,kcwace1_0.last_test_status,kcwace1_0.last_tested_at,kcwace1_0.phone_number_id,kcwace1_0.updated_at from kids_champ_whatsapp_config kcwace1_0 where kcwace1_0.id=?
2026-08-13T19:50:22.974+05:30 DEBUG 2600 --- [aplus-kids-api] [   scheduling-1] org.hibernate.SQL                        : select kcwace1_0.id,kcwace1_0.access_token_encrypted,kcwace1_0.business_account_id,kcwace1_0.graph_api_version,kcwace1_0.last_test_message,kcwace1_0.last_test_status,kcwace1_0.last_tested_at,kcwace1_0.phone_number_id,kcwace1_0.updated_at from kids_champ_whatsapp_config kcwace1_0 where kcwace1_0.id=?
2026-08-13T19:50:23.992+05:30 DEBUG 2600 --- [aplus-kids-api] [   scheduling-1] org.hibernate.SQL                        : select kcwace1_0.id,kcwace1_0.access_token_encrypted,kcwace1_0.business_account_id,kcwace1_0.graph_api_version,kcwace1_0.last_test_message,kcwace1_0.last_test_status,kcwace1_0.last_tested_at,kcwace1_0.phone_number_id,kcwace1_0.updated_at from kids_champ_whatsapp_config kcwace1_0 where kcwace1_0.id=?
2026-08-13T19:50:24.782+05:30 DEBUG 2600 --- [aplus-kids-api] [nio-8081-exec-2] o.s.web.servlet.DispatcherServlet        : GET "/api/v1/health", parameters={}
2026-08-13T19:50:24.784+05:30 DEBUG 2600 --- [aplus-kids-api] [nio-8081-exec-2] s.w.s.m.m.a.RequestMappingHandlerMapping : Mapped to lk.apluskids.platform.common.DatabaseHealthController#health()
2026-08-13T19:50:24.784+05:30 DEBUG 2600 --- [aplus-kids-api] [nio-8081-exec-2] o.s.jdbc.core.JdbcTemplate               : Executing SQL query [SELECT 1]
2026-08-13T19:50:24.784+05:30 DEBUG 2600 --- [aplus-kids-api] [nio-8081-exec-2] m.m.a.RequestResponseBodyMethodProcessor : Using 'application/json', given [*/*] and supported [application/json, application/*+json]
2026-08-13T19:50:24.784+05:30 DEBUG 2600 --- [aplus-kids-api] [nio-8081-exec-2] m.m.a.RequestResponseBodyMethodProcessor : Writing [HealthResponse[status=UP]]
2026-08-13T19:50:24.790+05:30 DEBUG 2600 --- [aplus-kids-api] [nio-8081-exec-2] o.s.web.servlet.DispatcherServlet        : Completed 200 OK
2026-08-13T19:50:24.796+05:30 DEBUG 2600 --- [aplus-kids-api] [nio-8081-exec-3] org.hibernate.SQL                        : select ue1_0.id,ue1_0.account_holder_name,ue1_0.created_at,ue1_0.credentials_changed_at,ue1_0.deleted_at,ue1_0.email,ue1_0.email_verified_at,ue1_0.failed_login_count,ue1_0.last_login_at,ue1_0.locked_until,ue1_0.password_hash,ue1_0.phone_e164,ue1_0.phone_verified_at,ue1_0.public_id,ue1_0.status,ue1_0.updated_at,ue1_0.version from users ue1_0 where ue1_0.public_id=?
2026-08-13T19:50:24.796+05:30 DEBUG 2600 --- [aplus-kids-api] [nio-8081-exec-3] org.hibernate.SQL                        : select r1_0.user_id,r1_1.id,r1_1.created_at,r1_1.description,r1_1.name from user_roles r1_0 join roles r1_1 on r1_1.id=r1_0.role_id where r1_0.user_id=?
2026-08-13T19:50:24.807+05:30 DEBUG 2600 --- [aplus-kids-api] [nio-8081-exec-3] o.s.web.servlet.DispatcherServlet        : GET "/api/v1/admin/kids-champ/overview", parameters={}
2026-08-13T19:50:24.807+05:30 DEBUG 2600 --- [aplus-kids-api] [nio-8081-exec-3] s.w.s.m.m.a.RequestMappingHandlerMapping : Mapped to lk.apluskids.platform.kidschamp.KidsChampAdminController#overview(JwtAuthenticationToken)
2026-08-13T19:50:24.807+05:30 DEBUG 2600 --- [aplus-kids-api] [nio-8081-exec-3] org.hibernate.SQL                        : select kcse1_0.id,kcse1_0.age_at_submission,kcse1_0.assigned_reviewer_user_id,kcse1_0.batch_id,kcse1_0.category,kcse1_0.child_name,cp1_0.id,cp1_0.address,cp1_0.country_code,cp1_0.created_at,cp1_0.date_of_birth,cp1_0.deleted_at,cp1_0.full_name,cp1_0.gender,cp1_0.hometown,cp1_0.province,cp1_0.public_id,cp1_0.updated_at,cp1_0.user_id,cp1_0.version,kcse1_0.consent_accepted_at,kcse1_0.country_code,kcse1_0.date_of_birth,kcse1_0.deleted_at,kcse1_0.deleted_by_user_id,kcse1_0.email,kcse1_0.file_size,kcse1_0.file_status,gc1_0.id,gc1_0.claimed_at,gc1_0.claimed_by_user_id,gc1_0.country_code,gc1_0.deleted_at,gc1_0.email,gc1_0.first_submitted_at,gc1_0.hometown,gc1_0.last_submitted_at,gc1_0.parent_name,gc1_0.phone_e164,gc1_0.province,gc1_0.public_id,gc1_0.submission_count,gp1_0.id,gp1_0.child_name,gp1_0.guest_contact_id,c1_0.id,c1_0.claimed_at,c1_0.claimed_by_user_id,c1_0.country_code,c1_0.deleted_at,c1_0.email,c1_0.first_submitted_at,c1_0.hometown,c1_0.last_submitted_at,c1_0.parent_name,c1_0.phone_e164,c1_0.province,c1_0.public_id,c1_0.submission_count,gp1_0.created_at,gp1_0.date_of_birth,gp1_0.hometown,gp1_0.merge_reason,gp1_0.merged_at,gp1_0.merged_by_user_id,gp1_0.merged_into_reference,gp1_0.merged_into_type,gp1_0.normalized_child_name,gp1_0.province,gp1_0.public_id,gp1_0.updated_at,gp1_0.version,kcse1_0.hometown,kcse1_0.internal_note,kcse1_0.last_participant_merge_id,kcse1_0.media_type,kcse1_0.original_filename,kcse1_0.parent_name,kcse1_0.phone_e164,kcse1_0.photo_deleted_at,kcse1_0.previewed_at,kcse1_0.province,kcse1_0.public_id,kcse1_0.rejection_reason,kcse1_0.review_status,kcse1_0.reviewed_at,kcse1_0.reviewed_by_user_id,kcse1_0.stored_filename,kcse1_0.submitted_at,kcse1_0.telecast_status,kcse1_0.tracking_code,u2_0.id,u2_0.account_holder_name,u2_0.created_at,u2_0.credentials_changed_at,u2_0.deleted_at,u2_0.email,u2_0.email_verified_at,u2_0.failed_login_count,u2_0.last_login_at,u2_0.locked_until,u2_0.password_hash,u2_0.phone_e164,u2_0.phone_verified_at,u2_0.public_id,u2_0.status,u2_0.updated_at,u2_0.version,kcse1_0.version,kcse1_0.whatsapp_consent_at,kcse1_0.work_description,kcse1_0.work_title from kids_champ_submissions kcse1_0 left join child_profiles cp1_0 on cp1_0.id=kcse1_0.child_profile_id left join kids_champ_guest_contacts gc1_0 on gc1_0.id=kcse1_0.guest_contact_id left join kids_champ_guest_participants gp1_0 on gp1_0.id=kcse1_0.guest_participant_id left join kids_champ_guest_contacts c1_0 on c1_0.id=gp1_0.guest_contact_id left join users u2_0 on u2_0.id=kcse1_0.user_id where kcse1_0.deleted_at is null order by kcse1_0.submitted_at desc
2026-08-13T19:50:24.859+05:30 DEBUG 2600 --- [aplus-kids-api] [nio-8081-exec-3] org.hibernate.SQL                        : select kcwape1_0.participant_reference,kcwape1_0.opted_in_at,kcwape1_0.opted_out_at,kcwape1_0.reason,kcwape1_0.source,kcwape1_0.status,kcwape1_0.updated_at,kcwape1_0.updated_by_user_id from kids_champ_whatsapp_preferences kcwape1_0
2026-08-13T19:50:24.859+05:30 DEBUG 2600 --- [aplus-kids-api] [nio-8081-exec-3] org.hibernate.SQL                        : select kcse1_0.id,kcse1_0.age_at_submission,kcse1_0.assigned_reviewer_user_id,kcse1_0.batch_id,kcse1_0.category,kcse1_0.child_name,cp1_0.id,cp1_0.address,cp1_0.country_code,cp1_0.created_at,cp1_0.date_of_birth,cp1_0.deleted_at,cp1_0.full_name,cp1_0.gender,cp1_0.hometown,cp1_0.province,cp1_0.public_id,cp1_0.updated_at,cp1_0.user_id,cp1_0.version,kcse1_0.consent_accepted_at,kcse1_0.country_code,kcse1_0.date_of_birth,kcse1_0.deleted_at,kcse1_0.deleted_by_user_id,kcse1_0.email,kcse1_0.file_size,kcse1_0.file_status,gc1_0.id,gc1_0.claimed_at,gc1_0.claimed_by_user_id,gc1_0.country_code,gc1_0.deleted_at,gc1_0.email,gc1_0.first_submitted_at,gc1_0.hometown,gc1_0.last_submitted_at,gc1_0.parent_name,gc1_0.phone_e164,gc1_0.province,gc1_0.public_id,gc1_0.submission_count,gp1_0.id,gp1_0.child_name,gp1_0.guest_contact_id,c1_0.id,c1_0.claimed_at,c1_0.claimed_by_user_id,c1_0.country_code,c1_0.deleted_at,c1_0.email,c1_0.first_submitted_at,c1_0.hometown,c1_0.last_submitted_at,c1_0.parent_name,c1_0.phone_e164,c1_0.province,c1_0.public_id,c1_0.submission_count,gp1_0.created_at,gp1_0.date_of_birth,gp1_0.hometown,gp1_0.merge_reason,gp1_0.merged_at,gp1_0.merged_by_user_id,gp1_0.merged_into_reference,gp1_0.merged_into_type,gp1_0.normalized_child_name,gp1_0.province,gp1_0.public_id,gp1_0.updated_at,gp1_0.version,kcse1_0.hometown,kcse1_0.internal_note,kcse1_0.last_participant_merge_id,kcse1_0.media_type,kcse1_0.original_filename,kcse1_0.parent_name,kcse1_0.phone_e164,kcse1_0.photo_deleted_at,kcse1_0.previewed_at,kcse1_0.province,kcse1_0.public_id,kcse1_0.rejection_reason,kcse1_0.review_status,kcse1_0.reviewed_at,kcse1_0.reviewed_by_user_id,kcse1_0.stored_filename,kcse1_0.submitted_at,kcse1_0.telecast_status,kcse1_0.tracking_code,u2_0.id,u2_0.account_holder_name,u2_0.created_at,u2_0.credentials_changed_at,u2_0.deleted_at,u2_0.email,u2_0.email_verified_at,u2_0.failed_login_count,u2_0.last_login_at,u2_0.locked_until,u2_0.password_hash,u2_0.phone_e164,u2_0.phone_verified_at,u2_0.public_id,u2_0.status,u2_0.updated_at,u2_0.version,kcse1_0.version,kcse1_0.whatsapp_consent_at,kcse1_0.work_description,kcse1_0.work_title from kids_champ_submissions kcse1_0 left join child_profiles cp1_0 on cp1_0.id=kcse1_0.child_profile_id left join kids_champ_guest_contacts gc1_0 on gc1_0.id=kcse1_0.guest_contact_id left join kids_champ_guest_participants gp1_0 on gp1_0.id=kcse1_0.guest_participant_id left join kids_champ_guest_contacts c1_0 on c1_0.id=gp1_0.guest_contact_id left join users u2_0 on u2_0.id=kcse1_0.user_id where kcse1_0.deleted_at is null order by kcse1_0.submitted_at desc
2026-08-13T19:50:24.890+05:30 DEBUG 2600 --- [aplus-kids-api] [nio-8081-exec-3] org.hibernate.SQL                        : select kcbe1_0.id,kcbe1_0.alternate_telecast_date,kcbe1_0.archive_path,kcbe1_0.batch_code,kcbe1_0.cleanup_failure_count,kcbe1_0.cleanup_pending,kcbe1_0.created_at,kcbe1_0.created_by_user_id,kcbe1_0.delete_after,kcbe1_0.deleted_at,kcbe1_0.deleted_by_user_id,kcbe1_0.edited_at,kcbe1_0.first_downloaded_at,kcbe1_0.last_cleanup_attempt_at,kcbe1_0.photo_count,kcbe1_0.public_id,kcbe1_0.purged_at,kcbe1_0.retention_days,kcbe1_0.status,kcbe1_0.telecast_completed_at,kcbe1_0.telecast_date,kcbe1_0.version,kcbe1_0.warning_days from kids_champ_batches kcbe1_0 order by kcbe1_0.created_at desc,kcbe1_0.id desc
2026-08-13T19:50:24.890+05:30 DEBUG 2600 --- [aplus-kids-api] [nio-8081-exec-3] m.m.a.RequestResponseBodyMethodProcessor : Using 'application/json', given [*/*] and supported [application/json, application/*+json]
2026-08-13T19:50:24.890+05:30 DEBUG 2600 --- [aplus-kids-api] [nio-8081-exec-3] m.m.a.RequestResponseBodyMethodProcessor : Writing [OverviewResponse[totalSubmissions=1237, newToday=0, pendingReviews=40, approved=1197, selectedForTv= (truncated)...]
2026-08-13T19:50:24.890+05:30 DEBUG 2600 --- [aplus-kids-api] [nio-8081-exec-3] o.s.web.servlet.DispatcherServlet        : Completed 200 OK
2026-08-13T19:50:25.008+05:30 DEBUG 2600 --- [aplus-kids-api] [   scheduling-1] org.hibernate.SQL                        : select kcwace1_0.id,kcwace1_0.access_token_encrypted,kcwace1_0.business_account_id,kcwace1_0.graph_api_version,kcwace1_0.last_test_message,kcwace1_0.last_test_status,kcwace1_0.last_tested_at,kcwace1_0.phone_number_id,kcwace1_0.updated_at from kids_champ_whatsapp_config kcwace1_0 where kcwace1_0.id=?
2026-08-13T19:50:26.024+05:30 DEBUG 2600 --- [aplus-kids-api] [   scheduling-1] org.hibernate.SQL                        : select kcwace1_0.id,kcwace1_0.access_token_encrypted,kcwace1_0.business_account_id,kcwace1_0.graph_api_version,kcwace1_0.last_test_message,kcwace1_0.last_test_status,kcwace1_0.last_tested_at,kcwace1_0.phone_number_id,kcwace1_0.updated_at from kids_champ_whatsapp_config kcwace1_0 where kcwace1_0.id=?
2026-08-13T19:50:27.040+05:30 DEBUG 2600 --- [aplus-kids-api] [   scheduling-1] org.hibernate.SQL                        : select kcwace1_0.id,kcwace1_0.access_token_encrypted,kcwace1_0.business_account_id,kcwace1_0.graph_api_version,kcwace1_0.last_test_message,kcwace1_0.last_test_status,kcwace1_0.last_tested_at,kcwace1_0.phone_number_id,kcwace1_0.updated_at from kids_champ_whatsapp_config kcwace1_0 where kcwace1_0.id=?
2026-08-13T19:50:28.057+05:30 DEBUG 2600 --- [aplus-kids-api] [   scheduling-1] org.hibernate.SQL                        : select kcwace1_0.id,kcwace1_0.access_token_encrypted,kcwace1_0.business_account_id,kcwace1_0.graph_api_version,kcwace1_0.last_test_message,kcwace1_0.last_test_status,kcwace1_0.last_tested_at,kcwace1_0.phone_number_id,kcwace1_0.updated_at from kids_champ_whatsapp_config kcwace1_0 where kcwace1_0.id=?
2026-08-13T19:50:29.074+05:30 DEBUG 2600 --- [aplus-kids-api] [   scheduling-1] org.hibernate.SQL                        : select kcwace1_0.id,kcwace1_0.access_token_encrypted,kcwace1_0.business_account_id,kcwace1_0.graph_api_version,kcwace1_0.last_test_message,kcwace1_0.last_test_status,kcwace1_0.last_tested_at,kcwace1_0.phone_number_id,kcwace1_0.updated_at from kids_champ_whatsapp_config kcwace1_0 where kcwace1_0.id=?
2026-08-13T19:50:30.091+05:30 DEBUG 2600 --- [aplus-kids-api] [   scheduling-1] org.hibernate.SQL                        : select kcwace1_0.id,kcwace1_0.access_token_encrypted,kcwace1_0.business_account_id,kcwace1_0.graph_api_version,kcwace1_0.last_test_message,kcwace1_0.last_test_status,kcwace1_0.last_tested_at,kcwace1_0.phone_number_id,kcwace1_0.updated_at from kids_champ_whatsapp_config kcwace1_0 where kcwace1_0.id=?
2026-08-13T19:50:31.107+05:30 DEBUG 2600 --- [aplus-kids-api] [   scheduling-1] org.hibernate.SQL                        : select kcwace1_0.id,kcwace1_0.access_token_encrypted,kcwace1_0.business_account_id,kcwace1_0.graph_api_version,kcwace1_0.last_test_message,kcwace1_0.last_test_status,kcwace1_0.last_tested_at,kcwace1_0.phone_number_id,kcwace1_0.updated_at from kids_champ_whatsapp_config kcwace1_0 where kcwace1_0.id=?
2026-08-13T19:50:32.123+05:30 DEBUG 2600 --- [aplus-kids-api] [   scheduling-1] org.hibernate.SQL                        : select kcwace1_0.id,kcwace1_0.access_token_encrypted,kcwace1_0.business_account_id,kcwace1_0.graph_api_version,kcwace1_0.last_test_message,kcwace1_0.last_test_status,kcwace1_0.last_tested_at,kcwace1_0.phone_number_id,kcwace1_0.updated_at from kids_champ_whatsapp_config kcwace1_0 where kcwace1_0.id=?
2026-08-13T19:50:33.141+05:30 DEBUG 2600 --- [aplus-kids-api] [   scheduling-1] org.hibernate.SQL                        : select kcwace1_0.id,kcwace1_0.access_token_encrypted,kcwace1_0.business_account_id,kcwace1_0.graph_api_version,kcwace1_0.last_test_message,kcwace1_0.last_test_status,kcwace1_0.last_tested_at,kcwace1_0.phone_number_id,kcwace1_0.updated_at from kids_champ_whatsapp_config kcwace1_0 where kcwace1_0.id=?
2026-08-13T19:50:34.157+05:30 DEBUG 2600 --- [aplus-kids-api] [   scheduling-1] org.hibernate.SQL                        : select kcwace1_0.id,kcwace1_0.access_token_encrypted,kcwace1_0.business_account_id,kcwace1_0.graph_api_version,kcwace1_0.last_test_message,kcwace1_0.last_test_status,kcwace1_0.last_tested_at,kcwace1_0.phone_number_id,kcwace1_0.updated_at from kids_champ_whatsapp_config kcwace1_0 where kcwace1_0.id=?
2026-08-13T19:50:35.173+05:30 DEBUG 2600 --- [aplus-kids-api] [   scheduling-1] org.hibernate.SQL                        : select kcwace1_0.id,kcwace1_0.access_token_encrypted,kcwace1_0.business_account_id,kcwace1_0.graph_api_version,kcwace1_0.last_test_message,kcwace1_0.last_test_status,kcwace1_0.last_tested_at,kcwace1_0.phone_number_id,kcwace1_0.updated_at from kids_champ_whatsapp_config kcwace1_0 where kcwace1_0.id=?
2026-08-13T19:50:36.190+05:30 DEBUG 2600 --- [aplus-kids-api] [   scheduling-1] org.hibernate.SQL                        : select kcwace1_0.id,kcwace1_0.access_token_encrypted,kcwace1_0.business_account_id,kcwace1_0.graph_api_version,kcwace1_0.last_test_message,kcwace1_0.last_test_status,kcwace1_0.last_tested_at,kcwace1_0.phone_number_id,kcwace1_0.updated_at from kids_champ_whatsapp_config kcwace1_0 where kcwace1_0.id=?
2026-08-13T19:50:37.207+05:30 DEBUG 2600 --- [aplus-kids-api] [   scheduling-1] org.hibernate.SQL                        : select kcwace1_0.id,kcwace1_0.access_token_encrypted,kcwace1_0.business_account_id,kcwace1_0.graph_api_version,kcwace1_0.last_test_message,kcwace1_0.last_test_status,kcwace1_0.last_tested_at,kcwace1_0.phone_number_id,kcwace1_0.updated_at from kids_champ_whatsapp_config kcwace1_0 where kcwace1_0.id=?
2026-08-13T19:50:38.223+05:30 DEBUG 2600 --- [aplus-kids-api] [   scheduling-1] org.hibernate.SQL                        : select kcwace1_0.id,kcwace1_0.access_token_encrypted,kcwace1_0.business_account_id,kcwace1_0.graph_api_version,kcwace1_0.last_test_message,kcwace1_0.last_test_status,kcwace1_0.last_tested_at,kcwace1_0.phone_number_id,kcwace1_0.updated_at from kids_champ_whatsapp_config kcwace1_0 where kcwace1_0.id=?
2026-08-13T19:50:39.240+05:30 DEBUG 2600 --- [aplus-kids-api] [   scheduling-1] org.hibernate.SQL                        : select kcwace1_0.id,kcwace1_0.access_token_encrypted,kcwace1_0.business_account_id,kcwace1_0.graph_api_version,kcwace1_0.last_test_message,kcwace1_0.last_test_status,kcwace1_0.last_tested_at,kcwace1_0.phone_number_id,kcwace1_0.updated_at from kids_champ_whatsapp_config kcwace1_0 where kcwace1_0.id=?
2026-08-13T19:50:39.774+05:30 DEBUG 2600 --- [aplus-kids-api] [nio-8081-exec-6] o.s.web.servlet.DispatcherServlet        : GET "/api/v1/health", parameters={}
2026-08-13T19:50:39.790+05:30 DEBUG 2600 --- [aplus-kids-api] [nio-8081-exec-6] s.w.s.m.m.a.RequestMappingHandlerMapping : Mapped to lk.apluskids.platform.common.DatabaseHealthController#health()
2026-08-13T19:50:39.790+05:30 DEBUG 2600 --- [aplus-kids-api] [nio-8081-exec-6] o.s.jdbc.core.JdbcTemplate               : Executing SQL query [SELECT 1]
2026-08-13T19:50:39.790+05:30 DEBUG 2600 --- [aplus-kids-api] [nio-8081-exec-6] m.m.a.RequestResponseBodyMethodProcessor : Using 'application/json', given [*/*] and supported [application/json, application/*+json]
2026-08-13T19:50:39.790+05:30 DEBUG 2600 --- [aplus-kids-api] [nio-8081-exec-6] m.m.a.RequestResponseBodyMethodProcessor : Writing [HealthResponse[status=UP]]
2026-08-13T19:50:39.790+05:30 DEBUG 2600 --- [aplus-kids-api] [nio-8081-exec-6] o.s.web.servlet.DispatcherServlet        : Completed 200 OK
2026-08-13T19:50:39.790+05:30 DEBUG 2600 --- [aplus-kids-api] [nio-8081-exec-5] org.hibernate.SQL                        : select ue1_0.id,ue1_0.account_holder_name,ue1_0.created_at,ue1_0.credentials_changed_at,ue1_0.deleted_at,ue1_0.email,ue1_0.email_verified_at,ue1_0.failed_login_count,ue1_0.last_login_at,ue1_0.locked_until,ue1_0.password_hash,ue1_0.phone_e164,ue1_0.phone_verified_at,ue1_0.public_id,ue1_0.status,ue1_0.updated_at,ue1_0.version from users ue1_0 where ue1_0.public_id=?
2026-08-13T19:50:39.806+05:30 DEBUG 2600 --- [aplus-kids-api] [nio-8081-exec-5] org.hibernate.SQL                        : select r1_0.user_id,r1_1.id,r1_1.created_at,r1_1.description,r1_1.name from user_roles r1_0 join roles r1_1 on r1_1.id=r1_0.role_id where r1_0.user_id=?
2026-08-13T19:50:39.808+05:30 DEBUG 2600 --- [aplus-kids-api] [nio-8081-exec-5] o.s.web.servlet.DispatcherServlet        : GET "/api/v1/admin/kids-champ/overview", parameters={}
2026-08-13T19:50:39.808+05:30 DEBUG 2600 --- [aplus-kids-api] [nio-8081-exec-5] s.w.s.m.m.a.RequestMappingHandlerMapping : Mapped to lk.apluskids.platform.kidschamp.KidsChampAdminController#overview(JwtAuthenticationToken)
2026-08-13T19:50:39.808+05:30 DEBUG 2600 --- [aplus-kids-api] [nio-8081-exec-5] org.hibernate.SQL                        : select kcse1_0.id,kcse1_0.age_at_submission,kcse1_0.assigned_reviewer_user_id,kcse1_0.batch_id,kcse1_0.category,kcse1_0.child_name,cp1_0.id,cp1_0.address,cp1_0.country_code,cp1_0.created_at,cp1_0.date_of_birth,cp1_0.deleted_at,cp1_0.full_name,cp1_0.gender,cp1_0.hometown,cp1_0.province,cp1_0.public_id,cp1_0.updated_at,cp1_0.user_id,cp1_0.version,kcse1_0.consent_accepted_at,kcse1_0.country_code,kcse1_0.date_of_birth,kcse1_0.deleted_at,kcse1_0.deleted_by_user_id,kcse1_0.email,kcse1_0.file_size,kcse1_0.file_status,gc1_0.id,gc1_0.claimed_at,gc1_0.claimed_by_user_id,gc1_0.country_code,gc1_0.deleted_at,gc1_0.email,gc1_0.first_submitted_at,gc1_0.hometown,gc1_0.last_submitted_at,gc1_0.parent_name,gc1_0.phone_e164,gc1_0.province,gc1_0.public_id,gc1_0.submission_count,gp1_0.id,gp1_0.child_name,gp1_0.guest_contact_id,c1_0.id,c1_0.claimed_at,c1_0.claimed_by_user_id,c1_0.country_code,c1_0.deleted_at,c1_0.email,c1_0.first_submitted_at,c1_0.hometown,c1_0.last_submitted_at,c1_0.parent_name,c1_0.phone_e164,c1_0.province,c1_0.public_id,c1_0.submission_count,gp1_0.created_at,gp1_0.date_of_birth,gp1_0.hometown,gp1_0.merge_reason,gp1_0.merged_at,gp1_0.merged_by_user_id,gp1_0.merged_into_reference,gp1_0.merged_into_type,gp1_0.normalized_child_name,gp1_0.province,gp1_0.public_id,gp1_0.updated_at,gp1_0.version,kcse1_0.hometown,kcse1_0.internal_note,kcse1_0.last_participant_merge_id,kcse1_0.media_type,kcse1_0.original_filename,kcse1_0.parent_name,kcse1_0.phone_e164,kcse1_0.photo_deleted_at,kcse1_0.previewed_at,kcse1_0.province,kcse1_0.public_id,kcse1_0.rejection_reason,kcse1_0.review_status,kcse1_0.reviewed_at,kcse1_0.reviewed_by_user_id,kcse1_0.stored_filename,kcse1_0.submitted_at,kcse1_0.telecast_status,kcse1_0.tracking_code,u2_0.id,u2_0.account_holder_name,u2_0.created_at,u2_0.credentials_changed_at,u2_0.deleted_at,u2_0.email,u2_0.email_verified_at,u2_0.failed_login_count,u2_0.last_login_at,u2_0.locked_until,u2_0.password_hash,u2_0.phone_e164,u2_0.phone_verified_at,u2_0.public_id,u2_0.status,u2_0.updated_at,u2_0.version,kcse1_0.version,kcse1_0.whatsapp_consent_at,kcse1_0.work_description,kcse1_0.work_title from kids_champ_submissions kcse1_0 left join child_profiles cp1_0 on cp1_0.id=kcse1_0.child_profile_id left join kids_champ_guest_contacts gc1_0 on gc1_0.id=kcse1_0.guest_contact_id left join kids_champ_guest_participants gp1_0 on gp1_0.id=kcse1_0.guest_participant_id left join kids_champ_guest_contacts c1_0 on c1_0.id=gp1_0.guest_contact_id left join users u2_0 on u2_0.id=kcse1_0.user_id where kcse1_0.deleted_at is null order by kcse1_0.submitted_at desc
2026-08-13T19:50:39.860+05:30 DEBUG 2600 --- [aplus-kids-api] [nio-8081-exec-5] org.hibernate.SQL                        : select kcwape1_0.participant_reference,kcwape1_0.opted_in_at,kcwape1_0.opted_out_at,kcwape1_0.reason,kcwape1_0.source,kcwape1_0.status,kcwape1_0.updated_at,kcwape1_0.updated_by_user_id from kids_champ_whatsapp_preferences kcwape1_0
2026-08-13T19:50:39.870+05:30 DEBUG 2600 --- [aplus-kids-api] [nio-8081-exec-5] org.hibernate.SQL                        : select kcse1_0.id,kcse1_0.age_at_submission,kcse1_0.assigned_reviewer_user_id,kcse1_0.batch_id,kcse1_0.category,kcse1_0.child_name,cp1_0.id,cp1_0.address,cp1_0.country_code,cp1_0.created_at,cp1_0.date_of_birth,cp1_0.deleted_at,cp1_0.full_name,cp1_0.gender,cp1_0.hometown,cp1_0.province,cp1_0.public_id,cp1_0.updated_at,cp1_0.user_id,cp1_0.version,kcse1_0.consent_accepted_at,kcse1_0.country_code,kcse1_0.date_of_birth,kcse1_0.deleted_at,kcse1_0.deleted_by_user_id,kcse1_0.email,kcse1_0.file_size,kcse1_0.file_status,gc1_0.id,gc1_0.claimed_at,gc1_0.claimed_by_user_id,gc1_0.country_code,gc1_0.deleted_at,gc1_0.email,gc1_0.first_submitted_at,gc1_0.hometown,gc1_0.last_submitted_at,gc1_0.parent_name,gc1_0.phone_e164,gc1_0.province,gc1_0.public_id,gc1_0.submission_count,gp1_0.id,gp1_0.child_name,gp1_0.guest_contact_id,c1_0.id,c1_0.claimed_at,c1_0.claimed_by_user_id,c1_0.country_code,c1_0.deleted_at,c1_0.email,c1_0.first_submitted_at,c1_0.hometown,c1_0.last_submitted_at,c1_0.parent_name,c1_0.phone_e164,c1_0.province,c1_0.public_id,c1_0.submission_count,gp1_0.created_at,gp1_0.date_of_birth,gp1_0.hometown,gp1_0.merge_reason,gp1_0.merged_at,gp1_0.merged_by_user_id,gp1_0.merged_into_reference,gp1_0.merged_into_type,gp1_0.normalized_child_name,gp1_0.province,gp1_0.public_id,gp1_0.updated_at,gp1_0.version,kcse1_0.hometown,kcse1_0.internal_note,kcse1_0.last_participant_merge_id,kcse1_0.media_type,kcse1_0.original_filename,kcse1_0.parent_name,kcse1_0.phone_e164,kcse1_0.photo_deleted_at,kcse1_0.previewed_at,kcse1_0.province,kcse1_0.public_id,kcse1_0.rejection_reason,kcse1_0.review_status,kcse1_0.reviewed_at,kcse1_0.reviewed_by_user_id,kcse1_0.stored_filename,kcse1_0.submitted_at,kcse1_0.telecast_status,kcse1_0.tracking_code,u2_0.id,u2_0.account_holder_name,u2_0.created_at,u2_0.credentials_changed_at,u2_0.deleted_at,u2_0.email,u2_0.email_verified_at,u2_0.failed_login_count,u2_0.last_login_at,u2_0.locked_until,u2_0.password_hash,u2_0.phone_e164,u2_0.phone_verified_at,u2_0.public_id,u2_0.status,u2_0.updated_at,u2_0.version,kcse1_0.version,kcse1_0.whatsapp_consent_at,kcse1_0.work_description,kcse1_0.work_title from kids_champ_submissions kcse1_0 left join child_profiles cp1_0 on cp1_0.id=kcse1_0.child_profile_id left join kids_champ_guest_contacts gc1_0 on gc1_0.id=kcse1_0.guest_contact_id left join kids_champ_guest_participants gp1_0 on gp1_0.id=kcse1_0.guest_participant_id left join kids_champ_guest_contacts c1_0 on c1_0.id=gp1_0.guest_contact_id left join users u2_0 on u2_0.id=kcse1_0.user_id where kcse1_0.deleted_at is null order by kcse1_0.submitted_at desc
2026-08-13T19:50:39.891+05:30 DEBUG 2600 --- [aplus-kids-api] [nio-8081-exec-5] org.hibernate.SQL                        : select kcbe1_0.id,kcbe1_0.alternate_telecast_date,kcbe1_0.archive_path,kcbe1_0.batch_code,kcbe1_0.cleanup_failure_count,kcbe1_0.cleanup_pending,kcbe1_0.created_at,kcbe1_0.created_by_user_id,kcbe1_0.delete_after,kcbe1_0.deleted_at,kcbe1_0.deleted_by_user_id,kcbe1_0.edited_at,kcbe1_0.first_downloaded_at,kcbe1_0.last_cleanup_attempt_at,kcbe1_0.photo_count,kcbe1_0.public_id,kcbe1_0.purged_at,kcbe1_0.retention_days,kcbe1_0.status,kcbe1_0.telecast_completed_at,kcbe1_0.telecast_date,kcbe1_0.version,kcbe1_0.warning_days from kids_champ_batches kcbe1_0 order by kcbe1_0.created_at desc,kcbe1_0.id desc
2026-08-13T19:50:39.891+05:30 DEBUG 2600 --- [aplus-kids-api] [nio-8081-exec-5] m.m.a.RequestResponseBodyMethodProcessor : Using 'application/json', given [*/*] and supported [application/json, application/*+json]
2026-08-13T19:50:39.891+05:30 DEBUG 2600 --- [aplus-kids-api] [nio-8081-exec-5] m.m.a.RequestResponseBodyMethodProcessor : Writing [OverviewResponse[totalSubmissions=1237, newToday=0, pendingReviews=40, approved=1197, selectedForTv= (truncated)...]
2026-08-13T19:50:39.891+05:30 DEBUG 2600 --- [aplus-kids-api] [nio-8081-exec-5] o.s.web.servlet.DispatcherServlet        : Completed 200 OK
2026-08-13T19:50:40.257+05:30 DEBUG 2600 --- [aplus-kids-api] [   scheduling-1] org.hibernate.SQL                        : select kcwace1_0.id,kcwace1_0.access_token_encrypted,kcwace1_0.business_account_id,kcwace1_0.graph_api_version,kcwace1_0.last_test_message,kcwace1_0.last_test_status,kcwace1_0.last_tested_at,kcwace1_0.phone_number_id,kcwace1_0.updated_at from kids_champ_whatsapp_config kcwace1_0 where kcwace1_0.id=?
2026-08-13T19:50:41.274+05:30 DEBUG 2600 --- [aplus-kids-api] [   scheduling-1] org.hibernate.SQL                        : select kcwace1_0.id,kcwace1_0.access_token_encrypted,kcwace1_0.business_account_id,kcwace1_0.graph_api_version,kcwace1_0.last_test_message,kcwace1_0.last_test_status,kcwace1_0.last_tested_at,kcwace1_0.phone_number_id,kcwace1_0.updated_at from kids_champ_whatsapp_config kcwace1_0 where kcwace1_0.id=?
2026-08-13T19:50:42.290+05:30 DEBUG 2600 --- [aplus-kids-api] [   scheduling-1] org.hibernate.SQL                        : select kcwace1_0.id,kcwace1_0.access_token_encrypted,kcwace1_0.business_account_id,kcwace1_0.graph_api_version,kcwace1_0.last_test_message,kcwace1_0.last_test_status,kcwace1_0.last_tested_at,kcwace1_0.phone_number_id,kcwace1_0.updated_at from kids_champ_whatsapp_config kcwace1_0 where kcwace1_0.id=?
2026-08-13T19:50:43.308+05:30 DEBUG 2600 --- [aplus-kids-api] [   scheduling-1] org.hibernate.SQL                        : select kcwace1_0.id,kcwace1_0.access_token_encrypted,kcwace1_0.business_account_id,kcwace1_0.graph_api_version,kcwace1_0.last_test_message,kcwace1_0.last_test_status,kcwace1_0.last_tested_at,kcwace1_0.phone_number_id,kcwace1_0.updated_at from kids_champ_whatsapp_config kcwace1_0 where kcwace1_0.id=?
2026-08-13T19:50:44.324+05:30 DEBUG 2600 --- [aplus-kids-api] [   scheduling-1] org.hibernate.SQL                        : select kcwace1_0.id,kcwace1_0.access_token_encrypted,kcwace1_0.business_account_id,kcwace1_0.graph_api_version,kcwace1_0.last_test_message,kcwace1_0.last_test_status,kcwace1_0.last_tested_at,kcwace1_0.phone_number_id,kcwace1_0.updated_at from kids_champ_whatsapp_config kcwace1_0 where kcwace1_0.id=?
2026-08-13T19:50:45.341+05:30 DEBUG 2600 --- [aplus-kids-api] [   scheduling-1] org.hibernate.SQL                        : select kcwace1_0.id,kcwace1_0.access_token_encrypted,kcwace1_0.business_account_id,kcwace1_0.graph_api_version,kcwace1_0.last_test_message,kcwace1_0.last_test_status,kcwace1_0.last_tested_at,kcwace1_0.phone_number_id,kcwace1_0.updated_at from kids_champ_whatsapp_config kcwace1_0 where kcwace1_0.id=?
2026-08-13T19:50:46.357+05:30 DEBUG 2600 --- [aplus-kids-api] [   scheduling-1] org.hibernate.SQL                        : select kcwace1_0.id,kcwace1_0.access_token_encrypted,kcwace1_0.business_account_id,kcwace1_0.graph_api_version,kcwace1_0.last_test_message,kcwace1_0.last_test_status,kcwace1_0.last_tested_at,kcwace1_0.phone_number_id,kcwace1_0.updated_at from kids_champ_whatsapp_config kcwace1_0 where kcwace1_0.id=?
2026-08-13T19:50:47.374+05:30 DEBUG 2600 --- [aplus-kids-api] [   scheduling-1] org.hibernate.SQL                        : select kcwace1_0.id,kcwace1_0.access_token_encrypted,kcwace1_0.business_account_id,kcwace1_0.graph_api_version,kcwace1_0.last_test_message,kcwace1_0.last_test_status,kcwace1_0.last_tested_at,kcwace1_0.phone_number_id,kcwace1_0.updated_at from kids_champ_whatsapp_config kcwace1_0 where kcwace1_0.id=?
2026-08-13T19:50:48.389+05:30 DEBUG 2600 --- [aplus-kids-api] [   scheduling-1] org.hibernate.SQL                        : select kcwace1_0.id,kcwace1_0.access_token_encrypted,kcwace1_0.business_account_id,kcwace1_0.graph_api_version,kcwace1_0.last_test_message,kcwace1_0.last_test_status,kcwace1_0.last_tested_at,kcwace1_0.phone_number_id,kcwace1_0.updated_at from kids_champ_whatsapp_config kcwace1_0 where kcwace1_0.id=?
2026-08-13T19:50:49.407+05:30 DEBUG 2600 --- [aplus-kids-api] [   scheduling-1] org.hibernate.SQL                        : select kcwace1_0.id,kcwace1_0.access_token_encrypted,kcwace1_0.business_account_id,kcwace1_0.graph_api_version,kcwace1_0.last_test_message,kcwace1_0.last_test_status,kcwace1_0.last_tested_at,kcwace1_0.phone_number_id,kcwace1_0.updated_at from kids_champ_whatsapp_config kcwace1_0 where kcwace1_0.id=?
2026-08-13T19:50:50.423+05:30 DEBUG 2600 --- [aplus-kids-api] [   scheduling-1] org.hibernate.SQL                        : select kcwace1_0.id,kcwace1_0.access_token_encrypted,kcwace1_0.business_account_id,kcwace1_0.graph_api_version,kcwace1_0.last_test_message,kcwace1_0.last_test_status,kcwace1_0.last_tested_at,kcwace1_0.phone_number_id,kcwace1_0.updated_at from kids_champ_whatsapp_config kcwace1_0 where kcwace1_0.id=?
2026-08-13T19:50:51.440+05:30 DEBUG 2600 --- [aplus-kids-api] [   scheduling-1] org.hibernate.SQL                        : select kcwace1_0.id,kcwace1_0.access_token_encrypted,kcwace1_0.business_account_id,kcwace1_0.graph_api_version,kcwace1_0.last_test_message,kcwace1_0.last_test_status,kcwace1_0.last_tested_at,kcwace1_0.phone_number_id,kcwace1_0.updated_at from kids_champ_whatsapp_config kcwace1_0 where kcwace1_0.id=?
2026-08-13T19:50:52.457+05:30 DEBUG 2600 --- [aplus-kids-api] [   scheduling-1] org.hibernate.SQL                        : select kcwace1_0.id,kcwace1_0.access_token_encrypted,kcwace1_0.business_account_id,kcwace1_0.graph_api_version,kcwace1_0.last_test_message,kcwace1_0.last_test_status,kcwace1_0.last_tested_at,kcwace1_0.phone_number_id,kcwace1_0.updated_at from kids_champ_whatsapp_config kcwace1_0 where kcwace1_0.id=?
2026-08-13T19:50:53.470+05:30 DEBUG 2600 --- [aplus-kids-api] [   scheduling-1] org.hibernate.SQL                        : select kcwace1_0.id,kcwace1_0.access_token_encrypted,kcwace1_0.business_account_id,kcwace1_0.graph_api_version,kcwace1_0.last_test_message,kcwace1_0.last_test_status,kcwace1_0.last_tested_at,kcwace1_0.phone_number_id,kcwace1_0.updated_at from kids_champ_whatsapp_config kcwace1_0 where kcwace1_0.id=?
2026-08-13T19:50:54.490+05:30 DEBUG 2600 --- [aplus-kids-api] [   scheduling-1] org.hibernate.SQL                        : select kcwace1_0.id,kcwace1_0.access_token_encrypted,kcwace1_0.business_account_id,kcwace1_0.graph_api_version,kcwace1_0.last_test_message,kcwace1_0.last_test_status,kcwace1_0.last_tested_at,kcwace1_0.phone_number_id,kcwace1_0.updated_at from kids_champ_whatsapp_config kcwace1_0 where kcwace1_0.id=?
2026-08-13T19:50:55.507+05:30 DEBUG 2600 --- [aplus-kids-api] [   scheduling-1] org.hibernate.SQL                        : select kcwace1_0.id,kcwace1_0.access_token_encrypted,kcwace1_0.business_account_id,kcwace1_0.graph_api_version,kcwace1_0.last_test_message,kcwace1_0.last_test_status,kcwace1_0.last_tested_at,kcwace1_0.phone_number_id,kcwace1_0.updated_at from kids_champ_whatsapp_config kcwace1_0 where kcwace1_0.id=?
2026-08-13T19:50:56.524+05:30 DEBUG 2600 --- [aplus-kids-api] [   scheduling-1] org.hibernate.SQL                        : select kcwace1_0.id,kcwace1_0.access_token_encrypted,kcwace1_0.business_account_id,kcwace1_0.graph_api_version,kcwace1_0.last_test_message,kcwace1_0.last_test_status,kcwace1_0.last_tested_at,kcwace1_0.phone_number_id,kcwace1_0.updated_at from kids_champ_whatsapp_config kcwace1_0 where kcwace1_0.id=?
2026-08-13T19:50:57.540+05:30 DEBUG 2600 --- [aplus-kids-api] [   scheduling-1] org.hibernate.SQL                        : select kcwace1_0.id,kcwace1_0.access_token_encrypted,kcwace1_0.business_account_id,kcwace1_0.graph_api_version,kcwace1_0.last_test_message,kcwace1_0.last_test_status,kcwace1_0.last_tested_at,kcwace1_0.phone_number_id,kcwace1_0.updated_at from kids_champ_whatsapp_config kcwace1_0 where kcwace1_0.id=?
2026-08-13T19:50:58.557+05:30 DEBUG 2600 --- [aplus-kids-api] [   scheduling-1] org.hibernate.SQL                        : select kcwace1_0.id,kcwace1_0.access_token_encrypted,kcwace1_0.business_account_id,kcwace1_0.graph_api_version,kcwace1_0.last_test_message,kcwace1_0.last_test_status,kcwace1_0.last_tested_at,kcwace1_0.phone_number_id,kcwace1_0.updated_at from kids_champ_whatsapp_config kcwace1_0 where kcwace1_0.id=?
2026-08-13T19:50:59.573+05:30 DEBUG 2600 --- [aplus-kids-api] [   scheduling-1] org.hibernate.SQL                        : select kcwace1_0.id,kcwace1_0.access_token_encrypted,kcwace1_0.business_account_id,kcwace1_0.graph_api_version,kcwace1_0.last_test_message,kcwace1_0.last_test_status,kcwace1_0.last_tested_at,kcwace1_0.phone_number_id,kcwace1_0.updated_at from kids_champ_whatsapp_config kcwace1_0 where kcwace1_0.id=?
2026-08-13T19:51:00.009+05:30 DEBUG 2600 --- [aplus-kids-api] [   scheduling-1] org.hibernate.SQL                        : select ue1_0.id,ue1_0.account_holder_name,ue1_0.created_at,ue1_0.credentials_changed_at,ue1_0.deleted_at,ue1_0.email,ue1_0.email_verified_at,ue1_0.failed_login_count,ue1_0.last_login_at,ue1_0.locked_until,ue1_0.password_hash,ue1_0.phone_e164,ue1_0.phone_verified_at,ue1_0.public_id,ue1_0.status,ue1_0.updated_at,ue1_0.version from users ue1_0
2026-08-13T19:51:00.009+05:30 DEBUG 2600 --- [aplus-kids-api] [   scheduling-1] org.hibernate.SQL                        : select r1_0.user_id,r1_1.id,r1_1.created_at,r1_1.description,r1_1.name from user_roles r1_0 join roles r1_1 on r1_1.id=r1_0.role_id where r1_0.user_id=?
2026-08-13T19:51:00.014+05:30 DEBUG 2600 --- [aplus-kids-api] [   scheduling-1] org.hibernate.SQL                        : select r1_0.user_id,r1_1.id,r1_1.created_at,r1_1.description,r1_1.name from user_roles r1_0 join roles r1_1 on r1_1.id=r1_0.role_id where r1_0.user_id=?
2026-08-13T19:51:00.014+05:30 DEBUG 2600 --- [aplus-kids-api] [   scheduling-1] org.hibernate.SQL                        : select r1_0.user_id,r1_1.id,r1_1.created_at,r1_1.description,r1_1.name from user_roles r1_0 join roles r1_1 on r1_1.id=r1_0.role_id where r1_0.user_id=?
2026-08-13T19:51:00.014+05:30 DEBUG 2600 --- [aplus-kids-api] [   scheduling-1] org.hibernate.SQL                        : select r1_0.user_id,r1_1.id,r1_1.created_at,r1_1.description,r1_1.name from user_roles r1_0 join roles r1_1 on r1_1.id=r1_0.role_id where r1_0.user_id=?
2026-08-13T19:51:00.014+05:30 DEBUG 2600 --- [aplus-kids-api] [   scheduling-1] org.hibernate.SQL                        : select r1_0.user_id,r1_1.id,r1_1.created_at,r1_1.description,r1_1.name from user_roles r1_0 join roles r1_1 on r1_1.id=r1_0.role_id where r1_0.user_id=?
2026-08-13T19:51:00.024+05:30 DEBUG 2600 --- [aplus-kids-api] [   scheduling-1] org.hibernate.SQL                        : select r1_0.user_id,r1_1.id,r1_1.created_at,r1_1.description,r1_1.name from user_roles r1_0 join roles r1_1 on r1_1.id=r1_0.role_id where r1_0.user_id=?
2026-08-13T19:51:00.025+05:30 DEBUG 2600 --- [aplus-kids-api] [         task-8] org.hibernate.SQL                        : select kcse1_0.id,kcse1_0.active_zip_started_at,kcse1_0.active_zip_target_size,kcse1_0.allowed_file_types,kcse1_0.campaign_limit,kcse1_0.categories,kcse1_0.daily_telecast_limit,kcse1_0.default_message,kcse1_0.default_telecast_time,kcse1_0.frequent_participant_threshold,kcse1_0.max_file_size_mb,kcse1_0.maximum_age,kcse1_0.minimum_age,kcse1_0.require_whatsapp_consent,kcse1_0.updated_at,kcse1_0.updated_by_user_id,kcse1_0.zip_batch_size,kcse1_0.zip_expiry_days,kcse1_0.zip_warning_days from kids_champ_settings kcse1_0 where kcse1_0.id=? for no key update of kcse1_0
2026-08-13T19:51:00.025+05:30 DEBUG 2600 --- [aplus-kids-api] [         task-8] org.hibernate.SQL                        : select kcse1_0.id,kcse1_0.age_at_submission,kcse1_0.assigned_reviewer_user_id,kcse1_0.batch_id,kcse1_0.category,kcse1_0.child_name,kcse1_0.child_profile_id,kcse1_0.consent_accepted_at,kcse1_0.country_code,kcse1_0.date_of_birth,kcse1_0.deleted_at,kcse1_0.deleted_by_user_id,kcse1_0.email,kcse1_0.file_size,kcse1_0.file_status,kcse1_0.guest_contact_id,kcse1_0.guest_participant_id,kcse1_0.hometown,kcse1_0.internal_note,kcse1_0.last_participant_merge_id,kcse1_0.media_type,kcse1_0.original_filename,kcse1_0.parent_name,kcse1_0.phone_e164,kcse1_0.photo_deleted_at,kcse1_0.previewed_at,kcse1_0.province,kcse1_0.public_id,kcse1_0.rejection_reason,kcse1_0.review_status,kcse1_0.reviewed_at,kcse1_0.reviewed_by_user_id,kcse1_0.stored_filename,kcse1_0.submitted_at,kcse1_0.telecast_status,kcse1_0.tracking_code,kcse1_0.user_id,kcse1_0.version,kcse1_0.whatsapp_consent_at,kcse1_0.work_description,kcse1_0.work_title from kids_champ_submissions kcse1_0 where kcse1_0.review_status=? and kcse1_0.batch_id is null and kcse1_0.deleted_at is null and kcse1_0.photo_deleted_at is null and kcse1_0.stored_filename is not null order by kcse1_0.submitted_at,kcse1_0.id fetch first ? rows only for no key update of kcse1_0
2026-08-13T19:51:00.591+05:30 DEBUG 2600 --- [aplus-kids-api] [   scheduling-1] org.hibernate.SQL                        : select kcwace1_0.id,kcwace1_0.access_token_encrypted,kcwace1_0.business_account_id,kcwace1_0.graph_api_version,kcwace1_0.last_test_message,kcwace1_0.last_test_status,kcwace1_0.last_tested_at,kcwace1_0.phone_number_id,kcwace1_0.updated_at from kids_champ_whatsapp_config kcwace1_0 where kcwace1_0.id=?
2026-08-13T19:51:01.656+05:30 DEBUG 2600 --- [aplus-kids-api] [   scheduling-1] org.hibernate.SQL                        : select kcwace1_0.id,kcwace1_0.access_token_encrypted,kcwace1_0.business_account_id,kcwace1_0.graph_api_version,kcwace1_0.last_test_message,kcwace1_0.last_test_status,kcwace1_0.last_tested_at,kcwace1_0.phone_number_id,kcwace1_0.updated_at from kids_champ_whatsapp_config kcwace1_0 where kcwace1_0.id=?
2026-08-13T19:51:02.675+05:30 DEBUG 2600 --- [aplus-kids-api] [   scheduling-1] org.hibernate.SQL                        : select kcwace1_0.id,kcwace1_0.access_token_encrypted,kcwace1_0.business_account_id,kcwace1_0.graph_api_version,kcwace1_0.last_test_message,kcwace1_0.last_test_status,kcwace1_0.last_tested_at,kcwace1_0.phone_number_id,kcwace1_0.updated_at from kids_champ_whatsapp_config kcwace1_0 where kcwace1_0.id=?
2026-08-13T19:51:03.691+05:30 DEBUG 2600 --- [aplus-kids-api] [   scheduling-1] org.hibernate.SQL                        : select kcwace1_0.id,kcwace1_0.access_token_encrypted,kcwace1_0.business_account_id,kcwace1_0.graph_api_version,kcwace1_0.last_test_message,kcwace1_0.last_test_status,kcwace1_0.last_tested_at,kcwace1_0.phone_number_id,kcwace1_0.updated_at from kids_champ_whatsapp_config kcwace1_0 where kcwace1_0.id=?
2026-08-13T19:51:04.706+05:30 DEBUG 2600 --- [aplus-kids-api] [   scheduling-1] org.hibernate.SQL                        : select kcwace1_0.id,kcwace1_0.access_token_encrypted,kcwace1_0.business_account_id,kcwace1_0.graph_api_version,kcwace1_0.last_test_message,kcwace1_0.last_test_status,kcwace1_0.last_tested_at,kcwace1_0.phone_number_id,kcwace1_0.updated_at from kids_champ_whatsapp_config kcwace1_0 where kcwace1_0.id=?
2026-08-13T19:51:05.723+05:30 DEBUG 2600 --- [aplus-kids-api] [   scheduling-1] org.hibernate.SQL                        : select kcwace1_0.id,kcwace1_0.access_token_encrypted,kcwace1_0.business_account_id,kcwace1_0.graph_api_version,kcwace1_0.last_test_message,kcwace1_0.last_test_status,kcwace1_0.last_tested_at,kcwace1_0.phone_number_id,kcwace1_0.updated_at from kids_champ_whatsapp_config kcwace1_0 where kcwace1_0.id=?
2026-08-13T19:51:06.741+05:30 DEBUG 2600 --- [aplus-kids-api] [   scheduling-1] org.hibernate.SQL                        : select kcwace1_0.id,kcwace1_0.access_token_encrypted,kcwace1_0.business_account_id,kcwace1_0.graph_api_version,kcwace1_0.last_test_message,kcwace1_0.last_test_status,kcwace1_0.last_tested_at,kcwace1_0.phone_number_id,kcwace1_0.updated_at from kids_champ_whatsapp_config kcwace1_0 where kcwace1_0.id=?
2026-08-13T19:51:07.758+05:30 DEBUG 2600 --- [aplus-kids-api] [   scheduling-1] org.hibernate.SQL                        : select kcwace1_0.id,kcwace1_0.access_token_encrypted,kcwace1_0.business_account_id,kcwace1_0.graph_api_version,kcwace1_0.last_test_message,kcwace1_0.last_test_status,kcwace1_0.last_tested_at,kcwace1_0.phone_number_id,kcwace1_0.updated_at from kids_champ_whatsapp_config kcwace1_0 where kcwace1_0.id=?
2026-08-13T19:51:08.773+05:30 DEBUG 2600 --- [aplus-kids-api] [   scheduling-1] org.hibernate.SQL                        : select kcwace1_0.id,kcwace1_0.access_token_encrypted,kcwace1_0.business_account_id,kcwace1_0.graph_api_version,kcwace1_0.last_test_message,kcwace1_0.last_test_status,kcwace1_0.last_tested_at,kcwace1_0.phone_number_id,kcwace1_0.updated_at from kids_champ_whatsapp_config kcwace1_0 where kcwace1_0.id=?
2026-08-13T19:51:09.790+05:30 DEBUG 2600 --- [aplus-kids-api] [   scheduling-1] org.hibernate.SQL                        : select kcwace1_0.id,kcwace1_0.access_token_encrypted,kcwace1_0.business_account_id,kcwace1_0.graph_api_version,kcwace1_0.last_test_message,kcwace1_0.last_test_status,kcwace1_0.last_tested_at,kcwace1_0.phone_number_id,kcwace1_0.updated_at from kids_champ_whatsapp_config kcwace1_0 where kcwace1_0.id=?
2026-08-13T19:51:10.806+05:30 DEBUG 2600 --- [aplus-kids-api] [   scheduling-1] org.hibernate.SQL                        : select kcwace1_0.id,kcwace1_0.access_token_encrypted,kcwace1_0.business_account_id,kcwace1_0.graph_api_version,kcwace1_0.last_test_message,kcwace1_0.last_test_status,kcwace1_0.last_tested_at,kcwace1_0.phone_number_id,kcwace1_0.updated_at from kids_champ_whatsapp_config kcwace1_0 where kcwace1_0.id=?
2026-08-13T19:51:11.824+05:30 DEBUG 2600 --- [aplus-kids-api] [   scheduling-1] org.hibernate.SQL                        : select kcwace1_0.id,kcwace1_0.access_token_encrypted,kcwace1_0.business_account_id,kcwace1_0.graph_api_version,kcwace1_0.last_test_message,kcwace1_0.last_test_status,kcwace1_0.last_tested_at,kcwace1_0.phone_number_id,kcwace1_0.updated_at from kids_champ_whatsapp_config kcwace1_0 where kcwace1_0.id=?
2026-08-13T19:51:12.840+05:30 DEBUG 2600 --- [aplus-kids-api] [   scheduling-1] org.hibernate.SQL                        : select kcwace1_0.id,kcwace1_0.access_token_encrypted,kcwace1_0.business_account_id,kcwace1_0.graph_api_version,kcwace1_0.last_test_message,kcwace1_0.last_test_status,kcwace1_0.last_tested_at,kcwace1_0.phone_number_id,kcwace1_0.updated_at from kids_champ_whatsapp_config kcwace1_0 where kcwace1_0.id=?
2026-08-13T19:51:13.857+05:30 DEBUG 2600 --- [aplus-kids-api] [   scheduling-1] org.hibernate.SQL                        : select kcwace1_0.id,kcwace1_0.access_token_encrypted,kcwace1_0.business_account_id,kcwace1_0.graph_api_version,kcwace1_0.last_test_message,kcwace1_0.last_test_status,kcwace1_0.last_tested_at,kcwace1_0.phone_number_id,kcwace1_0.updated_at from kids_champ_whatsapp_config kcwace1_0 where kcwace1_0.id=?
2026-08-13T19:51:14.861+05:30 DEBUG 2600 --- [aplus-kids-api] [   scheduling-1] org.hibernate.SQL                        : select kcwace1_0.id,kcwace1_0.access_token_encrypted,kcwace1_0.business_account_id,kcwace1_0.graph_api_version,kcwace1_0.last_test_message,kcwace1_0.last_test_status,kcwace1_0.last_tested_at,kcwace1_0.phone_number_id,kcwace1_0.updated_at from kids_champ_whatsapp_config kcwace1_0 where kcwace1_0.id=?
2026-08-13T19:51:15.874+05:30 DEBUG 2600 --- [aplus-kids-api] [   scheduling-1] org.hibernate.SQL                        : select kcwace1_0.id,kcwace1_0.access_token_encrypted,kcwace1_0.business_account_id,kcwace1_0.graph_api_version,kcwace1_0.last_test_message,kcwace1_0.last_test_status,kcwace1_0.last_tested_at,kcwace1_0.phone_number_id,kcwace1_0.updated_at from kids_champ_whatsapp_config kcwace1_0 where kcwace1_0.id=?
2026-08-13T19:51:16.890+05:30 DEBUG 2600 --- [aplus-kids-api] [   scheduling-1] org.hibernate.SQL                        : select kcwace1_0.id,kcwace1_0.access_token_encrypted,kcwace1_0.business_account_id,kcwace1_0.graph_api_version,kcwace1_0.last_test_message,kcwace1_0.last_test_status,kcwace1_0.last_tested_at,kcwace1_0.phone_number_id,kcwace1_0.updated_at from kids_champ_whatsapp_config kcwace1_0 where kcwace1_0.id=?
2026-08-13T19:51:17.907+05:30 DEBUG 2600 --- [aplus-kids-api] [   scheduling-1] org.hibernate.SQL                        : select kcwace1_0.id,kcwace1_0.access_token_encrypted,kcwace1_0.business_account_id,kcwace1_0.graph_api_version,kcwace1_0.last_test_message,kcwace1_0.last_test_status,kcwace1_0.last_tested_at,kcwace1_0.phone_number_id,kcwace1_0.updated_at from kids_champ_whatsapp_config kcwace1_0 where kcwace1_0.id=?
2026-08-13T19:51:18.924+05:30 DEBUG 2600 --- [aplus-kids-api] [   scheduling-1] org.hibernate.SQL                        : select kcwace1_0.id,kcwace1_0.access_token_encrypted,kcwace1_0.business_account_id,kcwace1_0.graph_api_version,kcwace1_0.last_test_message,kcwace1_0.last_test_status,kcwace1_0.last_tested_at,kcwace1_0.phone_number_id,kcwace1_0.updated_at from kids_champ_whatsapp_config kcwace1_0 where kcwace1_0.id=?
2026-08-13T19:51:19.940+05:30 DEBUG 2600 --- [aplus-kids-api] [   scheduling-1] org.hibernate.SQL                        : select kcwace1_0.id,kcwace1_0.access_token_encrypted,kcwace1_0.business_account_id,kcwace1_0.graph_api_version,kcwace1_0.last_test_message,kcwace1_0.last_test_status,kcwace1_0.last_tested_at,kcwace1_0.phone_number_id,kcwace1_0.updated_at from kids_champ_whatsapp_config kcwace1_0 where kcwace1_0.id=?
2026-08-13T19:51:20.956+05:30 DEBUG 2600 --- [aplus-kids-api] [   scheduling-1] org.hibernate.SQL                        : select kcwace1_0.id,kcwace1_0.access_token_encrypted,kcwace1_0.business_account_id,kcwace1_0.graph_api_version,kcwace1_0.last_test_message,kcwace1_0.last_test_status,kcwace1_0.last_tested_at,kcwace1_0.phone_number_id,kcwace1_0.updated_at from kids_champ_whatsapp_config kcwace1_0 where kcwace1_0.id=?
2026-08-13T19:51:21.974+05:30 DEBUG 2600 --- [aplus-kids-api] [   scheduling-1] org.hibernate.SQL                        : select kcwace1_0.id,kcwace1_0.access_token_encrypted,kcwace1_0.business_account_id,kcwace1_0.graph_api_version,kcwace1_0.last_test_message,kcwace1_0.last_test_status,kcwace1_0.last_tested_at,kcwace1_0.phone_number_id,kcwace1_0.updated_at from kids_champ_whatsapp_config kcwace1_0 where kcwace1_0.id=?
2026-08-13T19:51:22.991+05:30 DEBUG 2600 --- [aplus-kids-api] [   scheduling-1] org.hibernate.SQL                        : select kcwace1_0.id,kcwace1_0.access_token_encrypted,kcwace1_0.business_account_id,kcwace1_0.graph_api_version,kcwace1_0.last_test_message,kcwace1_0.last_test_status,kcwace1_0.last_tested_at,kcwace1_0.phone_number_id,kcwace1_0.updated_at from kids_champ_whatsapp_config kcwace1_0 where kcwace1_0.id=?
2026-08-13T19:51:24.008+05:30 DEBUG 2600 --- [aplus-kids-api] [   scheduling-1] org.hibernate.SQL                        : select kcwace1_0.id,kcwace1_0.access_token_encrypted,kcwace1_0.business_account_id,kcwace1_0.graph_api_version,kcwace1_0.last_test_message,kcwace1_0.last_test_status,kcwace1_0.last_tested_at,kcwace1_0.phone_number_id,kcwace1_0.updated_at from kids_champ_whatsapp_config kcwace1_0 where kcwace1_0.id=?
2026-08-13T19:51:25.023+05:30 DEBUG 2600 --- [aplus-kids-api] [   scheduling-1] org.hibernate.SQL                        : select kcwace1_0.id,kcwace1_0.access_token_encrypted,kcwace1_0.business_account_id,kcwace1_0.graph_api_version,kcwace1_0.last_test_message,kcwace1_0.last_test_status,kcwace1_0.last_tested_at,kcwace1_0.phone_number_id,kcwace1_0.updated_at from kids_champ_whatsapp_config kcwace1_0 where kcwace1_0.id=?
2026-08-13T19:51:26.041+05:30 DEBUG 2600 --- [aplus-kids-api] [   scheduling-1] org.hibernate.SQL                        : select kcwace1_0.id,kcwace1_0.access_token_encrypted,kcwace1_0.business_account_id,kcwace1_0.graph_api_version,kcwace1_0.last_test_message,kcwace1_0.last_test_status,kcwace1_0.last_tested_at,kcwace1_0.phone_number_id,kcwace1_0.updated_at from kids_champ_whatsapp_config kcwace1_0 where kcwace1_0.id=?
2026-08-13T19:51:27.057+05:30 DEBUG 2600 --- [aplus-kids-api] [   scheduling-1] org.hibernate.SQL                        : select kcwace1_0.id,kcwace1_0.access_token_encrypted,kcwace1_0.business_account_id,kcwace1_0.graph_api_version,kcwace1_0.last_test_message,kcwace1_0.last_test_status,kcwace1_0.last_tested_at,kcwace1_0.phone_number_id,kcwace1_0.updated_at from kids_champ_whatsapp_config kcwace1_0 where kcwace1_0.id=?
2026-08-13T19:51:28.073+05:30 DEBUG 2600 --- [aplus-kids-api] [   scheduling-1] org.hibernate.SQL                        : select kcwace1_0.id,kcwace1_0.access_token_encrypted,kcwace1_0.business_account_id,kcwace1_0.graph_api_version,kcwace1_0.last_test_message,kcwace1_0.last_test_status,kcwace1_0.last_tested_at,kcwace1_0.phone_number_id,kcwace1_0.updated_at from kids_champ_whatsapp_config kcwace1_0 where kcwace1_0.id=?
2026-08-13T19:51:29.090+05:30 DEBUG 2600 --- [aplus-kids-api] [   scheduling-1] org.hibernate.SQL                        : select kcwace1_0.id,kcwace1_0.access_token_encrypted,kcwace1_0.business_account_id,kcwace1_0.graph_api_version,kcwace1_0.last_test_message,kcwace1_0.last_test_status,kcwace1_0.last_tested_at,kcwace1_0.phone_number_id,kcwace1_0.updated_at from kids_champ_whatsapp_config kcwace1_0 where kcwace1_0.id=?
2026-08-13T19:51:30.106+05:30 DEBUG 2600 --- [aplus-kids-api] [   scheduling-1] org.hibernate.SQL                        : select kcwace1_0.id,kcwace1_0.access_token_encrypted,kcwace1_0.business_account_id,kcwace1_0.graph_api_version,kcwace1_0.last_test_message,kcwace1_0.last_test_status,kcwace1_0.last_tested_at,kcwace1_0.phone_number_id,kcwace1_0.updated_at from kids_champ_whatsapp_config kcwace1_0 where kcwace1_0.id=?
2026-08-13T19:51:31.121+05:30 DEBUG 2600 --- [aplus-kids-api] [   scheduling-1] org.hibernate.SQL                        : select kcwace1_0.id,kcwace1_0.access_token_encrypted,kcwace1_0.business_account_id,kcwace1_0.graph_api_version,kcwace1_0.last_test_message,kcwace1_0.last_test_status,kcwace1_0.last_tested_at,kcwace1_0.phone_number_id,kcwace1_0.updated_at from kids_champ_whatsapp_config kcwace1_0 where kcwace1_0.id=?
2026-08-13T19:51:31.776+05:30 DEBUG 2600 --- [aplus-kids-api] [nio-8081-exec-1] o.s.web.servlet.DispatcherServlet        : GET "/api/v1/health", parameters={}
2026-08-13T19:51:31.776+05:30 DEBUG 2600 --- [aplus-kids-api] [nio-8081-exec-1] s.w.s.m.m.a.RequestMappingHandlerMapping : Mapped to lk.apluskids.platform.common.DatabaseHealthController#health()
2026-08-13T19:51:31.776+05:30 DEBUG 2600 --- [aplus-kids-api] [nio-8081-exec-1] o.s.jdbc.core.JdbcTemplate               : Executing SQL query [SELECT 1]
2026-08-13T19:51:31.776+05:30 DEBUG 2600 --- [aplus-kids-api] [nio-8081-exec-1] m.m.a.RequestResponseBodyMethodProcessor : Using 'application/json', given [*/*] and supported [application/json, application/*+json]
2026-08-13T19:51:31.776+05:30 DEBUG 2600 --- [aplus-kids-api] [nio-8081-exec-1] m.m.a.RequestResponseBodyMethodProcessor : Writing [HealthResponse[status=UP]]
2026-08-13T19:51:31.789+05:30 DEBUG 2600 --- [aplus-kids-api] [nio-8081-exec-1] o.s.web.servlet.DispatcherServlet        : Completed 200 OK
2026-08-13T19:51:31.807+05:30 DEBUG 2600 --- [aplus-kids-api] [io-8081-exec-10] org.hibernate.SQL                        : select ue1_0.id,ue1_0.account_holder_name,ue1_0.created_at,ue1_0.credentials_changed_at,ue1_0.deleted_at,ue1_0.email,ue1_0.email_verified_at,ue1_0.failed_login_count,ue1_0.last_login_at,ue1_0.locked_until,ue1_0.password_hash,ue1_0.phone_e164,ue1_0.phone_verified_at,ue1_0.public_id,ue1_0.status,ue1_0.updated_at,ue1_0.version from users ue1_0 where ue1_0.public_id=?
2026-08-13T19:51:31.807+05:30 DEBUG 2600 --- [aplus-kids-api] [io-8081-exec-10] org.hibernate.SQL                        : select r1_0.user_id,r1_1.id,r1_1.created_at,r1_1.description,r1_1.name from user_roles r1_0 join roles r1_1 on r1_1.id=r1_0.role_id where r1_0.user_id=?
2026-08-13T19:51:31.807+05:30 DEBUG 2600 --- [aplus-kids-api] [io-8081-exec-10] o.s.web.servlet.DispatcherServlet        : GET "/api/v1/admin/kids-champ/overview", parameters={}
2026-08-13T19:51:31.807+05:30 DEBUG 2600 --- [aplus-kids-api] [io-8081-exec-10] s.w.s.m.m.a.RequestMappingHandlerMapping : Mapped to lk.apluskids.platform.kidschamp.KidsChampAdminController#overview(JwtAuthenticationToken)
2026-08-13T19:51:31.807+05:30 DEBUG 2600 --- [aplus-kids-api] [io-8081-exec-10] org.hibernate.SQL                        : select kcse1_0.id,kcse1_0.age_at_submission,kcse1_0.assigned_reviewer_user_id,kcse1_0.batch_id,kcse1_0.category,kcse1_0.child_name,cp1_0.id,cp1_0.address,cp1_0.country_code,cp1_0.created_at,cp1_0.date_of_birth,cp1_0.deleted_at,cp1_0.full_name,cp1_0.gender,cp1_0.hometown,cp1_0.province,cp1_0.public_id,cp1_0.updated_at,cp1_0.user_id,cp1_0.version,kcse1_0.consent_accepted_at,kcse1_0.country_code,kcse1_0.date_of_birth,kcse1_0.deleted_at,kcse1_0.deleted_by_user_id,kcse1_0.email,kcse1_0.file_size,kcse1_0.file_status,gc1_0.id,gc1_0.claimed_at,gc1_0.claimed_by_user_id,gc1_0.country_code,gc1_0.deleted_at,gc1_0.email,gc1_0.first_submitted_at,gc1_0.hometown,gc1_0.last_submitted_at,gc1_0.parent_name,gc1_0.phone_e164,gc1_0.province,gc1_0.public_id,gc1_0.submission_count,gp1_0.id,gp1_0.child_name,gp1_0.guest_contact_id,c1_0.id,c1_0.claimed_at,c1_0.claimed_by_user_id,c1_0.country_code,c1_0.deleted_at,c1_0.email,c1_0.first_submitted_at,c1_0.hometown,c1_0.last_submitted_at,c1_0.parent_name,c1_0.phone_e164,c1_0.province,c1_0.public_id,c1_0.submission_count,gp1_0.created_at,gp1_0.date_of_birth,gp1_0.hometown,gp1_0.merge_reason,gp1_0.merged_at,gp1_0.merged_by_user_id,gp1_0.merged_into_reference,gp1_0.merged_into_type,gp1_0.normalized_child_name,gp1_0.province,gp1_0.public_id,gp1_0.updated_at,gp1_0.version,kcse1_0.hometown,kcse1_0.internal_note,kcse1_0.last_participant_merge_id,kcse1_0.media_type,kcse1_0.original_filename,kcse1_0.parent_name,kcse1_0.phone_e164,kcse1_0.photo_deleted_at,kcse1_0.previewed_at,kcse1_0.province,kcse1_0.public_id,kcse1_0.rejection_reason,kcse1_0.review_status,kcse1_0.reviewed_at,kcse1_0.reviewed_by_user_id,kcse1_0.stored_filename,kcse1_0.submitted_at,kcse1_0.telecast_status,kcse1_0.tracking_code,u2_0.id,u2_0.account_holder_name,u2_0.created_at,u2_0.credentials_changed_at,u2_0.deleted_at,u2_0.email,u2_0.email_verified_at,u2_0.failed_login_count,u2_0.last_login_at,u2_0.locked_until,u2_0.password_hash,u2_0.phone_e164,u2_0.phone_verified_at,u2_0.public_id,u2_0.status,u2_0.updated_at,u2_0.version,kcse1_0.version,kcse1_0.whatsapp_consent_at,kcse1_0.work_description,kcse1_0.work_title from kids_champ_submissions kcse1_0 left join child_profiles cp1_0 on cp1_0.id=kcse1_0.child_profile_id left join kids_champ_guest_contacts gc1_0 on gc1_0.id=kcse1_0.guest_contact_id left join kids_champ_guest_participants gp1_0 on gp1_0.id=kcse1_0.guest_participant_id left join kids_champ_guest_contacts c1_0 on c1_0.id=gp1_0.guest_contact_id left join users u2_0 on u2_0.id=kcse1_0.user_id where kcse1_0.deleted_at is null order by kcse1_0.submitted_at desc
2026-08-13T19:51:31.877+05:30 DEBUG 2600 --- [aplus-kids-api] [io-8081-exec-10] org.hibernate.SQL                        : select kcwape1_0.participant_reference,kcwape1_0.opted_in_at,kcwape1_0.opted_out_at,kcwape1_0.reason,kcwape1_0.source,kcwape1_0.status,kcwape1_0.updated_at,kcwape1_0.updated_by_user_id from kids_champ_whatsapp_preferences kcwape1_0
2026-08-13T19:51:31.896+05:30 DEBUG 2600 --- [aplus-kids-api] [io-8081-exec-10] org.hibernate.SQL                        : select kcse1_0.id,kcse1_0.age_at_submission,kcse1_0.assigned_reviewer_user_id,kcse1_0.batch_id,kcse1_0.category,kcse1_0.child_name,cp1_0.id,cp1_0.address,cp1_0.country_code,cp1_0.created_at,cp1_0.date_of_birth,cp1_0.deleted_at,cp1_0.full_name,cp1_0.gender,cp1_0.hometown,cp1_0.province,cp1_0.public_id,cp1_0.updated_at,cp1_0.user_id,cp1_0.version,kcse1_0.consent_accepted_at,kcse1_0.country_code,kcse1_0.date_of_birth,kcse1_0.deleted_at,kcse1_0.deleted_by_user_id,kcse1_0.email,kcse1_0.file_size,kcse1_0.file_status,gc1_0.id,gc1_0.claimed_at,gc1_0.claimed_by_user_id,gc1_0.country_code,gc1_0.deleted_at,gc1_0.email,gc1_0.first_submitted_at,gc1_0.hometown,gc1_0.last_submitted_at,gc1_0.parent_name,gc1_0.phone_e164,gc1_0.province,gc1_0.public_id,gc1_0.submission_count,gp1_0.id,gp1_0.child_name,gp1_0.guest_contact_id,c1_0.id,c1_0.claimed_at,c1_0.claimed_by_user_id,c1_0.country_code,c1_0.deleted_at,c1_0.email,c1_0.first_submitted_at,c1_0.hometown,c1_0.last_submitted_at,c1_0.parent_name,c1_0.phone_e164,c1_0.province,c1_0.public_id,c1_0.submission_count,gp1_0.created_at,gp1_0.date_of_birth,gp1_0.hometown,gp1_0.merge_reason,gp1_0.merged_at,gp1_0.merged_by_user_id,gp1_0.merged_into_reference,gp1_0.merged_into_type,gp1_0.normalized_child_name,gp1_0.province,gp1_0.public_id,gp1_0.updated_at,gp1_0.version,kcse1_0.hometown,kcse1_0.internal_note,kcse1_0.last_participant_merge_id,kcse1_0.media_type,kcse1_0.original_filename,kcse1_0.parent_name,kcse1_0.phone_e164,kcse1_0.photo_deleted_at,kcse1_0.previewed_at,kcse1_0.province,kcse1_0.public_id,kcse1_0.rejection_reason,kcse1_0.review_status,kcse1_0.reviewed_at,kcse1_0.reviewed_by_user_id,kcse1_0.stored_filename,kcse1_0.submitted_at,kcse1_0.telecast_status,kcse1_0.tracking_code,u2_0.id,u2_0.account_holder_name,u2_0.created_at,u2_0.credentials_changed_at,u2_0.deleted_at,u2_0.email,u2_0.email_verified_at,u2_0.failed_login_count,u2_0.last_login_at,u2_0.locked_until,u2_0.password_hash,u2_0.phone_e164,u2_0.phone_verified_at,u2_0.public_id,u2_0.status,u2_0.updated_at,u2_0.version,kcse1_0.version,kcse1_0.whatsapp_consent_at,kcse1_0.work_description,kcse1_0.work_title from kids_champ_submissions kcse1_0 left join child_profiles cp1_0 on cp1_0.id=kcse1_0.child_profile_id left join kids_champ_guest_contacts gc1_0 on gc1_0.id=kcse1_0.guest_contact_id left join kids_champ_guest_participants gp1_0 on gp1_0.id=kcse1_0.guest_participant_id left join kids_champ_guest_contacts c1_0 on c1_0.id=gp1_0.guest_contact_id left join users u2_0 on u2_0.id=kcse1_0.user_id where kcse1_0.deleted_at is null order by kcse1_0.submitted_at desc
2026-08-13T19:51:31.931+05:30 DEBUG 2600 --- [aplus-kids-api] [io-8081-exec-10] org.hibernate.SQL                        : select kcbe1_0.id,kcbe1_0.alternate_telecast_date,kcbe1_0.archive_path,kcbe1_0.batch_code,kcbe1_0.cleanup_failure_count,kcbe1_0.cleanup_pending,kcbe1_0.created_at,kcbe1_0.created_by_user_id,kcbe1_0.delete_after,kcbe1_0.deleted_at,kcbe1_0.deleted_by_user_id,kcbe1_0.edited_at,kcbe1_0.first_downloaded_at,kcbe1_0.last_cleanup_attempt_at,kcbe1_0.photo_count,kcbe1_0.public_id,kcbe1_0.purged_at,kcbe1_0.retention_days,kcbe1_0.status,kcbe1_0.telecast_completed_at,kcbe1_0.telecast_date,kcbe1_0.version,kcbe1_0.warning_days from kids_champ_batches kcbe1_0 order by kcbe1_0.created_at desc,kcbe1_0.id desc
2026-08-13T19:51:31.939+05:30 DEBUG 2600 --- [aplus-kids-api] [io-8081-exec-10] m.m.a.RequestResponseBodyMethodProcessor : Using 'application/json', given [*/*] and supported [application/json, application/*+json]
2026-08-13T19:51:31.940+05:30 DEBUG 2600 --- [aplus-kids-api] [io-8081-exec-10] m.m.a.RequestResponseBodyMethodProcessor : Writing [OverviewResponse[totalSubmissions=1237, newToday=0, pendingReviews=40, approved=1197, selectedForTv= (truncated)...]
2026-08-13T19:51:31.941+05:30 DEBUG 2600 --- [aplus-kids-api] [io-8081-exec-10] o.s.web.servlet.DispatcherServlet        : Completed 200 OK
2026-08-13T19:51:32.139+05:30 DEBUG 2600 --- [aplus-kids-api] [   scheduling-1] org.hibernate.SQL                        : select kcwace1_0.id,kcwace1_0.access_token_encrypted,kcwace1_0.business_account_id,kcwace1_0.graph_api_version,kcwace1_0.last_test_message,kcwace1_0.last_test_status,kcwace1_0.last_tested_at,kcwace1_0.phone_number_id,kcwace1_0.updated_at from kids_champ_whatsapp_config kcwace1_0 where kcwace1_0.id=?
2026-08-13T19:51:33.157+05:30 DEBUG 2600 --- [aplus-kids-api] [   scheduling-1] org.hibernate.SQL                        : select kcwace1_0.id,kcwace1_0.access_token_encrypted,kcwace1_0.business_account_id,kcwace1_0.graph_api_version,kcwace1_0.last_test_message,kcwace1_0.last_test_status,kcwace1_0.last_tested_at,kcwace1_0.phone_number_id,kcwace1_0.updated_at from kids_champ_whatsapp_config kcwace1_0 where kcwace1_0.id=?
2026-08-13T19:51:34.308+05:30 DEBUG 2600 --- [aplus-kids-api] [   scheduling-1] org.hibernate.SQL                        : select kcwace1_0.id,kcwace1_0.access_token_encrypted,kcwace1_0.business_account_id,kcwace1_0.graph_api_version,kcwace1_0.last_test_message,kcwace1_0.last_test_status,kcwace1_0.last_tested_at,kcwace1_0.phone_number_id,kcwace1_0.updated_at from kids_champ_whatsapp_config kcwace1_0 where kcwace1_0.id=?
2026-08-13T19:51:35.324+05:30 DEBUG 2600 --- [aplus-kids-api] [   scheduling-1] org.hibernate.SQL                        : select kcwace1_0.id,kcwace1_0.access_token_encrypted,kcwace1_0.business_account_id,kcwace1_0.graph_api_version,kcwace1_0.last_test_message,kcwace1_0.last_test_status,kcwace1_0.last_tested_at,kcwace1_0.phone_number_id,kcwace1_0.updated_at from kids_champ_whatsapp_config kcwace1_0 where kcwace1_0.id=?
2026-08-13T19:51:36.340+05:30 DEBUG 2600 --- [aplus-kids-api] [   scheduling-1] org.hibernate.SQL                        : select kcwace1_0.id,kcwace1_0.access_token_encrypted,kcwace1_0.business_account_id,kcwace1_0.graph_api_version,kcwace1_0.last_test_message,kcwace1_0.last_test_status,kcwace1_0.last_tested_at,kcwace1_0.phone_number_id,kcwace1_0.updated_at from kids_champ_whatsapp_config kcwace1_0 where kcwace1_0.id=?
2026-08-13T19:51:37.357+05:30 DEBUG 2600 --- [aplus-kids-api] [   scheduling-1] org.hibernate.SQL                        : select kcwace1_0.id,kcwace1_0.access_token_encrypted,kcwace1_0.business_account_id,kcwace1_0.graph_api_version,kcwace1_0.last_test_message,kcwace1_0.last_test_status,kcwace1_0.last_tested_at,kcwace1_0.phone_number_id,kcwace1_0.updated_at from kids_champ_whatsapp_config kcwace1_0 where kcwace1_0.id=?
2026-08-13T19:51:38.373+05:30 DEBUG 2600 --- [aplus-kids-api] [   scheduling-1] org.hibernate.SQL                        : select kcwace1_0.id,kcwace1_0.access_token_encrypted,kcwace1_0.business_account_id,kcwace1_0.graph_api_version,kcwace1_0.last_test_message,kcwace1_0.last_test_status,kcwace1_0.last_tested_at,kcwace1_0.phone_number_id,kcwace1_0.updated_at from kids_champ_whatsapp_config kcwace1_0 where kcwace1_0.id=?
2026-08-13T19:51:39.390+05:30 DEBUG 2600 --- [aplus-kids-api] [   scheduling-1] org.hibernate.SQL                        : select kcwace1_0.id,kcwace1_0.access_token_encrypted,kcwace1_0.business_account_id,kcwace1_0.graph_api_version,kcwace1_0.last_test_message,kcwace1_0.last_test_status,kcwace1_0.last_tested_at,kcwace1_0.phone_number_id,kcwace1_0.updated_at from kids_champ_whatsapp_config kcwace1_0 where kcwace1_0.id=?
2026-08-13T19:51:40.395+05:30 DEBUG 2600 --- [aplus-kids-api] [   scheduling-1] org.hibernate.SQL                        : select kcwace1_0.id,kcwace1_0.access_token_encrypted,kcwace1_0.business_account_id,kcwace1_0.graph_api_version,kcwace1_0.last_test_message,kcwace1_0.last_test_status,kcwace1_0.last_tested_at,kcwace1_0.phone_number_id,kcwace1_0.updated_at from kids_champ_whatsapp_config kcwace1_0 where kcwace1_0.id=?
2026-08-13T19:51:41.407+05:30 DEBUG 2600 --- [aplus-kids-api] [   scheduling-1] org.hibernate.SQL                        : select kcwace1_0.id,kcwace1_0.access_token_encrypted,kcwace1_0.business_account_id,kcwace1_0.graph_api_version,kcwace1_0.last_test_message,kcwace1_0.last_test_status,kcwace1_0.last_tested_at,kcwace1_0.phone_number_id,kcwace1_0.updated_at from kids_champ_whatsapp_config kcwace1_0 where kcwace1_0.id=?
2026-08-13T19:51:42.423+05:30 DEBUG 2600 --- [aplus-kids-api] [   scheduling-1] org.hibernate.SQL                        : select kcwace1_0.id,kcwace1_0.access_token_encrypted,kcwace1_0.business_account_id,kcwace1_0.graph_api_version,kcwace1_0.last_test_message,kcwace1_0.last_test_status,kcwace1_0.last_tested_at,kcwace1_0.phone_number_id,kcwace1_0.updated_at from kids_champ_whatsapp_config kcwace1_0 where kcwace1_0.id=?
2026-08-13T19:51:43.440+05:30 DEBUG 2600 --- [aplus-kids-api] [   scheduling-1] org.hibernate.SQL                        : select kcwace1_0.id,kcwace1_0.access_token_encrypted,kcwace1_0.business_account_id,kcwace1_0.graph_api_version,kcwace1_0.last_test_message,kcwace1_0.last_test_status,kcwace1_0.last_tested_at,kcwace1_0.phone_number_id,kcwace1_0.updated_at from kids_champ_whatsapp_config kcwace1_0 where kcwace1_0.id=?
2026-08-13T19:51:44.457+05:30 DEBUG 2600 --- [aplus-kids-api] [   scheduling-1] org.hibernate.SQL                        : select kcwace1_0.id,kcwace1_0.access_token_encrypted,kcwace1_0.business_account_id,kcwace1_0.graph_api_version,kcwace1_0.last_test_message,kcwace1_0.last_test_status,kcwace1_0.last_tested_at,kcwace1_0.phone_number_id,kcwace1_0.updated_at from kids_champ_whatsapp_config kcwace1_0 where kcwace1_0.id=?
2026-08-13T19:51:44.776+05:30 DEBUG 2600 --- [aplus-kids-api] [nio-8081-exec-9] o.s.web.servlet.DispatcherServlet        : GET "/api/v1/health", parameters={}
2026-08-13T19:51:44.776+05:30 DEBUG 2600 --- [aplus-kids-api] [nio-8081-exec-9] s.w.s.m.m.a.RequestMappingHandlerMapping : Mapped to lk.apluskids.platform.common.DatabaseHealthController#health()
2026-08-13T19:51:44.776+05:30 DEBUG 2600 --- [aplus-kids-api] [nio-8081-exec-9] o.s.jdbc.core.JdbcTemplate               : Executing SQL query [SELECT 1]
2026-08-13T19:51:44.776+05:30 DEBUG 2600 --- [aplus-kids-api] [nio-8081-exec-9] m.m.a.RequestResponseBodyMethodProcessor : Using 'application/json', given [*/*] and supported [application/json, application/*+json]
2026-08-13T19:51:44.789+05:30 DEBUG 2600 --- [aplus-kids-api] [nio-8081-exec-9] m.m.a.RequestResponseBodyMethodProcessor : Writing [HealthResponse[status=UP]]
2026-08-13T19:51:44.790+05:30 DEBUG 2600 --- [aplus-kids-api] [nio-8081-exec-9] o.s.web.servlet.DispatcherServlet        : Completed 200 OK
2026-08-13T19:51:44.792+05:30 DEBUG 2600 --- [aplus-kids-api] [nio-8081-exec-8] org.hibernate.SQL                        : select ue1_0.id,ue1_0.account_holder_name,ue1_0.created_at,ue1_0.credentials_changed_at,ue1_0.deleted_at,ue1_0.email,ue1_0.email_verified_at,ue1_0.failed_login_count,ue1_0.last_login_at,ue1_0.locked_until,ue1_0.password_hash,ue1_0.phone_e164,ue1_0.phone_verified_at,ue1_0.public_id,ue1_0.status,ue1_0.updated_at,ue1_0.version from users ue1_0 where ue1_0.public_id=?
2026-08-13T19:51:44.792+05:30 DEBUG 2600 --- [aplus-kids-api] [nio-8081-exec-8] org.hibernate.SQL                        : select r1_0.user_id,r1_1.id,r1_1.created_at,r1_1.description,r1_1.name from user_roles r1_0 join roles r1_1 on r1_1.id=r1_0.role_id where r1_0.user_id=?
2026-08-13T19:51:44.806+05:30 DEBUG 2600 --- [aplus-kids-api] [nio-8081-exec-8] o.s.web.servlet.DispatcherServlet        : GET "/api/v1/admin/kids-champ/overview", parameters={}
2026-08-13T19:51:44.806+05:30 DEBUG 2600 --- [aplus-kids-api] [nio-8081-exec-8] s.w.s.m.m.a.RequestMappingHandlerMapping : Mapped to lk.apluskids.platform.kidschamp.KidsChampAdminController#overview(JwtAuthenticationToken)
2026-08-13T19:51:44.806+05:30 DEBUG 2600 --- [aplus-kids-api] [nio-8081-exec-8] org.hibernate.SQL                        : select kcse1_0.id,kcse1_0.age_at_submission,kcse1_0.assigned_reviewer_user_id,kcse1_0.batch_id,kcse1_0.category,kcse1_0.child_name,cp1_0.id,cp1_0.address,cp1_0.country_code,cp1_0.created_at,cp1_0.date_of_birth,cp1_0.deleted_at,cp1_0.full_name,cp1_0.gender,cp1_0.hometown,cp1_0.province,cp1_0.public_id,cp1_0.updated_at,cp1_0.user_id,cp1_0.version,kcse1_0.consent_accepted_at,kcse1_0.country_code,kcse1_0.date_of_birth,kcse1_0.deleted_at,kcse1_0.deleted_by_user_id,kcse1_0.email,kcse1_0.file_size,kcse1_0.file_status,gc1_0.id,gc1_0.claimed_at,gc1_0.claimed_by_user_id,gc1_0.country_code,gc1_0.deleted_at,gc1_0.email,gc1_0.first_submitted_at,gc1_0.hometown,gc1_0.last_submitted_at,gc1_0.parent_name,gc1_0.phone_e164,gc1_0.province,gc1_0.public_id,gc1_0.submission_count,gp1_0.id,gp1_0.child_name,gp1_0.guest_contact_id,c1_0.id,c1_0.claimed_at,c1_0.claimed_by_user_id,c1_0.country_code,c1_0.deleted_at,c1_0.email,c1_0.first_submitted_at,c1_0.hometown,c1_0.last_submitted_at,c1_0.parent_name,c1_0.phone_e164,c1_0.province,c1_0.public_id,c1_0.submission_count,gp1_0.created_at,gp1_0.date_of_birth,gp1_0.hometown,gp1_0.merge_reason,gp1_0.merged_at,gp1_0.merged_by_user_id,gp1_0.merged_into_reference,gp1_0.merged_into_type,gp1_0.normalized_child_name,gp1_0.province,gp1_0.public_id,gp1_0.updated_at,gp1_0.version,kcse1_0.hometown,kcse1_0.internal_note,kcse1_0.last_participant_merge_id,kcse1_0.media_type,kcse1_0.original_filename,kcse1_0.parent_name,kcse1_0.phone_e164,kcse1_0.photo_deleted_at,kcse1_0.previewed_at,kcse1_0.province,kcse1_0.public_id,kcse1_0.rejection_reason,kcse1_0.review_status,kcse1_0.reviewed_at,kcse1_0.reviewed_by_user_id,kcse1_0.stored_filename,kcse1_0.submitted_at,kcse1_0.telecast_status,kcse1_0.tracking_code,u2_0.id,u2_0.account_holder_name,u2_0.created_at,u2_0.credentials_changed_at,u2_0.deleted_at,u2_0.email,u2_0.email_verified_at,u2_0.failed_login_count,u2_0.last_login_at,u2_0.locked_until,u2_0.password_hash,u2_0.phone_e164,u2_0.phone_verified_at,u2_0.public_id,u2_0.status,u2_0.updated_at,u2_0.version,kcse1_0.version,kcse1_0.whatsapp_consent_at,kcse1_0.work_description,kcse1_0.work_title from kids_champ_submissions kcse1_0 left join child_profiles cp1_0 on cp1_0.id=kcse1_0.child_profile_id left join kids_champ_guest_contacts gc1_0 on gc1_0.id=kcse1_0.guest_contact_id left join kids_champ_guest_participants gp1_0 on gp1_0.id=kcse1_0.guest_participant_id left join kids_champ_guest_contacts c1_0 on c1_0.id=gp1_0.guest_contact_id left join users u2_0 on u2_0.id=kcse1_0.user_id where kcse1_0.deleted_at is null order by kcse1_0.submitted_at desc
2026-08-13T19:51:44.857+05:30 DEBUG 2600 --- [aplus-kids-api] [nio-8081-exec-8] org.hibernate.SQL                        : select kcwape1_0.participant_reference,kcwape1_0.opted_in_at,kcwape1_0.opted_out_at,kcwape1_0.reason,kcwape1_0.source,kcwape1_0.status,kcwape1_0.updated_at,kcwape1_0.updated_by_user_id from kids_champ_whatsapp_preferences kcwape1_0
2026-08-13T19:51:44.873+05:30 DEBUG 2600 --- [aplus-kids-api] [nio-8081-exec-8] org.hibernate.SQL                        : select kcse1_0.id,kcse1_0.age_at_submission,kcse1_0.assigned_reviewer_user_id,kcse1_0.batch_id,kcse1_0.category,kcse1_0.child_name,cp1_0.id,cp1_0.address,cp1_0.country_code,cp1_0.created_at,cp1_0.date_of_birth,cp1_0.deleted_at,cp1_0.full_name,cp1_0.gender,cp1_0.hometown,cp1_0.province,cp1_0.public_id,cp1_0.updated_at,cp1_0.user_id,cp1_0.version,kcse1_0.consent_accepted_at,kcse1_0.country_code,kcse1_0.date_of_birth,kcse1_0.deleted_at,kcse1_0.deleted_by_user_id,kcse1_0.email,kcse1_0.file_size,kcse1_0.file_status,gc1_0.id,gc1_0.claimed_at,gc1_0.claimed_by_user_id,gc1_0.country_code,gc1_0.deleted_at,gc1_0.email,gc1_0.first_submitted_at,gc1_0.hometown,gc1_0.last_submitted_at,gc1_0.parent_name,gc1_0.phone_e164,gc1_0.province,gc1_0.public_id,gc1_0.submission_count,gp1_0.id,gp1_0.child_name,gp1_0.guest_contact_id,c1_0.id,c1_0.claimed_at,c1_0.claimed_by_user_id,c1_0.country_code,c1_0.deleted_at,c1_0.email,c1_0.first_submitted_at,c1_0.hometown,c1_0.last_submitted_at,c1_0.parent_name,c1_0.phone_e164,c1_0.province,c1_0.public_id,c1_0.submission_count,gp1_0.created_at,gp1_0.date_of_birth,gp1_0.hometown,gp1_0.merge_reason,gp1_0.merged_at,gp1_0.merged_by_user_id,gp1_0.merged_into_reference,gp1_0.merged_into_type,gp1_0.normalized_child_name,gp1_0.province,gp1_0.public_id,gp1_0.updated_at,gp1_0.version,kcse1_0.hometown,kcse1_0.internal_note,kcse1_0.last_participant_merge_id,kcse1_0.media_type,kcse1_0.original_filename,kcse1_0.parent_name,kcse1_0.phone_e164,kcse1_0.photo_deleted_at,kcse1_0.previewed_at,kcse1_0.province,kcse1_0.public_id,kcse1_0.rejection_reason,kcse1_0.review_status,kcse1_0.reviewed_at,kcse1_0.reviewed_by_user_id,kcse1_0.stored_filename,kcse1_0.submitted_at,kcse1_0.telecast_status,kcse1_0.tracking_code,u2_0.id,u2_0.account_holder_name,u2_0.created_at,u2_0.credentials_changed_at,u2_0.deleted_at,u2_0.email,u2_0.email_verified_at,u2_0.failed_login_count,u2_0.last_login_at,u2_0.locked_until,u2_0.password_hash,u2_0.phone_e164,u2_0.phone_verified_at,u2_0.public_id,u2_0.status,u2_0.updated_at,u2_0.version,kcse1_0.version,kcse1_0.whatsapp_consent_at,kcse1_0.work_description,kcse1_0.work_title from kids_champ_submissions kcse1_0 left join child_profiles cp1_0 on cp1_0.id=kcse1_0.child_profile_id left join kids_champ_guest_contacts gc1_0 on gc1_0.id=kcse1_0.guest_contact_id left join kids_champ_guest_participants gp1_0 on gp1_0.id=kcse1_0.guest_participant_id left join kids_champ_guest_contacts c1_0 on c1_0.id=gp1_0.guest_contact_id left join users u2_0 on u2_0.id=kcse1_0.user_id where kcse1_0.deleted_at is null order by kcse1_0.submitted_at desc
2026-08-13T19:51:44.889+05:30 DEBUG 2600 --- [aplus-kids-api] [nio-8081-exec-8] org.hibernate.SQL                        : select kcbe1_0.id,kcbe1_0.alternate_telecast_date,kcbe1_0.archive_path,kcbe1_0.batch_code,kcbe1_0.cleanup_failure_count,kcbe1_0.cleanup_pending,kcbe1_0.created_at,kcbe1_0.created_by_user_id,kcbe1_0.delete_after,kcbe1_0.deleted_at,kcbe1_0.deleted_by_user_id,kcbe1_0.edited_at,kcbe1_0.first_downloaded_at,kcbe1_0.last_cleanup_attempt_at,kcbe1_0.photo_count,kcbe1_0.public_id,kcbe1_0.purged_at,kcbe1_0.retention_days,kcbe1_0.status,kcbe1_0.telecast_completed_at,kcbe1_0.telecast_date,kcbe1_0.version,kcbe1_0.warning_days from kids_champ_batches kcbe1_0 order by kcbe1_0.created_at desc,kcbe1_0.id desc
2026-08-13T19:51:44.906+05:30 DEBUG 2600 --- [aplus-kids-api] [nio-8081-exec-8] m.m.a.RequestResponseBodyMethodProcessor : Using 'application/json', given [*/*] and supported [application/json, application/*+json]
2026-08-13T19:51:44.906+05:30 DEBUG 2600 --- [aplus-kids-api] [nio-8081-exec-8] m.m.a.RequestResponseBodyMethodProcessor : Writing [OverviewResponse[totalSubmissions=1237, newToday=0, pendingReviews=40, approved=1197, selectedForTv= (truncated)...]
2026-08-13T19:51:44.906+05:30 DEBUG 2600 --- [aplus-kids-api] [nio-8081-exec-8] o.s.web.servlet.DispatcherServlet        : Completed 200 OK
2026-08-13T19:51:45.473+05:30 DEBUG 2600 --- [aplus-kids-api] [   scheduling-1] org.hibernate.SQL                        : select kcwace1_0.id,kcwace1_0.access_token_encrypted,kcwace1_0.business_account_id,kcwace1_0.graph_api_version,kcwace1_0.last_test_message,kcwace1_0.last_test_status,kcwace1_0.last_tested_at,kcwace1_0.phone_number_id,kcwace1_0.updated_at from kids_champ_whatsapp_config kcwace1_0 where kcwace1_0.id=?
2026-08-13T19:51:46.489+05:30 DEBUG 2600 --- [aplus-kids-api] [   scheduling-1] org.hibernate.SQL                        : select kcwace1_0.id,kcwace1_0.access_token_encrypted,kcwace1_0.business_account_id,kcwace1_0.graph_api_version,kcwace1_0.last_test_message,kcwace1_0.last_test_status,kcwace1_0.last_tested_at,kcwace1_0.phone_number_id,kcwace1_0.updated_at from kids_champ_whatsapp_config kcwace1_0 where kcwace1_0.id=?
2026-08-13T19:51:47.507+05:30 DEBUG 2600 --- [aplus-kids-api] [   scheduling-1] org.hibernate.SQL                        : select kcwace1_0.id,kcwace1_0.access_token_encrypted,kcwace1_0.business_account_id,kcwace1_0.graph_api_version,kcwace1_0.last_test_message,kcwace1_0.last_test_status,kcwace1_0.last_tested_at,kcwace1_0.phone_number_id,kcwace1_0.updated_at from kids_champ_whatsapp_config kcwace1_0 where kcwace1_0.id=?
2026-08-13T19:51:48.524+05:30 DEBUG 2600 --- [aplus-kids-api] [   scheduling-1] org.hibernate.SQL                        : select kcwace1_0.id,kcwace1_0.access_token_encrypted,kcwace1_0.business_account_id,kcwace1_0.graph_api_version,kcwace1_0.last_test_message,kcwace1_0.last_test_status,kcwace1_0.last_tested_at,kcwace1_0.phone_number_id,kcwace1_0.updated_at from kids_champ_whatsapp_config kcwace1_0 where kcwace1_0.id=?
2026-08-13T19:51:49.540+05:30 DEBUG 2600 --- [aplus-kids-api] [   scheduling-1] org.hibernate.SQL                        : select kcwace1_0.id,kcwace1_0.access_token_encrypted,kcwace1_0.business_account_id,kcwace1_0.graph_api_version,kcwace1_0.last_test_message,kcwace1_0.last_test_status,kcwace1_0.last_tested_at,kcwace1_0.phone_number_id,kcwace1_0.updated_at from kids_champ_whatsapp_config kcwace1_0 where kcwace1_0.id=?
2026-08-13T19:51:50.557+05:30 DEBUG 2600 --- [aplus-kids-api] [   scheduling-1] org.hibernate.SQL                        : select kcwace1_0.id,kcwace1_0.access_token_encrypted,kcwace1_0.business_account_id,kcwace1_0.graph_api_version,kcwace1_0.last_test_message,kcwace1_0.last_test_status,kcwace1_0.last_tested_at,kcwace1_0.phone_number_id,kcwace1_0.updated_at from kids_champ_whatsapp_config kcwace1_0 where kcwace1_0.id=?
2026-08-13T19:51:51.573+05:30 DEBUG 2600 --- [aplus-kids-api] [   scheduling-1] org.hibernate.SQL                        : select kcwace1_0.id,kcwace1_0.access_token_encrypted,kcwace1_0.business_account_id,kcwace1_0.graph_api_version,kcwace1_0.last_test_message,kcwace1_0.last_test_status,kcwace1_0.last_tested_at,kcwace1_0.phone_number_id,kcwace1_0.updated_at from kids_champ_whatsapp_config kcwace1_0 where kcwace1_0.id=?
2026-08-13T19:51:52.589+05:30 DEBUG 2600 --- [aplus-kids-api] [   scheduling-1] org.hibernate.SQL                        : select kcwace1_0.id,kcwace1_0.access_token_encrypted,kcwace1_0.business_account_id,kcwace1_0.graph_api_version,kcwace1_0.last_test_message,kcwace1_0.last_test_status,kcwace1_0.last_tested_at,kcwace1_0.phone_number_id,kcwace1_0.updated_at from kids_champ_whatsapp_config kcwace1_0 where kcwace1_0.id=?
2026-08-13T19:51:53.607+05:30 DEBUG 2600 --- [aplus-kids-api] [   scheduling-1] org.hibernate.SQL                        : select kcwace1_0.id,kcwace1_0.access_token_encrypted,kcwace1_0.business_account_id,kcwace1_0.graph_api_version,kcwace1_0.last_test_message,kcwace1_0.last_test_status,kcwace1_0.last_tested_at,kcwace1_0.phone_number_id,kcwace1_0.updated_at from kids_champ_whatsapp_config kcwace1_0 where kcwace1_0.id=?
2026-08-13T19:51:54.623+05:30 DEBUG 2600 --- [aplus-kids-api] [   scheduling-1] org.hibernate.SQL                        : select kcwace1_0.id,kcwace1_0.access_token_encrypted,kcwace1_0.business_account_id,kcwace1_0.graph_api_version,kcwace1_0.last_test_message,kcwace1_0.last_test_status,kcwace1_0.last_tested_at,kcwace1_0.phone_number_id,kcwace1_0.updated_at from kids_champ_whatsapp_config kcwace1_0 where kcwace1_0.id=?
2026-08-13T19:51:55.640+05:30 DEBUG 2600 --- [aplus-kids-api] [   scheduling-1] org.hibernate.SQL                        : select kcwace1_0.id,kcwace1_0.access_token_encrypted,kcwace1_0.business_account_id,kcwace1_0.graph_api_version,kcwace1_0.last_test_message,kcwace1_0.last_test_status,kcwace1_0.last_tested_at,kcwace1_0.phone_number_id,kcwace1_0.updated_at from kids_champ_whatsapp_config kcwace1_0 where kcwace1_0.id=?
2026-08-13T19:51:56.656+05:30 DEBUG 2600 --- [aplus-kids-api] [   scheduling-1] org.hibernate.SQL                        : select kcwace1_0.id,kcwace1_0.access_token_encrypted,kcwace1_0.business_account_id,kcwace1_0.graph_api_version,kcwace1_0.last_test_message,kcwace1_0.last_test_status,kcwace1_0.last_tested_at,kcwace1_0.phone_number_id,kcwace1_0.updated_at from kids_champ_whatsapp_config kcwace1_0 where kcwace1_0.id=?
2026-08-13T19:51:57.672+05:30 DEBUG 2600 --- [aplus-kids-api] [   scheduling-1] org.hibernate.SQL                        : select kcwace1_0.id,kcwace1_0.access_token_encrypted,kcwace1_0.business_account_id,kcwace1_0.graph_api_version,kcwace1_0.last_test_message,kcwace1_0.last_test_status,kcwace1_0.last_tested_at,kcwace1_0.phone_number_id,kcwace1_0.updated_at from kids_champ_whatsapp_config kcwace1_0 where kcwace1_0.id=?
2026-08-13T19:51:58.688+05:30 DEBUG 2600 --- [aplus-kids-api] [   scheduling-1] org.hibernate.SQL                        : select kcwace1_0.id,kcwace1_0.access_token_encrypted,kcwace1_0.business_account_id,kcwace1_0.graph_api_version,kcwace1_0.last_test_message,kcwace1_0.last_test_status,kcwace1_0.last_tested_at,kcwace1_0.phone_number_id,kcwace1_0.updated_at from kids_champ_whatsapp_config kcwace1_0 where kcwace1_0.id=?
2026-08-13T19:51:59.703+05:30 DEBUG 2600 --- [aplus-kids-api] [   scheduling-1] org.hibernate.SQL                        : select kcwace1_0.id,kcwace1_0.access_token_encrypted,kcwace1_0.business_account_id,kcwace1_0.graph_api_version,kcwace1_0.last_test_message,kcwace1_0.last_test_status,kcwace1_0.last_tested_at,kcwace1_0.phone_number_id,kcwace1_0.updated_at from kids_champ_whatsapp_config kcwace1_0 where kcwace1_0.id=?
2026-08-13T19:52:00.007+05:30 DEBUG 2600 --- [aplus-kids-api] [   scheduling-1] org.hibernate.SQL                        : select ue1_0.id,ue1_0.account_holder_name,ue1_0.created_at,ue1_0.credentials_changed_at,ue1_0.deleted_at,ue1_0.email,ue1_0.email_verified_at,ue1_0.failed_login_count,ue1_0.last_login_at,ue1_0.locked_until,ue1_0.password_hash,ue1_0.phone_e164,ue1_0.phone_verified_at,ue1_0.public_id,ue1_0.status,ue1_0.updated_at,ue1_0.version from users ue1_0
2026-08-13T19:52:00.011+05:30 DEBUG 2600 --- [aplus-kids-api] [   scheduling-1] org.hibernate.SQL                        : select r1_0.user_id,r1_1.id,r1_1.created_at,r1_1.description,r1_1.name from user_roles r1_0 join roles r1_1 on r1_1.id=r1_0.role_id where r1_0.user_id=?
2026-08-13T19:52:00.013+05:30 DEBUG 2600 --- [aplus-kids-api] [   scheduling-1] org.hibernate.SQL                        : select r1_0.user_id,r1_1.id,r1_1.created_at,r1_1.description,r1_1.name from user_roles r1_0 join roles r1_1 on r1_1.id=r1_0.role_id where r1_0.user_id=?
2026-08-13T19:52:00.013+05:30 DEBUG 2600 --- [aplus-kids-api] [   scheduling-1] org.hibernate.SQL                        : select r1_0.user_id,r1_1.id,r1_1.created_at,r1_1.description,r1_1.name from user_roles r1_0 join roles r1_1 on r1_1.id=r1_0.role_id where r1_0.user_id=?
2026-08-13T19:52:00.015+05:30 DEBUG 2600 --- [aplus-kids-api] [   scheduling-1] org.hibernate.SQL                        : select r1_0.user_id,r1_1.id,r1_1.created_at,r1_1.description,r1_1.name from user_roles r1_0 join roles r1_1 on r1_1.id=r1_0.role_id where r1_0.user_id=?
2026-08-13T19:52:00.017+05:30 DEBUG 2600 --- [aplus-kids-api] [   scheduling-1] org.hibernate.SQL                        : select r1_0.user_id,r1_1.id,r1_1.created_at,r1_1.description,r1_1.name from user_roles r1_0 join roles r1_1 on r1_1.id=r1_0.role_id where r1_0.user_id=?
2026-08-13T19:52:00.017+05:30 DEBUG 2600 --- [aplus-kids-api] [   scheduling-1] org.hibernate.SQL                        : select r1_0.user_id,r1_1.id,r1_1.created_at,r1_1.description,r1_1.name from user_roles r1_0 join roles r1_1 on r1_1.id=r1_0.role_id where r1_0.user_id=?
2026-08-13T19:52:00.024+05:30 DEBUG 2600 --- [aplus-kids-api] [         task-9] org.hibernate.SQL                        : select kcse1_0.id,kcse1_0.active_zip_started_at,kcse1_0.active_zip_target_size,kcse1_0.allowed_file_types,kcse1_0.campaign_limit,kcse1_0.categories,kcse1_0.daily_telecast_limit,kcse1_0.default_message,kcse1_0.default_telecast_time,kcse1_0.frequent_participant_threshold,kcse1_0.max_file_size_mb,kcse1_0.maximum_age,kcse1_0.minimum_age,kcse1_0.require_whatsapp_consent,kcse1_0.updated_at,kcse1_0.updated_by_user_id,kcse1_0.zip_batch_size,kcse1_0.zip_expiry_days,kcse1_0.zip_warning_days from kids_champ_settings kcse1_0 where kcse1_0.id=? for no key update of kcse1_0
2026-08-13T19:52:00.027+05:30 DEBUG 2600 --- [aplus-kids-api] [         task-9] org.hibernate.SQL                        : select kcse1_0.id,kcse1_0.age_at_submission,kcse1_0.assigned_reviewer_user_id,kcse1_0.batch_id,kcse1_0.category,kcse1_0.child_name,kcse1_0.child_profile_id,kcse1_0.consent_accepted_at,kcse1_0.country_code,kcse1_0.date_of_birth,kcse1_0.deleted_at,kcse1_0.deleted_by_user_id,kcse1_0.email,kcse1_0.file_size,kcse1_0.file_status,kcse1_0.guest_contact_id,kcse1_0.guest_participant_id,kcse1_0.hometown,kcse1_0.internal_note,kcse1_0.last_participant_merge_id,kcse1_0.media_type,kcse1_0.original_filename,kcse1_0.parent_name,kcse1_0.phone_e164,kcse1_0.photo_deleted_at,kcse1_0.previewed_at,kcse1_0.province,kcse1_0.public_id,kcse1_0.rejection_reason,kcse1_0.review_status,kcse1_0.reviewed_at,kcse1_0.reviewed_by_user_id,kcse1_0.stored_filename,kcse1_0.submitted_at,kcse1_0.telecast_status,kcse1_0.tracking_code,kcse1_0.user_id,kcse1_0.version,kcse1_0.whatsapp_consent_at,kcse1_0.work_description,kcse1_0.work_title from kids_champ_submissions kcse1_0 where kcse1_0.review_status=? and kcse1_0.batch_id is null and kcse1_0.deleted_at is null and kcse1_0.photo_deleted_at is null and kcse1_0.stored_filename is not null order by kcse1_0.submitted_at,kcse1_0.id fetch first ? rows only for no key update of kcse1_0
2026-08-13T19:52:00.721+05:30 DEBUG 2600 --- [aplus-kids-api] [   scheduling-1] org.hibernate.SQL                        : select kcwace1_0.id,kcwace1_0.access_token_encrypted,kcwace1_0.business_account_id,kcwace1_0.graph_api_version,kcwace1_0.last_test_message,kcwace1_0.last_test_status,kcwace1_0.last_tested_at,kcwace1_0.phone_number_id,kcwace1_0.updated_at from kids_champ_whatsapp_config kcwace1_0 where kcwace1_0.id=?
2026-08-13T19:52:01.738+05:30 DEBUG 2600 --- [aplus-kids-api] [   scheduling-1] org.hibernate.SQL                        : select kcwace1_0.id,kcwace1_0.access_token_encrypted,kcwace1_0.business_account_id,kcwace1_0.graph_api_version,kcwace1_0.last_test_message,kcwace1_0.last_test_status,kcwace1_0.last_tested_at,kcwace1_0.phone_number_id,kcwace1_0.updated_at from kids_champ_whatsapp_config kcwace1_0 where kcwace1_0.id=?
2026-08-13T19:52:02.744+05:30 DEBUG 2600 --- [aplus-kids-api] [   scheduling-1] org.hibernate.SQL                        : select kcwace1_0.id,kcwace1_0.access_token_encrypted,kcwace1_0.business_account_id,kcwace1_0.graph_api_version,kcwace1_0.last_test_message,kcwace1_0.last_test_status,kcwace1_0.last_tested_at,kcwace1_0.phone_number_id,kcwace1_0.updated_at from kids_champ_whatsapp_config kcwace1_0 where kcwace1_0.id=?
2026-08-13T19:52:03.756+05:30 DEBUG 2600 --- [aplus-kids-api] [   scheduling-1] org.hibernate.SQL                        : select kcwace1_0.id,kcwace1_0.access_token_encrypted,kcwace1_0.business_account_id,kcwace1_0.graph_api_version,kcwace1_0.last_test_message,kcwace1_0.last_test_status,kcwace1_0.last_tested_at,kcwace1_0.phone_number_id,kcwace1_0.updated_at from kids_champ_whatsapp_config kcwace1_0 where kcwace1_0.id=?
2026-08-13T19:52:04.777+05:30 DEBUG 2600 --- [aplus-kids-api] [   scheduling-1] org.hibernate.SQL                        : select kcwace1_0.id,kcwace1_0.access_token_encrypted,kcwace1_0.business_account_id,kcwace1_0.graph_api_version,kcwace1_0.last_test_message,kcwace1_0.last_test_status,kcwace1_0.last_tested_at,kcwace1_0.phone_number_id,kcwace1_0.updated_at from kids_champ_whatsapp_config kcwace1_0 where kcwace1_0.id=?
2026-08-13T19:52:05.788+05:30 DEBUG 2600 --- [aplus-kids-api] [   scheduling-1] org.hibernate.SQL                        : select kcwace1_0.id,kcwace1_0.access_token_encrypted,kcwace1_0.business_account_id,kcwace1_0.graph_api_version,kcwace1_0.last_test_message,kcwace1_0.last_test_status,kcwace1_0.last_tested_at,kcwace1_0.phone_number_id,kcwace1_0.updated_at from kids_champ_whatsapp_config kcwace1_0 where kcwace1_0.id=?
2026-08-13T19:52:07.088+05:30 DEBUG 2600 --- [aplus-kids-api] [   scheduling-1] org.hibernate.SQL                        : select kcwace1_0.id,kcwace1_0.access_token_encrypted,kcwace1_0.business_account_id,kcwace1_0.graph_api_version,kcwace1_0.last_test_message,kcwace1_0.last_test_status,kcwace1_0.last_tested_at,kcwace1_0.phone_number_id,kcwace1_0.updated_at from kids_champ_whatsapp_config kcwace1_0 where kcwace1_0.id=?
2026-08-13T19:52:08.120+05:30 DEBUG 2600 --- [aplus-kids-api] [   scheduling-1] org.hibernate.SQL                        : select kcwace1_0.id,kcwace1_0.access_token_encrypted,kcwace1_0.business_account_id,kcwace1_0.graph_api_version,kcwace1_0.last_test_message,kcwace1_0.last_test_status,kcwace1_0.last_tested_at,kcwace1_0.phone_number_id,kcwace1_0.updated_at from kids_champ_whatsapp_config kcwace1_0 where kcwace1_0.id=?
2026-08-13T19:52:09.156+05:30 DEBUG 2600 --- [aplus-kids-api] [   scheduling-1] org.hibernate.SQL                        : select kcwace1_0.id,kcwace1_0.access_token_encrypted,kcwace1_0.business_account_id,kcwace1_0.graph_api_version,kcwace1_0.last_test_message,kcwace1_0.last_test_status,kcwace1_0.last_tested_at,kcwace1_0.phone_number_id,kcwace1_0.updated_at from kids_champ_whatsapp_config kcwace1_0 where kcwace1_0.id=?
2026-08-13T19:52:10.172+05:30 DEBUG 2600 --- [aplus-kids-api] [   scheduling-1] org.hibernate.SQL                        : select kcwace1_0.id,kcwace1_0.access_token_encrypted,kcwace1_0.business_account_id,kcwace1_0.graph_api_version,kcwace1_0.last_test_message,kcwace1_0.last_test_status,kcwace1_0.last_tested_at,kcwace1_0.phone_number_id,kcwace1_0.updated_at from kids_champ_whatsapp_config kcwace1_0 where kcwace1_0.id=?
2026-08-13T19:52:11.189+05:30 DEBUG 2600 --- [aplus-kids-api] [   scheduling-1] org.hibernate.SQL                        : select kcwace1_0.id,kcwace1_0.access_token_encrypted,kcwace1_0.business_account_id,kcwace1_0.graph_api_version,kcwace1_0.last_test_message,kcwace1_0.last_test_status,kcwace1_0.last_tested_at,kcwace1_0.phone_number_id,kcwace1_0.updated_at from kids_champ_whatsapp_config kcwace1_0 where kcwace1_0.id=?
2026-08-13T19:52:12.538+05:30 DEBUG 2600 --- [aplus-kids-api] [   scheduling-1] org.hibernate.SQL                        : select kcwace1_0.id,kcwace1_0.access_token_encrypted,kcwace1_0.business_account_id,kcwace1_0.graph_api_version,kcwace1_0.last_test_message,kcwace1_0.last_test_status,kcwace1_0.last_tested_at,kcwace1_0.phone_number_id,kcwace1_0.updated_at from kids_champ_whatsapp_config kcwace1_0 where kcwace1_0.id=?
2026-08-13T19:52:13.623+05:30 DEBUG 2600 --- [aplus-kids-api] [   scheduling-1] org.hibernate.SQL                        : select kcwace1_0.id,kcwace1_0.access_token_encrypted,kcwace1_0.business_account_id,kcwace1_0.graph_api_version,kcwace1_0.last_test_message,kcwace1_0.last_test_status,kcwace1_0.last_tested_at,kcwace1_0.phone_number_id,kcwace1_0.updated_at from kids_champ_whatsapp_config kcwace1_0 where kcwace1_0.id=?
2026-08-13T19:52:14.673+05:30 DEBUG 2600 --- [aplus-kids-api] [   scheduling-1] org.hibernate.SQL                        : select kcwace1_0.id,kcwace1_0.access_token_encrypted,kcwace1_0.business_account_id,kcwace1_0.graph_api_version,kcwace1_0.last_test_message,kcwace1_0.last_test_status,kcwace1_0.last_tested_at,kcwace1_0.phone_number_id,kcwace1_0.updated_at from kids_champ_whatsapp_config kcwace1_0 where kcwace1_0.id=?
2026-08-13T19:52:15.689+05:30 DEBUG 2600 --- [aplus-kids-api] [   scheduling-1] org.hibernate.SQL                        : select kcwace1_0.id,kcwace1_0.access_token_encrypted,kcwace1_0.business_account_id,kcwace1_0.graph_api_version,kcwace1_0.last_test_message,kcwace1_0.last_test_status,kcwace1_0.last_tested_at,kcwace1_0.phone_number_id,kcwace1_0.updated_at from kids_champ_whatsapp_config kcwace1_0 where kcwace1_0.id=?
2026-08-13T19:52:16.706+05:30 DEBUG 2600 --- [aplus-kids-api] [   scheduling-1] org.hibernate.SQL                        : select kcwace1_0.id,kcwace1_0.access_token_encrypted,kcwace1_0.business_account_id,kcwace1_0.graph_api_version,kcwace1_0.last_test_message,kcwace1_0.last_test_status,kcwace1_0.last_tested_at,kcwace1_0.phone_number_id,kcwace1_0.updated_at from kids_champ_whatsapp_config kcwace1_0 where kcwace1_0.id=?
2026-08-13T19:52:18.289+05:30 DEBUG 2600 --- [aplus-kids-api] [   scheduling-1] org.hibernate.SQL                        : select kcwace1_0.id,kcwace1_0.access_token_encrypted,kcwace1_0.business_account_id,kcwace1_0.graph_api_version,kcwace1_0.last_test_message,kcwace1_0.last_test_status,kcwace1_0.last_tested_at,kcwace1_0.phone_number_id,kcwace1_0.updated_at from kids_champ_whatsapp_config kcwace1_0 where kcwace1_0.id=?
2026-08-13T19:52:19.306+05:30 DEBUG 2600 --- [aplus-kids-api] [   scheduling-1] org.hibernate.SQL                        : select kcwace1_0.id,kcwace1_0.access_token_encrypted,kcwace1_0.business_account_id,kcwace1_0.graph_api_version,kcwace1_0.last_test_message,kcwace1_0.last_test_status,kcwace1_0.last_tested_at,kcwace1_0.phone_number_id,kcwace1_0.updated_at from kids_champ_whatsapp_config kcwace1_0 where kcwace1_0.id=?
2026-08-13T19:52:20.324+05:30 DEBUG 2600 --- [aplus-kids-api] [   scheduling-1] org.hibernate.SQL                        : select kcwace1_0.id,kcwace1_0.access_token_encrypted,kcwace1_0.business_account_id,kcwace1_0.graph_api_version,kcwace1_0.last_test_message,kcwace1_0.last_test_status,kcwace1_0.last_tested_at,kcwace1_0.phone_number_id,kcwace1_0.updated_at from kids_champ_whatsapp_config kcwace1_0 where kcwace1_0.id=?
2026-08-13T19:52:21.340+05:30 DEBUG 2600 --- [aplus-kids-api] [   scheduling-1] org.hibernate.SQL                        : select kcwace1_0.id,kcwace1_0.access_token_encrypted,kcwace1_0.business_account_id,kcwace1_0.graph_api_version,kcwace1_0.last_test_message,kcwace1_0.last_test_status,kcwace1_0.last_tested_at,kcwace1_0.phone_number_id,kcwace1_0.updated_at from kids_champ_whatsapp_config kcwace1_0 where kcwace1_0.id=?
2026-08-13T19:52:22.357+05:30 DEBUG 2600 --- [aplus-kids-api] [   scheduling-1] org.hibernate.SQL                        : select kcwace1_0.id,kcwace1_0.access_token_encrypted,kcwace1_0.business_account_id,kcwace1_0.graph_api_version,kcwace1_0.last_test_message,kcwace1_0.last_test_status,kcwace1_0.last_tested_at,kcwace1_0.phone_number_id,kcwace1_0.updated_at from kids_champ_whatsapp_config kcwace1_0 where kcwace1_0.id=?
2026-08-13T19:52:23.374+05:30 DEBUG 2600 --- [aplus-kids-api] [   scheduling-1] org.hibernate.SQL                        : select kcwace1_0.id,kcwace1_0.access_token_encrypted,kcwace1_0.business_account_id,kcwace1_0.graph_api_version,kcwace1_0.last_test_message,kcwace1_0.last_test_status,kcwace1_0.last_tested_at,kcwace1_0.phone_number_id,kcwace1_0.updated_at from kids_champ_whatsapp_config kcwace1_0 where kcwace1_0.id=?
2026-08-13T19:52:24.557+05:30 DEBUG 2600 --- [aplus-kids-api] [   scheduling-1] org.hibernate.SQL                        : select kcwace1_0.id,kcwace1_0.access_token_encrypted,kcwace1_0.business_account_id,kcwace1_0.graph_api_version,kcwace1_0.last_test_message,kcwace1_0.last_test_status,kcwace1_0.last_tested_at,kcwace1_0.phone_number_id,kcwace1_0.updated_at from kids_champ_whatsapp_config kcwace1_0 where kcwace1_0.id=?
2026-08-13T19:52:25.574+05:30 DEBUG 2600 --- [aplus-kids-api] [   scheduling-1] org.hibernate.SQL                        : select kcwace1_0.id,kcwace1_0.access_token_encrypted,kcwace1_0.business_account_id,kcwace1_0.graph_api_version,kcwace1_0.last_test_message,kcwace1_0.last_test_status,kcwace1_0.last_tested_at,kcwace1_0.phone_number_id,kcwace1_0.updated_at from kids_champ_whatsapp_config kcwace1_0 where kcwace1_0.id=?
2026-08-13T19:52:26.589+05:30 DEBUG 2600 --- [aplus-kids-api] [   scheduling-1] org.hibernate.SQL                        : select kcwace1_0.id,kcwace1_0.access_token_encrypted,kcwace1_0.business_account_id,kcwace1_0.graph_api_version,kcwace1_0.last_test_message,kcwace1_0.last_test_status,kcwace1_0.last_tested_at,kcwace1_0.phone_number_id,kcwace1_0.updated_at from kids_champ_whatsapp_config kcwace1_0 where kcwace1_0.id=?
2026-08-13T19:52:27.606+05:30 DEBUG 2600 --- [aplus-kids-api] [   scheduling-1] org.hibernate.SQL                        : select kcwace1_0.id,kcwace1_0.access_token_encrypted,kcwace1_0.business_account_id,kcwace1_0.graph_api_version,kcwace1_0.last_test_message,kcwace1_0.last_test_status,kcwace1_0.last_tested_at,kcwace1_0.phone_number_id,kcwace1_0.updated_at from kids_champ_whatsapp_config kcwace1_0 where kcwace1_0.id=?
2026-08-13T19:52:28.623+05:30 DEBUG 2600 --- [aplus-kids-api] [   scheduling-1] org.hibernate.SQL                        : select kcwace1_0.id,kcwace1_0.access_token_encrypted,kcwace1_0.business_account_id,kcwace1_0.graph_api_version,kcwace1_0.last_test_message,kcwace1_0.last_test_status,kcwace1_0.last_tested_at,kcwace1_0.phone_number_id,kcwace1_0.updated_at from kids_champ_whatsapp_config kcwace1_0 where kcwace1_0.id=?
2026-08-13T19:52:29.640+05:30 DEBUG 2600 --- [aplus-kids-api] [   scheduling-1] org.hibernate.SQL                        : select kcwace1_0.id,kcwace1_0.access_token_encrypted,kcwace1_0.business_account_id,kcwace1_0.graph_api_version,kcwace1_0.last_test_message,kcwace1_0.last_test_status,kcwace1_0.last_tested_at,kcwace1_0.phone_number_id,kcwace1_0.updated_at from kids_champ_whatsapp_config kcwace1_0 where kcwace1_0.id=?
2026-08-13T19:52:30.655+05:30 DEBUG 2600 --- [aplus-kids-api] [   scheduling-1] org.hibernate.SQL                        : select kcwace1_0.id,kcwace1_0.access_token_encrypted,kcwace1_0.business_account_id,kcwace1_0.graph_api_version,kcwace1_0.last_test_message,kcwace1_0.last_test_status,kcwace1_0.last_tested_at,kcwace1_0.phone_number_id,kcwace1_0.updated_at from kids_champ_whatsapp_config kcwace1_0 where kcwace1_0.id=?
2026-08-13T19:52:31.672+05:30 DEBUG 2600 --- [aplus-kids-api] [   scheduling-1] org.hibernate.SQL                        : select kcwace1_0.id,kcwace1_0.access_token_encrypted,kcwace1_0.business_account_id,kcwace1_0.graph_api_version,kcwace1_0.last_test_message,kcwace1_0.last_test_status,kcwace1_0.last_tested_at,kcwace1_0.phone_number_id,kcwace1_0.updated_at from kids_champ_whatsapp_config kcwace1_0 where kcwace1_0.id=?
2026-08-13T19:52:32.773+05:30 DEBUG 2600 --- [aplus-kids-api] [   scheduling-1] org.hibernate.SQL                        : select kcwace1_0.id,kcwace1_0.access_token_encrypted,kcwace1_0.business_account_id,kcwace1_0.graph_api_version,kcwace1_0.last_test_message,kcwace1_0.last_test_status,kcwace1_0.last_tested_at,kcwace1_0.phone_number_id,kcwace1_0.updated_at from kids_champ_whatsapp_config kcwace1_0 where kcwace1_0.id=?
2026-08-13T19:52:33.788+05:30 DEBUG 2600 --- [aplus-kids-api] [   scheduling-1] org.hibernate.SQL                        : select kcwace1_0.id,kcwace1_0.access_token_encrypted,kcwace1_0.business_account_id,kcwace1_0.graph_api_version,kcwace1_0.last_test_message,kcwace1_0.last_test_status,kcwace1_0.last_tested_at,kcwace1_0.phone_number_id,kcwace1_0.updated_at from kids_champ_whatsapp_config kcwace1_0 where kcwace1_0.id=?
2026-08-13T19:52:34.806+05:30 DEBUG 2600 --- [aplus-kids-api] [   scheduling-1] org.hibernate.SQL                        : select kcwace1_0.id,kcwace1_0.access_token_encrypted,kcwace1_0.business_account_id,kcwace1_0.graph_api_version,kcwace1_0.last_test_message,kcwace1_0.last_test_status,kcwace1_0.last_tested_at,kcwace1_0.phone_number_id,kcwace1_0.updated_at from kids_champ_whatsapp_config kcwace1_0 where kcwace1_0.id=?
2026-08-13T19:52:35.822+05:30 DEBUG 2600 --- [aplus-kids-api] [   scheduling-1] org.hibernate.SQL                        : select kcwace1_0.id,kcwace1_0.access_token_encrypted,kcwace1_0.business_account_id,kcwace1_0.graph_api_version,kcwace1_0.last_test_message,kcwace1_0.last_test_status,kcwace1_0.last_tested_at,kcwace1_0.phone_number_id,kcwace1_0.updated_at from kids_champ_whatsapp_config kcwace1_0 where kcwace1_0.id=?
2026-08-13T19:52:36.839+05:30 DEBUG 2600 --- [aplus-kids-api] [   scheduling-1] org.hibernate.SQL                        : select kcwace1_0.id,kcwace1_0.access_token_encrypted,kcwace1_0.business_account_id,kcwace1_0.graph_api_version,kcwace1_0.last_test_message,kcwace1_0.last_test_status,kcwace1_0.last_tested_at,kcwace1_0.phone_number_id,kcwace1_0.updated_at from kids_champ_whatsapp_config kcwace1_0 where kcwace1_0.id=?
[INFO] ------------------------------------------------------------------------
[INFO] BUILD FAILURE
[INFO] ------------------------------------------------------------------------
[INFO] Total time:  08:57 min
[INFO] Finished at: 2026-08-13T19:52:37+05:30
[INFO] ------------------------------------------------------------------------
[ERROR] Failed to execute goal org.springframework.boot:spring-boot-maven-plugin:4.1.0:run (default-cli) on project aplus-kids-api: Process terminated with exit code: -1 -> [Help 1]
[ERROR] 
[ERROR] To see the full stack trace of the errors, re-run Maven with the -e switch.
[ERROR] Re-run Maven using the -X switch to enable full debug logging.
[ERROR] 
[ERROR] For more information about the errors and possible solutions, please read the following articles:
[ERROR] [Help 1] http://cwiki.apache.org/confluence/display/MAVEN/MojoExecutionException
